

HI-TECH Software PIC LITE Macro Assembler V9.83 build 10920 
                                                                                               Fri Mar 14 20:17:55 2025

HI-TECH Software Omniscient Code Generator (Lite mode) build 10920
     1  0000                     opt subtitle "HI-TECH Software Omniscient Code Generator (Lite mode) build 10920"
     2                           
     3                           opt pagewidth 120
     4                           
     5                           	opt lm
     6                           
     7                           	processor	16F1829
     8                           clrc	macro
     9                           	bcf	3,0
    10  0000                     	endm
    11                           clrz	macro
    12                           	bcf	3,2
    13  0000                     	endm
    14                           setc	macro
    15                           	bsf	3,0
    16  0000                     	endm
    17                           setz	macro
    18                           	bsf	3,2
    19  0000                     	endm
    20                           skipc	macro
    21                           	btfss	3,0
    22  0000                     	endm
    23                           skipz	macro
    24                           	btfss	3,2
    25  0000                     	endm
    26                           skipnc	macro
    27                           	btfsc	3,0
    28  0000                     	endm
    29                           skipnz	macro
    30                           	btfsc	3,2
    31  0000                     	endm
    32  0000                     indf	equ	0
    33  0000                     indf0	equ	0
    34  0001                     indf1	equ	1
    35  0002                     pc	equ	2
    36  0002                     pcl	equ	2
    37  0003                     status	equ	3
    38  0004                     fsr0l	equ	4
    39  0005                     fsr0h	equ	5
    40  0006                     fsr1l	equ	6
    41  0007                     fsr1h	equ	7
    42  0008                     bsr	equ	8
    43  0009                     wreg	equ	9
    44  000B                     intcon	equ	11
    45  0001                     c	equ	1
    46  0000                     z	equ	0
    47  000A                     pclath	equ	10
    48                           # 12 "D:\project\baratheon-winnie\baratheon\Hardware.c"
    49                           	psect config,class=CONFIG,delta=2 ;#
    50                           # 12 "D:\project\baratheon-winnie\baratheon\Hardware.c"
    51  8007  0F9C               	dw 0X0F9C ;#
    52                           # 18 "D:\project\baratheon-winnie\baratheon\Hardware.c"
    53                           	psect config,class=CONFIG,delta=2 ;#
    54                           # 18 "D:\project\baratheon-winnie\baratheon\Hardware.c"
    55  8008  3FFC               	dw 0X3FFC ;#
    56                           # 14 "D:\project\baratheon-winnie\baratheon\Service.c"
    57                           	psect eeprom_data,class=EEDATA,delta=2,space=2 ;#
    58                           # 14 "D:\project\baratheon-winnie\baratheon\Service.c"
    59  0000  0042 0041 0052     	db	'B','A','R',220>>8,220&255,0X00,0X00,0X01 ;#
              0000 00DC 0000     
              0000 0001          
    60                           # 23 "D:\project\baratheon-winnie\baratheon\Service.c"
    61                           	psect eeprom_data,class=EEDATA,delta=2,space=2 ;#
    62                           # 23 "D:\project\baratheon-winnie\baratheon\Service.c"
    63  0008  0049 0005 0096     	db	0X49,0X05,0X96,0X2D,0X00,0X00,0X01,0X49 ;#
              002D 0000 0000     
              0001 0049          
    64                           # 32 "D:\project\baratheon-winnie\baratheon\Service.c"
    65                           	psect eeprom_data,class=EEDATA,delta=2,space=2 ;#
    66                           # 32 "D:\project\baratheon-winnie\baratheon\Service.c"
    67  0010  0005 0096 002D     	db	0X05,0X96,0X2D,0,'.',2,'.',5 ;#
              0000 002E 0002     
              002E 0005          
    68                           # 41 "D:\project\baratheon-winnie\baratheon\Service.c"
    69                           	psect eeprom_data,class=EEDATA,delta=2,space=2 ;#
    70                           # 41 "D:\project\baratheon-winnie\baratheon\Service.c"
    71  0018  0000 0000 0000     	db	0,0,0,0,0,0,0,0 ;#
              0000 0000 0000     
              0000 0000          
    72                           # 50 "D:\project\baratheon-winnie\baratheon\Service.c"
    73                           	psect eeprom_data,class=EEDATA,delta=2,space=2 ;#
    74                           # 50 "D:\project\baratheon-winnie\baratheon\Service.c"
    75  0020  0000 0000 0000     	db	0,0,0,0,0,0,0,0 ;#
              0000 0000 0000     
              0000 0000          
    76                           # 51 "D:\project\baratheon-winnie\baratheon\Service.c"
    77                           	psect eeprom_data,class=EEDATA,delta=2,space=2 ;#
    78                           # 51 "D:\project\baratheon-winnie\baratheon\Service.c"
    79  0028  0000 0000 0000     	db	0,0,0,0,0,0,0,0 ;#
              0000 0000 0000     
              0000 0000          
    80                           # 52 "D:\project\baratheon-winnie\baratheon\Service.c"
    81                           	psect eeprom_data,class=EEDATA,delta=2,space=2 ;#
    82                           # 52 "D:\project\baratheon-winnie\baratheon\Service.c"
    83  0030  0000 0000 0000     	db	0,0,0,0,0,0,0,0 ;#
              0000 0000 0000     
              0000 0000          
    84                           # 53 "D:\project\baratheon-winnie\baratheon\Service.c"
    85                           	psect eeprom_data,class=EEDATA,delta=2,space=2 ;#
    86                           # 53 "D:\project\baratheon-winnie\baratheon\Service.c"
    87  0038  0000 0000 0000     	db	0,0,0,0,0,0,0,0 ;#
              0000 0000 0000     
              0000 0000          
    88                           # 54 "D:\project\baratheon-winnie\baratheon\Service.c"
    89                           	psect eeprom_data,class=EEDATA,delta=2,space=2 ;#
    90                           # 54 "D:\project\baratheon-winnie\baratheon\Service.c"
    91  0040  0000 0000 0000     	db	0,0,0,0,0,0,0,0 ;#
              0000 0000 0000     
              0000 0000          
    92                           # 55 "D:\project\baratheon-winnie\baratheon\Service.c"
    93                           	psect eeprom_data,class=EEDATA,delta=2,space=2 ;#
    94                           # 55 "D:\project\baratheon-winnie\baratheon\Service.c"
    95  0048  0000 0000 0000     	db	0,0,0,0,0,0,0,0 ;#
              0000 0000 0000     
              0000 0000          
    96                           # 56 "D:\project\baratheon-winnie\baratheon\Service.c"
    97                           	psect eeprom_data,class=EEDATA,delta=2,space=2 ;#
    98                           # 56 "D:\project\baratheon-winnie\baratheon\Service.c"
    99  0050  0000 0000 0000     	db	0,0,0,0,0,0,0,0 ;#
              0000 0000 0000     
              0000 0000          
   100                           # 57 "D:\project\baratheon-winnie\baratheon\Service.c"
   101                           	psect eeprom_data,class=EEDATA,delta=2,space=2 ;#
   102                           # 57 "D:\project\baratheon-winnie\baratheon\Service.c"
   103  0058  0000 0000 0000     	db	0,0,0,0,0,0,0,0 ;#
              0000 0000 0000     
              0000 0000          
   104                           # 58 "D:\project\baratheon-winnie\baratheon\Service.c"
   105                           	psect eeprom_data,class=EEDATA,delta=2,space=2 ;#
   106                           # 58 "D:\project\baratheon-winnie\baratheon\Service.c"
   107  0060  0000 0000 0000     	db	0,0,0,0,0,0,0,0 ;#
              0000 0000 0000     
              0000 0000          
   108                           # 59 "D:\project\baratheon-winnie\baratheon\Service.c"
   109                           	psect eeprom_data,class=EEDATA,delta=2,space=2 ;#
   110                           # 59 "D:\project\baratheon-winnie\baratheon\Service.c"
   111  0068  0000 0000 0000     	db	0,0,0,0,0,0,0,0 ;#
              0000 0000 0000     
              0000 0000          
   112                           # 60 "D:\project\baratheon-winnie\baratheon\Service.c"
   113                           	psect eeprom_data,class=EEDATA,delta=2,space=2 ;#
   114                           # 60 "D:\project\baratheon-winnie\baratheon\Service.c"
   115  0070  0000 0000 0000     	db	0,0,0,0,0,0,0,0 ;#
              0000 0000 0000     
              0000 0000          
   116                           # 61 "D:\project\baratheon-winnie\baratheon\Service.c"
   117                           	psect eeprom_data,class=EEDATA,delta=2,space=2 ;#
   118                           # 61 "D:\project\baratheon-winnie\baratheon\Service.c"
   119  0078  0000 0000 0000     	db	0,0,0,0,0,0,0,0 ;#
              0000 0000 0000     
              0000 0000          
   120                           # 62 "D:\project\baratheon-winnie\baratheon\Service.c"
   121                           	psect eeprom_data,class=EEDATA,delta=2,space=2 ;#
   122                           # 62 "D:\project\baratheon-winnie\baratheon\Service.c"
   123  0080  0000 0000 0000     	db	0,0,0,0,0,0,0,0 ;#
              0000 0000 0000     
              0000 0000          
   124                           # 63 "D:\project\baratheon-winnie\baratheon\Service.c"
   125                           	psect eeprom_data,class=EEDATA,delta=2,space=2 ;#
   126                           # 63 "D:\project\baratheon-winnie\baratheon\Service.c"
   127  0088  0000 0000 0000     	db	0,0,0,0,0,0,0,0 ;#
              0000 0000 0000     
              0000 0000          
   128                           # 64 "D:\project\baratheon-winnie\baratheon\Service.c"
   129                           	psect eeprom_data,class=EEDATA,delta=2,space=2 ;#
   130                           # 64 "D:\project\baratheon-winnie\baratheon\Service.c"
   131  0090  0000 0000 0000     	db	0,0,0,0,0,0,0,0 ;#
              0000 0000 0000     
              0000 0000          
   132                           # 65 "D:\project\baratheon-winnie\baratheon\Service.c"
   133                           	psect eeprom_data,class=EEDATA,delta=2,space=2 ;#
   134                           # 65 "D:\project\baratheon-winnie\baratheon\Service.c"
   135  0098  0000 0000 0000     	db	0,0,0,0,0,0,0,0 ;#
              0000 0000 0000     
              0000 0000          
   136                           # 66 "D:\project\baratheon-winnie\baratheon\Service.c"
   137                           	psect eeprom_data,class=EEDATA,delta=2,space=2 ;#
   138                           # 66 "D:\project\baratheon-winnie\baratheon\Service.c"
   139  00A0  0000 0000 0000     	db	0,0,0,0,0,0,0,0 ;#
              0000 0000 0000     
              0000 0000          
   140                           # 67 "D:\project\baratheon-winnie\baratheon\Service.c"
   141                           	psect eeprom_data,class=EEDATA,delta=2,space=2 ;#
   142                           # 67 "D:\project\baratheon-winnie\baratheon\Service.c"
   143  00A8  0000 0000 0000     	db	0,0,0,0,0,0,0,0 ;#
              0000 0000 0000     
              0000 0000          
   144                           # 68 "D:\project\baratheon-winnie\baratheon\Service.c"
   145                           	psect eeprom_data,class=EEDATA,delta=2,space=2 ;#
   146                           # 68 "D:\project\baratheon-winnie\baratheon\Service.c"
   147  00B0  0000 0000 0000     	db	0,0,0,0,0,0,0,0 ;#
              0000 0000 0000     
              0000 0000          
   148                           # 69 "D:\project\baratheon-winnie\baratheon\Service.c"
   149                           	psect eeprom_data,class=EEDATA,delta=2,space=2 ;#
   150                           # 69 "D:\project\baratheon-winnie\baratheon\Service.c"
   151  00B8  0000 0000 0000     	db	0,0,0,0,0,0,0,0 ;#
              0000 0000 0000     
              0000 0000          
   152                           # 70 "D:\project\baratheon-winnie\baratheon\Service.c"
   153                           	psect eeprom_data,class=EEDATA,delta=2,space=2 ;#
   154                           # 70 "D:\project\baratheon-winnie\baratheon\Service.c"
   155  00C0  0000 0000 0000     	db	0,0,0,0,0,0,0,0 ;#
              0000 0000 0000     
              0000 0000          
   156                           # 71 "D:\project\baratheon-winnie\baratheon\Service.c"
   157                           	psect eeprom_data,class=EEDATA,delta=2,space=2 ;#
   158                           # 71 "D:\project\baratheon-winnie\baratheon\Service.c"
   159  00C8  0000 0000 0000     	db	0,0,0,0,0,0,0,0 ;#
              0000 0000 0000     
              0000 0000          
   160                           # 72 "D:\project\baratheon-winnie\baratheon\Service.c"
   161                           	psect eeprom_data,class=EEDATA,delta=2,space=2 ;#
   162                           # 72 "D:\project\baratheon-winnie\baratheon\Service.c"
   163  00D0  0000 0000 0000     	db	0,0,0,0,0,0,0,0 ;#
              0000 0000 0000     
              0000 0000          
   164                           # 73 "D:\project\baratheon-winnie\baratheon\Service.c"
   165                           	psect eeprom_data,class=EEDATA,delta=2,space=2 ;#
   166                           # 73 "D:\project\baratheon-winnie\baratheon\Service.c"
   167  00D8  0000 0000 0000     	db	0,0,0,0,0,0,0,0 ;#
              0000 0000 0000     
              0000 0000          
   168                           # 74 "D:\project\baratheon-winnie\baratheon\Service.c"
   169                           	psect eeprom_data,class=EEDATA,delta=2,space=2 ;#
   170                           # 74 "D:\project\baratheon-winnie\baratheon\Service.c"
   171  00E0  0000 0000 0000     	db	0,0,0,0,0,0,0,0 ;#
              0000 0000 0000     
              0000 0000          
   172                           # 75 "D:\project\baratheon-winnie\baratheon\Service.c"
   173                           	psect eeprom_data,class=EEDATA,delta=2,space=2 ;#
   174                           # 75 "D:\project\baratheon-winnie\baratheon\Service.c"
   175  00E8  0000 0000 0000     	db	0,0,0,0,0,0,0,0 ;#
              0000 0000 0000     
              0000 0000          
   176                           # 76 "D:\project\baratheon-winnie\baratheon\Service.c"
   177                           	psect eeprom_data,class=EEDATA,delta=2,space=2 ;#
   178                           # 76 "D:\project\baratheon-winnie\baratheon\Service.c"
   179  00F0  0000 0000 0000     	db	0,0,0,0,0,0,0,0 ;#
              0000 0000 0000     
              0000 0000          
   180                           # 77 "D:\project\baratheon-winnie\baratheon\Service.c"
   181                           	psect eeprom_data,class=EEDATA,delta=2,space=2 ;#
   182                           # 77 "D:\project\baratheon-winnie\baratheon\Service.c"
   183  00F8  0000 0000 0000     	db	0,0,0,0,0,0,20,0 ;#
              0000 0000 0000     
              0014 0000          
   184                           	FNCALL	_main,_MCU_Init
   185                           	FNCALL	_main,_COM_Init
   186                           	FNCALL	_main,_MTR_Init
   187                           	FNCALL	_main,_SYS_Init
   188                           	FNCALL	_main,_SVC_Init
   189                           	FNCALL	_main,_MCU_Refresh
   190                           	FNCALL	_main,_COM_Ctrl
   191                           	FNCALL	_main,_MTR_Ctrl
   192                           	FNCALL	_main,_SYS_Ctrl
   193                           	FNCALL	_main,_SVC_Ctrl
   194                           	FNCALL	_MTR_Ctrl,_CAL_MtrTemp
   195                           	FNCALL	_MTR_Ctrl,_CAL_MtrCurrent
   196                           	FNCALL	_MTR_Ctrl,_CAL_MtrSpeed
   197                           	FNCALL	_MTR_Ctrl,_CAL_AcPeriod
   198                           	FNCALL	_MTR_Ctrl,_CAL_MtrError
   199                           	FNCALL	_MTR_Ctrl,_MTR_Driver
   200                           	FNCALL	_MTR_Driver,___wmul
   201                           	FNCALL	_MTR_Driver,_PID_CAL
   202                           	FNCALL	_MTR_Driver,_PID_LIM
   203                           	FNCALL	_SVC_Ctrl,_SVC_Timer
   204                           	FNCALL	_SVC_Ctrl,_REC_SpeedWorking
   205                           	FNCALL	_SVC_Ctrl,_REC_WorkingPower
   206                           	FNCALL	_SVC_Ctrl,_REC_WorkingTemp
   207                           	FNCALL	_SVC_Ctrl,_REC_Faults
   208                           	FNCALL	_SVC_Ctrl,_E2P_WR
   209                           	FNCALL	_SYS_Ctrl,_CAL_MtrLevel
   210                           	FNCALL	_SYS_Ctrl,_CAL_TuneValue
   211                           	FNCALL	_SVC_Init,_E2P_RD
   212                           	FNCALL	_SVC_Init,_MEM_Cmp
   213                           	FNCALL	_COM_Ctrl,_COM_Print
   214                           	FNCALL	_COM_Ctrl,_SRL_Putc
   215                           	FNCALL	_COM_Ctrl,_E2P_ReadByte
   216                           	FNCALL	_REC_Faults,_MEM_Cpy
   217                           	FNCALL	_REC_SpeedWorking,_H1M1S1_ADD
   218                           	FNCALL	_REC_SpeedWorking,_H1M1S1_SUB
   219                           	FNCALL	_REC_SpeedWorking,_MEM_Cpy
   220                           	FNCALL	_REC_SpeedWorking,_H2M1S1_ADD
   221                           	FNCALL	_SVC_Timer,_H3M1_ADD
   222                           	FNCALL	_SVC_Timer,_MEM_Cpy
   223                           	FNCALL	_E2P_WR,_E2P_ReadByte
   224                           	FNCALL	_E2P_WR,_E2P_WriteByte
   225                           	FNCALL	_E2P_RD,_E2P_ReadByte
   226                           	FNCALL	_CAL_TuneValue,_SVC_SetTuneValue
   227                           	FNCALL	_CAL_MtrLevel,_SVC_GetTuneValue
   228                           	FNCALL	_PID_CAL,___lmul
   229                           	FNCALL	_CAL_MtrSpeed,___lmul
   230                           	FNCALL	_CAL_MtrSpeed,___lldiv
   231                           	FNCALL	_CAL_MtrCurrent,_SQRT32
   232                           	FNCALL	_CAL_MtrCurrent,___lmul
   233                           	FNCALL	_CAL_MtrCurrent,___lldiv
   234                           	FNCALL	_COM_Print,___lwdiv
   235                           	FNCALL	_COM_Print,_SRL_Putc
   236                           	FNCALL	_COM_Print,___lwmod
   237                           	FNROOT	_main
   238                           	FNCALL	intlevel1,_INTSR
   239                           	global	intlevel1
   240                           	FNROOT	intlevel1
   241                           	global	_SQ8
   242                           	global	_SQ8_absaddr
   243  1E00                     _SQ8_absaddr	set	0x1E00
   244                           	global	_FLT
   245                           	global	_FLT_absaddr
   246  1D00                     _FLT_absaddr	set	0x1D00
   247                           	global	_ad2tpr
   248                           psect	stringtext,class=STRCODE,delta=2,reloc=256
   249                           global __pstringtext
   250  1000                     __pstringtext:
   251                           	global    __stringtab
   252  1000                     __stringtab:
   253  1000  3400               	retlw	0
   254                           psect	stringtext
   255                           	file	"D:\project\baratheon-winnie\baratheon\Motor.c"
   256                           	line	18
   257  1001                     _ad2tpr:
   258  1001  347F               	retlw	07Fh
   259  1002  347F               	retlw	07Fh
   260  1003  347F               	retlw	07Fh
   261  1004  347F               	retlw	07Fh
   262  1005  347F               	retlw	07Fh
   263  1006  347F               	retlw	07Fh
   264  1007  347F               	retlw	07Fh
   265  1008  347F               	retlw	07Fh
   266  1009  347F               	retlw	07Fh
   267  100A  347F               	retlw	07Fh
   268  100B  347F               	retlw	07Fh
   269  100C  347F               	retlw	07Fh
   270  100D  347F               	retlw	07Fh
   271  100E  347F               	retlw	07Fh
   272  100F  347F               	retlw	07Fh
   273  1010  347F               	retlw	07Fh
   274  1011  347F               	retlw	07Fh
   275  1012  347F               	retlw	07Fh
   276  1013  347F               	retlw	07Fh
   277  1014  347F               	retlw	07Fh
   278  1015  347F               	retlw	07Fh
   279  1016  347F               	retlw	07Fh
   280  1017  347F               	retlw	07Fh
   281  1018  347F               	retlw	07Fh
   282  1019  347F               	retlw	07Fh
   283  101A  347F               	retlw	07Fh
   284  101B  347F               	retlw	07Fh
   285  101C  347F               	retlw	07Fh
   286  101D  347F               	retlw	07Fh
   287  101E  347F               	retlw	07Fh
   288  101F  347F               	retlw	07Fh
   289  1020  347F               	retlw	07Fh
   290  1021  347F               	retlw	07Fh
   291  1022  347F               	retlw	07Fh
   292  1023  347F               	retlw	07Fh
   293  1024  347F               	retlw	07Fh
   294  1025  347F               	retlw	07Fh
   295  1026  347F               	retlw	07Fh
   296  1027  347F               	retlw	07Fh
   297  1028  347F               	retlw	07Fh
   298  1029  347F               	retlw	07Fh
   299  102A  347F               	retlw	07Fh
   300  102B  347F               	retlw	07Fh
   301  102C  347F               	retlw	07Fh
   302  102D  347F               	retlw	07Fh
   303  102E  347F               	retlw	07Fh
   304  102F  347F               	retlw	07Fh
   305  1030  347F               	retlw	07Fh
   306  1031  347F               	retlw	07Fh
   307  1032  347F               	retlw	07Fh
   308  1033  347F               	retlw	07Fh
   309  1034  347F               	retlw	07Fh
   310  1035  347F               	retlw	07Fh
   311  1036  347F               	retlw	07Fh
   312  1037  347F               	retlw	07Fh
   313  1038  347F               	retlw	07Fh
   314  1039  347F               	retlw	07Fh
   315  103A  347F               	retlw	07Fh
   316  103B  347F               	retlw	07Fh
   317  103C  347F               	retlw	07Fh
   318  103D  347F               	retlw	07Fh
   319  103E  347F               	retlw	07Fh
   320  103F  347F               	retlw	07Fh
   321  1040  347F               	retlw	07Fh
   322  1041  347E               	retlw	07Eh
   323  1042  347D               	retlw	07Dh
   324  1043  347C               	retlw	07Ch
   325  1044  347B               	retlw	07Bh
   326  1045  347A               	retlw	07Ah
   327  1046  347A               	retlw	07Ah
   328  1047  3479               	retlw	079h
   329  1048  3478               	retlw	078h
   330  1049  3477               	retlw	077h
   331  104A  3477               	retlw	077h
   332  104B  3476               	retlw	076h
   333  104C  3475               	retlw	075h
   334  104D  3475               	retlw	075h
   335  104E  3474               	retlw	074h
   336  104F  3473               	retlw	073h
   337  1050  3473               	retlw	073h
   338  1051  3472               	retlw	072h
   339  1052  3471               	retlw	071h
   340  1053  3471               	retlw	071h
   341  1054  3470               	retlw	070h
   342  1055  346F               	retlw	06Fh
   343  1056  346F               	retlw	06Fh
   344  1057  346E               	retlw	06Eh
   345  1058  346D               	retlw	06Dh
   346  1059  346D               	retlw	06Dh
   347  105A  346C               	retlw	06Ch
   348  105B  346B               	retlw	06Bh
   349  105C  346B               	retlw	06Bh
   350  105D  346A               	retlw	06Ah
   351  105E  346A               	retlw	06Ah
   352  105F  3469               	retlw	069h
   353  1060  3468               	retlw	068h
   354  1061  3468               	retlw	068h
   355  1062  3467               	retlw	067h
   356  1063  3467               	retlw	067h
   357  1064  3466               	retlw	066h
   358  1065  3466               	retlw	066h
   359  1066  3465               	retlw	065h
   360  1067  3464               	retlw	064h
   361  1068  3464               	retlw	064h
   362  1069  3463               	retlw	063h
   363  106A  3463               	retlw	063h
   364  106B  3462               	retlw	062h
   365  106C  3462               	retlw	062h
   366  106D  3461               	retlw	061h
   367  106E  3461               	retlw	061h
   368  106F  3460               	retlw	060h
   369  1070  3460               	retlw	060h
   370  1071  345F               	retlw	05Fh
   371  1072  345E               	retlw	05Eh
   372  1073  345E               	retlw	05Eh
   373  1074  345D               	retlw	05Dh
   374  1075  345D               	retlw	05Dh
   375  1076  345C               	retlw	05Ch
   376  1077  345C               	retlw	05Ch
   377  1078  345B               	retlw	05Bh
   378  1079  345B               	retlw	05Bh
   379  107A  345A               	retlw	05Ah
   380  107B  345A               	retlw	05Ah
   381  107C  3459               	retlw	059h
   382  107D  3459               	retlw	059h
   383  107E  3458               	retlw	058h
   384  107F  3458               	retlw	058h
   385  1080  3457               	retlw	057h
   386  1081  3457               	retlw	057h
   387  1082  3456               	retlw	056h
   388  1083  3456               	retlw	056h
   389  1084  3455               	retlw	055h
   390  1085  3455               	retlw	055h
   391  1086  3454               	retlw	054h
   392  1087  3454               	retlw	054h
   393  1088  3453               	retlw	053h
   394  1089  3453               	retlw	053h
   395  108A  3452               	retlw	052h
   396  108B  3452               	retlw	052h
   397  108C  3451               	retlw	051h
   398  108D  3451               	retlw	051h
   399  108E  3450               	retlw	050h
   400  108F  3450               	retlw	050h
   401  1090  344F               	retlw	04Fh
   402  1091  344F               	retlw	04Fh
   403  1092  344E               	retlw	04Eh
   404  1093  344E               	retlw	04Eh
   405  1094  344D               	retlw	04Dh
   406  1095  344D               	retlw	04Dh
   407  1096  344C               	retlw	04Ch
   408  1097  344C               	retlw	04Ch
   409  1098  344B               	retlw	04Bh
   410  1099  344B               	retlw	04Bh
   411  109A  344A               	retlw	04Ah
   412  109B  344A               	retlw	04Ah
   413  109C  3449               	retlw	049h
   414  109D  3449               	retlw	049h
   415  109E  3448               	retlw	048h
   416  109F  3448               	retlw	048h
   417  10A0  3447               	retlw	047h
   418  10A1  3447               	retlw	047h
   419  10A2  3446               	retlw	046h
   420  10A3  3446               	retlw	046h
   421  10A4  3445               	retlw	045h
   422  10A5  3445               	retlw	045h
   423  10A6  3444               	retlw	044h
   424  10A7  3444               	retlw	044h
   425  10A8  3443               	retlw	043h
   426  10A9  3443               	retlw	043h
   427  10AA  3442               	retlw	042h
   428  10AB  3442               	retlw	042h
   429  10AC  3441               	retlw	041h
   430  10AD  3441               	retlw	041h
   431  10AE  3440               	retlw	040h
   432  10AF  3440               	retlw	040h
   433  10B0  343F               	retlw	03Fh
   434  10B1  343F               	retlw	03Fh
   435  10B2  343E               	retlw	03Eh
   436  10B3  343E               	retlw	03Eh
   437  10B4  343D               	retlw	03Dh
   438  10B5  343D               	retlw	03Dh
   439  10B6  343C               	retlw	03Ch
   440  10B7  343C               	retlw	03Ch
   441  10B8  343B               	retlw	03Bh
   442  10B9  343B               	retlw	03Bh
   443  10BA  343A               	retlw	03Ah
   444  10BB  343A               	retlw	03Ah
   445  10BC  3439               	retlw	039h
   446  10BD  3438               	retlw	038h
   447  10BE  3438               	retlw	038h
   448  10BF  3437               	retlw	037h
   449  10C0  3437               	retlw	037h
   450  10C1  3436               	retlw	036h
   451  10C2  3436               	retlw	036h
   452  10C3  3435               	retlw	035h
   453  10C4  3435               	retlw	035h
   454  10C5  3434               	retlw	034h
   455  10C6  3433               	retlw	033h
   456  10C7  3433               	retlw	033h
   457  10C8  3432               	retlw	032h
   458  10C9  3432               	retlw	032h
   459  10CA  3431               	retlw	031h
   460  10CB  3430               	retlw	030h
   461  10CC  3430               	retlw	030h
   462  10CD  342F               	retlw	02Fh
   463  10CE  342E               	retlw	02Eh
   464  10CF  342E               	retlw	02Eh
   465  10D0  342D               	retlw	02Dh
   466  10D1  342D               	retlw	02Dh
   467  10D2  342C               	retlw	02Ch
   468  10D3  342B               	retlw	02Bh
   469  10D4  342A               	retlw	02Ah
   470  10D5  342A               	retlw	02Ah
   471  10D6  3429               	retlw	029h
   472  10D7  3428               	retlw	028h
   473  10D8  3428               	retlw	028h
   474  10D9  3427               	retlw	027h
   475  10DA  3426               	retlw	026h
   476  10DB  3425               	retlw	025h
   477  10DC  3425               	retlw	025h
   478  10DD  3424               	retlw	024h
   479  10DE  3423               	retlw	023h
   480  10DF  3422               	retlw	022h
   481  10E0  3421               	retlw	021h
   482  10E1  3421               	retlw	021h
   483  10E2  3420               	retlw	020h
   484  10E3  341F               	retlw	01Fh
   485  10E4  341E               	retlw	01Eh
   486  10E5  341D               	retlw	01Dh
   487  10E6  341C               	retlw	01Ch
   488  10E7  341B               	retlw	01Bh
   489  10E8  341A               	retlw	01Ah
   490  10E9  3419               	retlw	019h
   491  10EA  3418               	retlw	018h
   492  10EB  3417               	retlw	017h
   493  10EC  3415               	retlw	015h
   494  10ED  3414               	retlw	014h
   495  10EE  3413               	retlw	013h
   496  10EF  3412               	retlw	012h
   497  10F0  3410               	retlw	010h
   498  10F1  340F               	retlw	0Fh
   499  10F2  340D               	retlw	0Dh
   500  10F3  340C               	retlw	0Ch
   501  10F4  340A               	retlw	0Ah
   502  10F5  3408               	retlw	08h
   503  10F6  3406               	retlw	06h
   504  10F7  3404               	retlw	04h
   505  10F8  3402               	retlw	02h
   506  10F9  3400               	retlw	0
   507  10FA  3400               	retlw	0
   508  10FB  3400               	retlw	0
   509  10FC  3400               	retlw	0
   510  10FD  3400               	retlw	0
   511  10FE  3400               	retlw	0
   512  10FF  3400               	retlw	0
   513  1100  3400               	retlw	0
   514                           	global	_SQ8
   515                           	global	_SQ8_absaddr
   516  1E00                     _SQ8_absaddr	set	0x1E00
   517                           psect	_SQ8_text,class=CODE,delta=2
   518                           global __p_SQ8_text
   519  1E00                     __p_SQ8_text:
   520  1E00                     _SQ8:
   521  1E00  3400               	retlw	0
   522  1E01  3400               	retlw	0
   523                           
   524  1E02  3401               	retlw	01h
   525  1E03  3400               	retlw	0
   526                           
   527  1E04  3404               	retlw	04h
   528  1E05  3400               	retlw	0
   529                           
   530  1E06  3409               	retlw	09h
   531  1E07  3400               	retlw	0
   532                           
   533  1E08  3410               	retlw	010h
   534  1E09  3400               	retlw	0
   535                           
   536  1E0A  3419               	retlw	019h
   537  1E0B  3400               	retlw	0
   538                           
   539  1E0C  3424               	retlw	024h
   540  1E0D  3400               	retlw	0
   541                           
   542  1E0E  3431               	retlw	031h
   543  1E0F  3400               	retlw	0
   544                           
   545  1E10  3440               	retlw	040h
   546  1E11  3400               	retlw	0
   547                           
   548  1E12  3451               	retlw	051h
   549  1E13  3400               	retlw	0
   550                           
   551  1E14  3464               	retlw	064h
   552  1E15  3400               	retlw	0
   553                           
   554  1E16  3479               	retlw	079h
   555  1E17  3400               	retlw	0
   556                           
   557  1E18  3490               	retlw	090h
   558  1E19  3400               	retlw	0
   559                           
   560  1E1A  34A9               	retlw	0A9h
   561  1E1B  3400               	retlw	0
   562                           
   563  1E1C  34C4               	retlw	0C4h
   564  1E1D  3400               	retlw	0
   565                           
   566  1E1E  34E1               	retlw	0E1h
   567  1E1F  3400               	retlw	0
   568                           
   569  1E20  3400               	retlw	0
   570  1E21  3401               	retlw	01h
   571                           
   572  1E22  3421               	retlw	021h
   573  1E23  3401               	retlw	01h
   574                           
   575  1E24  3444               	retlw	044h
   576  1E25  3401               	retlw	01h
   577                           
   578  1E26  3469               	retlw	069h
   579  1E27  3401               	retlw	01h
   580                           
   581  1E28  3490               	retlw	090h
   582  1E29  3401               	retlw	01h
   583                           
   584  1E2A  34B9               	retlw	0B9h
   585  1E2B  3401               	retlw	01h
   586                           
   587  1E2C  34E4               	retlw	0E4h
   588  1E2D  3401               	retlw	01h
   589                           
   590  1E2E  3411               	retlw	011h
   591  1E2F  3402               	retlw	02h
   592                           
   593  1E30  3440               	retlw	040h
   594  1E31  3402               	retlw	02h
   595                           
   596  1E32  3471               	retlw	071h
   597  1E33  3402               	retlw	02h
   598                           
   599  1E34  34A4               	retlw	0A4h
   600  1E35  3402               	retlw	02h
   601                           
   602  1E36  34D9               	retlw	0D9h
   603  1E37  3402               	retlw	02h
   604                           
   605  1E38  3410               	retlw	010h
   606  1E39  3403               	retlw	03h
   607                           
   608  1E3A  3449               	retlw	049h
   609  1E3B  3403               	retlw	03h
   610                           
   611  1E3C  3484               	retlw	084h
   612  1E3D  3403               	retlw	03h
   613                           
   614  1E3E  34C1               	retlw	0C1h
   615  1E3F  3403               	retlw	03h
   616                           
   617  1E40  3400               	retlw	0
   618  1E41  3404               	retlw	04h
   619                           
   620  1E42  3441               	retlw	041h
   621  1E43  3404               	retlw	04h
   622                           
   623  1E44  3484               	retlw	084h
   624  1E45  3404               	retlw	04h
   625                           
   626  1E46  34C9               	retlw	0C9h
   627  1E47  3404               	retlw	04h
   628                           
   629  1E48  3410               	retlw	010h
   630  1E49  3405               	retlw	05h
   631                           
   632  1E4A  3459               	retlw	059h
   633  1E4B  3405               	retlw	05h
   634                           
   635  1E4C  34A4               	retlw	0A4h
   636  1E4D  3405               	retlw	05h
   637                           
   638  1E4E  34F1               	retlw	0F1h
   639  1E4F  3405               	retlw	05h
   640                           
   641  1E50  3440               	retlw	040h
   642  1E51  3406               	retlw	06h
   643                           
   644  1E52  3491               	retlw	091h
   645  1E53  3406               	retlw	06h
   646                           
   647  1E54  34E4               	retlw	0E4h
   648  1E55  3406               	retlw	06h
   649                           
   650  1E56  3439               	retlw	039h
   651  1E57  3407               	retlw	07h
   652                           
   653  1E58  3490               	retlw	090h
   654  1E59  3407               	retlw	07h
   655                           
   656  1E5A  34E9               	retlw	0E9h
   657  1E5B  3407               	retlw	07h
   658                           
   659  1E5C  3444               	retlw	044h
   660  1E5D  3408               	retlw	08h
   661                           
   662  1E5E  34A1               	retlw	0A1h
   663  1E5F  3408               	retlw	08h
   664                           
   665  1E60  3400               	retlw	0
   666  1E61  3409               	retlw	09h
   667                           
   668  1E62  3461               	retlw	061h
   669  1E63  3409               	retlw	09h
   670                           
   671  1E64  34C4               	retlw	0C4h
   672  1E65  3409               	retlw	09h
   673                           
   674  1E66  3429               	retlw	029h
   675  1E67  340A               	retlw	0Ah
   676                           
   677  1E68  3490               	retlw	090h
   678  1E69  340A               	retlw	0Ah
   679                           
   680  1E6A  34F9               	retlw	0F9h
   681  1E6B  340A               	retlw	0Ah
   682                           
   683  1E6C  3464               	retlw	064h
   684  1E6D  340B               	retlw	0Bh
   685                           
   686  1E6E  34D1               	retlw	0D1h
   687  1E6F  340B               	retlw	0Bh
   688                           
   689  1E70  3440               	retlw	040h
   690  1E71  340C               	retlw	0Ch
   691                           
   692  1E72  34B1               	retlw	0B1h
   693  1E73  340C               	retlw	0Ch
   694                           
   695  1E74  3424               	retlw	024h
   696  1E75  340D               	retlw	0Dh
   697                           
   698  1E76  3499               	retlw	099h
   699  1E77  340D               	retlw	0Dh
   700                           
   701  1E78  3410               	retlw	010h
   702  1E79  340E               	retlw	0Eh
   703                           
   704  1E7A  3489               	retlw	089h
   705  1E7B  340E               	retlw	0Eh
   706                           
   707  1E7C  3404               	retlw	04h
   708  1E7D  340F               	retlw	0Fh
   709                           
   710  1E7E  3481               	retlw	081h
   711  1E7F  340F               	retlw	0Fh
   712                           
   713  1E80  3400               	retlw	0
   714  1E81  3410               	retlw	010h
   715                           
   716  1E82  3481               	retlw	081h
   717  1E83  3410               	retlw	010h
   718                           
   719  1E84  3404               	retlw	04h
   720  1E85  3411               	retlw	011h
   721                           
   722  1E86  3489               	retlw	089h
   723  1E87  3411               	retlw	011h
   724                           
   725  1E88  3410               	retlw	010h
   726  1E89  3412               	retlw	012h
   727                           
   728  1E8A  3499               	retlw	099h
   729  1E8B  3412               	retlw	012h
   730                           
   731  1E8C  3424               	retlw	024h
   732  1E8D  3413               	retlw	013h
   733                           
   734  1E8E  34B1               	retlw	0B1h
   735  1E8F  3413               	retlw	013h
   736                           
   737  1E90  3440               	retlw	040h
   738  1E91  3414               	retlw	014h
   739                           
   740  1E92  34D1               	retlw	0D1h
   741  1E93  3414               	retlw	014h
   742                           
   743  1E94  3464               	retlw	064h
   744  1E95  3415               	retlw	015h
   745                           
   746  1E96  34F9               	retlw	0F9h
   747  1E97  3415               	retlw	015h
   748                           
   749  1E98  3490               	retlw	090h
   750  1E99  3416               	retlw	016h
   751                           
   752  1E9A  3429               	retlw	029h
   753  1E9B  3417               	retlw	017h
   754                           
   755  1E9C  34C4               	retlw	0C4h
   756  1E9D  3417               	retlw	017h
   757                           
   758  1E9E  3461               	retlw	061h
   759  1E9F  3418               	retlw	018h
   760                           
   761  1EA0  3400               	retlw	0
   762  1EA1  3419               	retlw	019h
   763                           
   764  1EA2  34A1               	retlw	0A1h
   765  1EA3  3419               	retlw	019h
   766                           
   767  1EA4  3444               	retlw	044h
   768  1EA5  341A               	retlw	01Ah
   769                           
   770  1EA6  34E9               	retlw	0E9h
   771  1EA7  341A               	retlw	01Ah
   772                           
   773  1EA8  3490               	retlw	090h
   774  1EA9  341B               	retlw	01Bh
   775                           
   776  1EAA  3439               	retlw	039h
   777  1EAB  341C               	retlw	01Ch
   778                           
   779  1EAC  34E4               	retlw	0E4h
   780  1EAD  341C               	retlw	01Ch
   781                           
   782  1EAE  3491               	retlw	091h
   783  1EAF  341D               	retlw	01Dh
   784                           
   785  1EB0  3440               	retlw	040h
   786  1EB1  341E               	retlw	01Eh
   787                           
   788  1EB2  34F1               	retlw	0F1h
   789  1EB3  341E               	retlw	01Eh
   790                           
   791  1EB4  34A4               	retlw	0A4h
   792  1EB5  341F               	retlw	01Fh
   793                           
   794  1EB6  3459               	retlw	059h
   795  1EB7  3420               	retlw	020h
   796                           
   797  1EB8  3410               	retlw	010h
   798  1EB9  3421               	retlw	021h
   799                           
   800  1EBA  34C9               	retlw	0C9h
   801  1EBB  3421               	retlw	021h
   802                           
   803  1EBC  3484               	retlw	084h
   804  1EBD  3422               	retlw	022h
   805                           
   806  1EBE  3441               	retlw	041h
   807  1EBF  3423               	retlw	023h
   808                           
   809  1EC0  3400               	retlw	0
   810  1EC1  3424               	retlw	024h
   811                           
   812  1EC2  34C1               	retlw	0C1h
   813  1EC3  3424               	retlw	024h
   814                           
   815  1EC4  3484               	retlw	084h
   816  1EC5  3425               	retlw	025h
   817                           
   818  1EC6  3449               	retlw	049h
   819  1EC7  3426               	retlw	026h
   820                           
   821  1EC8  3410               	retlw	010h
   822  1EC9  3427               	retlw	027h
   823                           
   824  1ECA  34D9               	retlw	0D9h
   825  1ECB  3427               	retlw	027h
   826                           
   827  1ECC  34A4               	retlw	0A4h
   828  1ECD  3428               	retlw	028h
   829                           
   830  1ECE  3471               	retlw	071h
   831  1ECF  3429               	retlw	029h
   832                           
   833  1ED0  3440               	retlw	040h
   834  1ED1  342A               	retlw	02Ah
   835                           
   836  1ED2  3411               	retlw	011h
   837  1ED3  342B               	retlw	02Bh
   838                           
   839  1ED4  34E4               	retlw	0E4h
   840  1ED5  342B               	retlw	02Bh
   841                           
   842  1ED6  34B9               	retlw	0B9h
   843  1ED7  342C               	retlw	02Ch
   844                           
   845  1ED8  3490               	retlw	090h
   846  1ED9  342D               	retlw	02Dh
   847                           
   848  1EDA  3469               	retlw	069h
   849  1EDB  342E               	retlw	02Eh
   850                           
   851  1EDC  3444               	retlw	044h
   852  1EDD  342F               	retlw	02Fh
   853                           
   854  1EDE  3421               	retlw	021h
   855  1EDF  3430               	retlw	030h
   856                           
   857  1EE0  3400               	retlw	0
   858  1EE1  3431               	retlw	031h
   859                           
   860  1EE2  34E1               	retlw	0E1h
   861  1EE3  3431               	retlw	031h
   862                           
   863  1EE4  34C4               	retlw	0C4h
   864  1EE5  3432               	retlw	032h
   865                           
   866  1EE6  34A9               	retlw	0A9h
   867  1EE7  3433               	retlw	033h
   868                           
   869  1EE8  3490               	retlw	090h
   870  1EE9  3434               	retlw	034h
   871                           
   872  1EEA  3479               	retlw	079h
   873  1EEB  3435               	retlw	035h
   874                           
   875  1EEC  3464               	retlw	064h
   876  1EED  3436               	retlw	036h
   877                           
   878  1EEE  3451               	retlw	051h
   879  1EEF  3437               	retlw	037h
   880                           
   881  1EF0  3440               	retlw	040h
   882  1EF1  3438               	retlw	038h
   883                           
   884  1EF2  3431               	retlw	031h
   885  1EF3  3439               	retlw	039h
   886                           
   887  1EF4  3424               	retlw	024h
   888  1EF5  343A               	retlw	03Ah
   889                           
   890  1EF6  3419               	retlw	019h
   891  1EF7  343B               	retlw	03Bh
   892                           
   893  1EF8  3410               	retlw	010h
   894  1EF9  343C               	retlw	03Ch
   895                           
   896  1EFA  3409               	retlw	09h
   897  1EFB  343D               	retlw	03Dh
   898                           
   899  1EFC  3404               	retlw	04h
   900  1EFD  343E               	retlw	03Eh
   901                           
   902  1EFE  3401               	retlw	01h
   903  1EFF  343F               	retlw	03Fh
   904                           
   905  1F00  3400               	retlw	0
   906  1F01  3440               	retlw	040h
   907                           
   908  1F02  3401               	retlw	01h
   909  1F03  3441               	retlw	041h
   910                           
   911  1F04  3404               	retlw	04h
   912  1F05  3442               	retlw	042h
   913                           
   914  1F06  3409               	retlw	09h
   915  1F07  3443               	retlw	043h
   916                           
   917  1F08  3410               	retlw	010h
   918  1F09  3444               	retlw	044h
   919                           
   920  1F0A  3419               	retlw	019h
   921  1F0B  3445               	retlw	045h
   922                           
   923  1F0C  3424               	retlw	024h
   924  1F0D  3446               	retlw	046h
   925                           
   926  1F0E  3431               	retlw	031h
   927  1F0F  3447               	retlw	047h
   928                           
   929  1F10  3440               	retlw	040h
   930  1F11  3448               	retlw	048h
   931                           
   932  1F12  3451               	retlw	051h
   933  1F13  3449               	retlw	049h
   934                           
   935  1F14  3464               	retlw	064h
   936  1F15  344A               	retlw	04Ah
   937                           
   938  1F16  3479               	retlw	079h
   939  1F17  344B               	retlw	04Bh
   940                           
   941  1F18  3490               	retlw	090h
   942  1F19  344C               	retlw	04Ch
   943                           
   944  1F1A  34A9               	retlw	0A9h
   945  1F1B  344D               	retlw	04Dh
   946                           
   947  1F1C  34C4               	retlw	0C4h
   948  1F1D  344E               	retlw	04Eh
   949                           
   950  1F1E  34E1               	retlw	0E1h
   951  1F1F  344F               	retlw	04Fh
   952                           
   953  1F20  3400               	retlw	0
   954  1F21  3451               	retlw	051h
   955                           
   956  1F22  3421               	retlw	021h
   957  1F23  3452               	retlw	052h
   958                           
   959  1F24  3444               	retlw	044h
   960  1F25  3453               	retlw	053h
   961                           
   962  1F26  3469               	retlw	069h
   963  1F27  3454               	retlw	054h
   964                           
   965  1F28  3490               	retlw	090h
   966  1F29  3455               	retlw	055h
   967                           
   968  1F2A  34B9               	retlw	0B9h
   969  1F2B  3456               	retlw	056h
   970                           
   971  1F2C  34E4               	retlw	0E4h
   972  1F2D  3457               	retlw	057h
   973                           
   974  1F2E  3411               	retlw	011h
   975  1F2F  3459               	retlw	059h
   976                           
   977  1F30  3440               	retlw	040h
   978  1F31  345A               	retlw	05Ah
   979                           
   980  1F32  3471               	retlw	071h
   981  1F33  345B               	retlw	05Bh
   982                           
   983  1F34  34A4               	retlw	0A4h
   984  1F35  345C               	retlw	05Ch
   985                           
   986  1F36  34D9               	retlw	0D9h
   987  1F37  345D               	retlw	05Dh
   988                           
   989  1F38  3410               	retlw	010h
   990  1F39  345F               	retlw	05Fh
   991                           
   992  1F3A  3449               	retlw	049h
   993  1F3B  3460               	retlw	060h
   994                           
   995  1F3C  3484               	retlw	084h
   996  1F3D  3461               	retlw	061h
   997                           
   998  1F3E  34C1               	retlw	0C1h
   999  1F3F  3462               	retlw	062h
  1000                           
  1001  1F40  3400               	retlw	0
  1002  1F41  3464               	retlw	064h
  1003                           
  1004  1F42  3441               	retlw	041h
  1005  1F43  3465               	retlw	065h
  1006                           
  1007  1F44  3484               	retlw	084h
  1008  1F45  3466               	retlw	066h
  1009                           
  1010  1F46  34C9               	retlw	0C9h
  1011  1F47  3467               	retlw	067h
  1012                           
  1013  1F48  3410               	retlw	010h
  1014  1F49  3469               	retlw	069h
  1015                           
  1016  1F4A  3459               	retlw	059h
  1017  1F4B  346A               	retlw	06Ah
  1018                           
  1019  1F4C  34A4               	retlw	0A4h
  1020  1F4D  346B               	retlw	06Bh
  1021                           
  1022  1F4E  34F1               	retlw	0F1h
  1023  1F4F  346C               	retlw	06Ch
  1024                           
  1025  1F50  3440               	retlw	040h
  1026  1F51  346E               	retlw	06Eh
  1027                           
  1028  1F52  3491               	retlw	091h
  1029  1F53  346F               	retlw	06Fh
  1030                           
  1031  1F54  34E4               	retlw	0E4h
  1032  1F55  3470               	retlw	070h
  1033                           
  1034  1F56  3439               	retlw	039h
  1035  1F57  3472               	retlw	072h
  1036                           
  1037  1F58  3490               	retlw	090h
  1038  1F59  3473               	retlw	073h
  1039                           
  1040  1F5A  34E9               	retlw	0E9h
  1041  1F5B  3474               	retlw	074h
  1042                           
  1043  1F5C  3444               	retlw	044h
  1044  1F5D  3476               	retlw	076h
  1045                           
  1046  1F5E  34A1               	retlw	0A1h
  1047  1F5F  3477               	retlw	077h
  1048                           
  1049  1F60  3400               	retlw	0
  1050  1F61  3479               	retlw	079h
  1051                           
  1052  1F62  3461               	retlw	061h
  1053  1F63  347A               	retlw	07Ah
  1054                           
  1055  1F64  34C4               	retlw	0C4h
  1056  1F65  347B               	retlw	07Bh
  1057                           
  1058  1F66  3429               	retlw	029h
  1059  1F67  347D               	retlw	07Dh
  1060                           
  1061  1F68  3490               	retlw	090h
  1062  1F69  347E               	retlw	07Eh
  1063                           
  1064  1F6A  34F9               	retlw	0F9h
  1065  1F6B  347F               	retlw	07Fh
  1066                           
  1067  1F6C  3464               	retlw	064h
  1068  1F6D  3481               	retlw	081h
  1069                           
  1070  1F6E  34D1               	retlw	0D1h
  1071  1F6F  3482               	retlw	082h
  1072                           
  1073  1F70  3440               	retlw	040h
  1074  1F71  3484               	retlw	084h
  1075                           
  1076  1F72  34B1               	retlw	0B1h
  1077  1F73  3485               	retlw	085h
  1078                           
  1079  1F74  3424               	retlw	024h
  1080  1F75  3487               	retlw	087h
  1081                           
  1082  1F76  3499               	retlw	099h
  1083  1F77  3488               	retlw	088h
  1084                           
  1085  1F78  3410               	retlw	010h
  1086  1F79  348A               	retlw	08Ah
  1087                           
  1088  1F7A  3489               	retlw	089h
  1089  1F7B  348B               	retlw	08Bh
  1090                           
  1091  1F7C  3404               	retlw	04h
  1092  1F7D  348D               	retlw	08Dh
  1093                           
  1094  1F7E  3481               	retlw	081h
  1095  1F7F  348E               	retlw	08Eh
  1096                           
  1097  1F80  3400               	retlw	0
  1098  1F81  3490               	retlw	090h
  1099                           
  1100  1F82  3481               	retlw	081h
  1101  1F83  3491               	retlw	091h
  1102                           
  1103  1F84  3404               	retlw	04h
  1104  1F85  3493               	retlw	093h
  1105                           
  1106  1F86  3489               	retlw	089h
  1107  1F87  3494               	retlw	094h
  1108                           
  1109  1F88  3410               	retlw	010h
  1110  1F89  3496               	retlw	096h
  1111                           
  1112  1F8A  3499               	retlw	099h
  1113  1F8B  3497               	retlw	097h
  1114                           
  1115  1F8C  3424               	retlw	024h
  1116  1F8D  3499               	retlw	099h
  1117                           
  1118  1F8E  34B1               	retlw	0B1h
  1119  1F8F  349A               	retlw	09Ah
  1120                           
  1121  1F90  3440               	retlw	040h
  1122  1F91  349C               	retlw	09Ch
  1123                           
  1124  1F92  34D1               	retlw	0D1h
  1125  1F93  349D               	retlw	09Dh
  1126                           
  1127  1F94  3464               	retlw	064h
  1128  1F95  349F               	retlw	09Fh
  1129                           
  1130  1F96  34F9               	retlw	0F9h
  1131  1F97  34A0               	retlw	0A0h
  1132                           
  1133  1F98  3490               	retlw	090h
  1134  1F99  34A2               	retlw	0A2h
  1135                           
  1136  1F9A  3429               	retlw	029h
  1137  1F9B  34A4               	retlw	0A4h
  1138                           
  1139  1F9C  34C4               	retlw	0C4h
  1140  1F9D  34A5               	retlw	0A5h
  1141                           
  1142  1F9E  3461               	retlw	061h
  1143  1F9F  34A7               	retlw	0A7h
  1144                           
  1145  1FA0  3400               	retlw	0
  1146  1FA1  34A9               	retlw	0A9h
  1147                           
  1148  1FA2  34A1               	retlw	0A1h
  1149  1FA3  34AA               	retlw	0AAh
  1150                           
  1151  1FA4  3444               	retlw	044h
  1152  1FA5  34AC               	retlw	0ACh
  1153                           
  1154  1FA6  34E9               	retlw	0E9h
  1155  1FA7  34AD               	retlw	0ADh
  1156                           
  1157  1FA8  3490               	retlw	090h
  1158  1FA9  34AF               	retlw	0AFh
  1159                           
  1160  1FAA  3439               	retlw	039h
  1161  1FAB  34B1               	retlw	0B1h
  1162                           
  1163  1FAC  34E4               	retlw	0E4h
  1164  1FAD  34B2               	retlw	0B2h
  1165                           
  1166  1FAE  3491               	retlw	091h
  1167  1FAF  34B4               	retlw	0B4h
  1168                           
  1169  1FB0  3440               	retlw	040h
  1170  1FB1  34B6               	retlw	0B6h
  1171                           
  1172  1FB2  34F1               	retlw	0F1h
  1173  1FB3  34B7               	retlw	0B7h
  1174                           
  1175  1FB4  34A4               	retlw	0A4h
  1176  1FB5  34B9               	retlw	0B9h
  1177                           
  1178  1FB6  3459               	retlw	059h
  1179  1FB7  34BB               	retlw	0BBh
  1180                           
  1181  1FB8  3410               	retlw	010h
  1182  1FB9  34BD               	retlw	0BDh
  1183                           
  1184  1FBA  34C9               	retlw	0C9h
  1185  1FBB  34BE               	retlw	0BEh
  1186                           
  1187  1FBC  3484               	retlw	084h
  1188  1FBD  34C0               	retlw	0C0h
  1189                           
  1190  1FBE  3441               	retlw	041h
  1191  1FBF  34C2               	retlw	0C2h
  1192                           
  1193  1FC0  3400               	retlw	0
  1194  1FC1  34C4               	retlw	0C4h
  1195                           
  1196  1FC2  34C1               	retlw	0C1h
  1197  1FC3  34C5               	retlw	0C5h
  1198                           
  1199  1FC4  3484               	retlw	084h
  1200  1FC5  34C7               	retlw	0C7h
  1201                           
  1202  1FC6  3449               	retlw	049h
  1203  1FC7  34C9               	retlw	0C9h
  1204                           
  1205  1FC8  3410               	retlw	010h
  1206  1FC9  34CB               	retlw	0CBh
  1207                           
  1208  1FCA  34D9               	retlw	0D9h
  1209  1FCB  34CC               	retlw	0CCh
  1210                           
  1211  1FCC  34A4               	retlw	0A4h
  1212  1FCD  34CE               	retlw	0CEh
  1213                           
  1214  1FCE  3471               	retlw	071h
  1215  1FCF  34D0               	retlw	0D0h
  1216                           
  1217  1FD0  3440               	retlw	040h
  1218  1FD1  34D2               	retlw	0D2h
  1219                           
  1220  1FD2  3411               	retlw	011h
  1221  1FD3  34D4               	retlw	0D4h
  1222                           
  1223  1FD4  34E4               	retlw	0E4h
  1224  1FD5  34D5               	retlw	0D5h
  1225                           
  1226  1FD6  34B9               	retlw	0B9h
  1227  1FD7  34D7               	retlw	0D7h
  1228                           
  1229  1FD8  3490               	retlw	090h
  1230  1FD9  34D9               	retlw	0D9h
  1231                           
  1232  1FDA  3469               	retlw	069h
  1233  1FDB  34DB               	retlw	0DBh
  1234                           
  1235  1FDC  3444               	retlw	044h
  1236  1FDD  34DD               	retlw	0DDh
  1237                           
  1238  1FDE  3421               	retlw	021h
  1239  1FDF  34DF               	retlw	0DFh
  1240                           
  1241  1FE0  3400               	retlw	0
  1242  1FE1  34E1               	retlw	0E1h
  1243                           
  1244  1FE2  34E1               	retlw	0E1h
  1245  1FE3  34E2               	retlw	0E2h
  1246                           
  1247  1FE4  34C4               	retlw	0C4h
  1248  1FE5  34E4               	retlw	0E4h
  1249                           
  1250  1FE6  34A9               	retlw	0A9h
  1251  1FE7  34E6               	retlw	0E6h
  1252                           
  1253  1FE8  3490               	retlw	090h
  1254  1FE9  34E8               	retlw	0E8h
  1255                           
  1256  1FEA  3479               	retlw	079h
  1257  1FEB  34EA               	retlw	0EAh
  1258                           
  1259  1FEC  3464               	retlw	064h
  1260  1FED  34EC               	retlw	0ECh
  1261                           
  1262  1FEE  3451               	retlw	051h
  1263  1FEF  34EE               	retlw	0EEh
  1264                           
  1265  1FF0  3440               	retlw	040h
  1266  1FF1  34F0               	retlw	0F0h
  1267                           
  1268  1FF2  3431               	retlw	031h
  1269  1FF3  34F2               	retlw	0F2h
  1270                           
  1271  1FF4  3424               	retlw	024h
  1272  1FF5  34F4               	retlw	0F4h
  1273                           
  1274  1FF6  3419               	retlw	019h
  1275  1FF7  34F6               	retlw	0F6h
  1276                           
  1277  1FF8  3410               	retlw	010h
  1278  1FF9  34F8               	retlw	0F8h
  1279                           
  1280  1FFA  3409               	retlw	09h
  1281  1FFB  34FA               	retlw	0FAh
  1282                           
  1283  1FFC  3404               	retlw	04h
  1284  1FFD  34FC               	retlw	0FCh
  1285                           
  1286  1FFE  3401               	retlw	01h
  1287  1FFF  34FE               	retlw	0FEh
  1288                           
  1289                           	global	_FLT
  1290                           	global	_FLT_absaddr
  1291  1D00                     _FLT_absaddr	set	0x1D00
  1292                           psect	_FLT_text,class=CODE,delta=2
  1293                           global __p_FLT_text
  1294  1D00                     __p_FLT_text:
  1295  1D00                     _FLT:
  1296  1D00  3400               	retlw	0
  1297  1D01  3402               	retlw	02h
  1298  1D02  3404               	retlw	04h
  1299  1D03  3486               	retlw	086h
  1300  1D04  3400               	retlw	0
  1301  1D05  3482               	retlw	082h
  1302  1D06  3484               	retlw	084h
  1303  1D07  34DE               	retlw	0DEh
  1304  1D08  3460               	retlw	060h
  1305  1D09  340A               	retlw	0Ah
  1306  1D0A  340C               	retlw	0Ch
  1307  1D0B  348E               	retlw	08Eh
  1308  1D0C  3408               	retlw	08h
  1309  1D0D  348A               	retlw	08Ah
  1310  1D0E  348C               	retlw	08Ch
  1311  1D0F  348E               	retlw	08Eh
  1312  1D10  3400               	retlw	0
  1313  1D11  3402               	retlw	02h
  1314  1D12  3404               	retlw	04h
  1315  1D13  3486               	retlw	086h
  1316  1D14  3400               	retlw	0
  1317  1D15  3482               	retlw	082h
  1318  1D16  3484               	retlw	084h
  1319  1D17  34DE               	retlw	0DEh
  1320  1D18  3460               	retlw	060h
  1321  1D19  340A               	retlw	0Ah
  1322  1D1A  340C               	retlw	0Ch
  1323  1D1B  348E               	retlw	08Eh
  1324  1D1C  3408               	retlw	08h
  1325  1D1D  348A               	retlw	08Ah
  1326  1D1E  348C               	retlw	08Ch
  1327  1D1F  348E               	retlw	08Eh
  1328  1D20  3400               	retlw	0
  1329  1D21  3402               	retlw	02h
  1330  1D22  3404               	retlw	04h
  1331  1D23  3486               	retlw	086h
  1332  1D24  3400               	retlw	0
  1333  1D25  3482               	retlw	082h
  1334  1D26  3484               	retlw	084h
  1335  1D27  34DE               	retlw	0DEh
  1336  1D28  3460               	retlw	060h
  1337  1D29  340A               	retlw	0Ah
  1338  1D2A  340C               	retlw	0Ch
  1339  1D2B  348E               	retlw	08Eh
  1340  1D2C  3408               	retlw	08h
  1341  1D2D  348A               	retlw	08Ah
  1342  1D2E  348C               	retlw	08Ch
  1343  1D2F  348E               	retlw	08Eh
  1344  1D30  3400               	retlw	0
  1345  1D31  3402               	retlw	02h
  1346  1D32  3404               	retlw	04h
  1347  1D33  3486               	retlw	086h
  1348  1D34  3400               	retlw	0
  1349  1D35  3482               	retlw	082h
  1350  1D36  3484               	retlw	084h
  1351  1D37  34DE               	retlw	0DEh
  1352  1D38  3460               	retlw	060h
  1353  1D39  340A               	retlw	0Ah
  1354  1D3A  340C               	retlw	0Ch
  1355  1D3B  348E               	retlw	08Eh
  1356  1D3C  3408               	retlw	08h
  1357  1D3D  348A               	retlw	08Ah
  1358  1D3E  348C               	retlw	08Ch
  1359  1D3F  348E               	retlw	08Eh
  1360  1D40  3400               	retlw	0
  1361  1D41  3402               	retlw	02h
  1362  1D42  3404               	retlw	04h
  1363  1D43  3486               	retlw	086h
  1364  1D44  3400               	retlw	0
  1365  1D45  3482               	retlw	082h
  1366  1D46  3484               	retlw	084h
  1367  1D47  34DE               	retlw	0DEh
  1368  1D48  3460               	retlw	060h
  1369  1D49  340A               	retlw	0Ah
  1370  1D4A  340C               	retlw	0Ch
  1371  1D4B  348E               	retlw	08Eh
  1372  1D4C  3408               	retlw	08h
  1373  1D4D  348A               	retlw	08Ah
  1374  1D4E  348C               	retlw	08Ch
  1375  1D4F  348E               	retlw	08Eh
  1376  1D50  3400               	retlw	0
  1377  1D51  3402               	retlw	02h
  1378  1D52  3404               	retlw	04h
  1379  1D53  3486               	retlw	086h
  1380  1D54  3400               	retlw	0
  1381  1D55  3482               	retlw	082h
  1382  1D56  3484               	retlw	084h
  1383  1D57  34DE               	retlw	0DEh
  1384  1D58  3460               	retlw	060h
  1385  1D59  340A               	retlw	0Ah
  1386  1D5A  340C               	retlw	0Ch
  1387  1D5B  348E               	retlw	08Eh
  1388  1D5C  3408               	retlw	08h
  1389  1D5D  348A               	retlw	08Ah
  1390  1D5E  348C               	retlw	08Ch
  1391  1D5F  348E               	retlw	08Eh
  1392  1D60  3400               	retlw	0
  1393  1D61  3402               	retlw	02h
  1394  1D62  3404               	retlw	04h
  1395  1D63  3486               	retlw	086h
  1396  1D64  3400               	retlw	0
  1397  1D65  3482               	retlw	082h
  1398  1D66  3484               	retlw	084h
  1399  1D67  34DE               	retlw	0DEh
  1400  1D68  3460               	retlw	060h
  1401  1D69  340A               	retlw	0Ah
  1402  1D6A  340C               	retlw	0Ch
  1403  1D6B  348E               	retlw	08Eh
  1404  1D6C  3408               	retlw	08h
  1405  1D6D  348A               	retlw	08Ah
  1406  1D6E  348C               	retlw	08Ch
  1407  1D6F  348E               	retlw	08Eh
  1408  1D70  3400               	retlw	0
  1409  1D71  3402               	retlw	02h
  1410  1D72  3404               	retlw	04h
  1411  1D73  3486               	retlw	086h
  1412  1D74  3400               	retlw	0
  1413  1D75  3482               	retlw	082h
  1414  1D76  3484               	retlw	084h
  1415  1D77  34DE               	retlw	0DEh
  1416  1D78  3460               	retlw	060h
  1417  1D79  340A               	retlw	0Ah
  1418  1D7A  340C               	retlw	0Ch
  1419  1D7B  348E               	retlw	08Eh
  1420  1D7C  3408               	retlw	08h
  1421  1D7D  348A               	retlw	08Ah
  1422  1D7E  348C               	retlw	08Ch
  1423  1D7F  348E               	retlw	08Eh
  1424  1D80  3400               	retlw	0
  1425  1D81  3402               	retlw	02h
  1426  1D82  3404               	retlw	04h
  1427  1D83  3486               	retlw	086h
  1428  1D84  3400               	retlw	0
  1429  1D85  3482               	retlw	082h
  1430  1D86  3484               	retlw	084h
  1431  1D87  34DE               	retlw	0DEh
  1432  1D88  3460               	retlw	060h
  1433  1D89  340A               	retlw	0Ah
  1434  1D8A  340C               	retlw	0Ch
  1435  1D8B  348E               	retlw	08Eh
  1436  1D8C  3408               	retlw	08h
  1437  1D8D  348A               	retlw	08Ah
  1438  1D8E  348C               	retlw	08Ch
  1439  1D8F  348E               	retlw	08Eh
  1440  1D90  3400               	retlw	0
  1441  1D91  3402               	retlw	02h
  1442  1D92  3404               	retlw	04h
  1443  1D93  3486               	retlw	086h
  1444  1D94  3400               	retlw	0
  1445  1D95  3482               	retlw	082h
  1446  1D96  3484               	retlw	084h
  1447  1D97  34DE               	retlw	0DEh
  1448  1D98  3460               	retlw	060h
  1449  1D99  340A               	retlw	0Ah
  1450  1D9A  340C               	retlw	0Ch
  1451  1D9B  348E               	retlw	08Eh
  1452  1D9C  3408               	retlw	08h
  1453  1D9D  348A               	retlw	08Ah
  1454  1D9E  348C               	retlw	08Ch
  1455  1D9F  348E               	retlw	08Eh
  1456  1DA0  3400               	retlw	0
  1457  1DA1  3402               	retlw	02h
  1458  1DA2  3404               	retlw	04h
  1459  1DA3  3486               	retlw	086h
  1460  1DA4  3400               	retlw	0
  1461  1DA5  3482               	retlw	082h
  1462  1DA6  3484               	retlw	084h
  1463  1DA7  34DE               	retlw	0DEh
  1464  1DA8  3460               	retlw	060h
  1465  1DA9  340A               	retlw	0Ah
  1466  1DAA  340C               	retlw	0Ch
  1467  1DAB  348E               	retlw	08Eh
  1468  1DAC  3408               	retlw	08h
  1469  1DAD  348A               	retlw	08Ah
  1470  1DAE  348C               	retlw	08Ch
  1471  1DAF  348E               	retlw	08Eh
  1472  1DB0  3400               	retlw	0
  1473  1DB1  3402               	retlw	02h
  1474  1DB2  3404               	retlw	04h
  1475  1DB3  3486               	retlw	086h
  1476  1DB4  3400               	retlw	0
  1477  1DB5  3482               	retlw	082h
  1478  1DB6  3484               	retlw	084h
  1479  1DB7  34DE               	retlw	0DEh
  1480  1DB8  3460               	retlw	060h
  1481  1DB9  340A               	retlw	0Ah
  1482  1DBA  340C               	retlw	0Ch
  1483  1DBB  348E               	retlw	08Eh
  1484  1DBC  3408               	retlw	08h
  1485  1DBD  348A               	retlw	08Ah
  1486  1DBE  348C               	retlw	08Ch
  1487  1DBF  348E               	retlw	08Eh
  1488  1DC0  3400               	retlw	0
  1489  1DC1  3402               	retlw	02h
  1490  1DC2  3404               	retlw	04h
  1491  1DC3  3486               	retlw	086h
  1492  1DC4  3400               	retlw	0
  1493  1DC5  3482               	retlw	082h
  1494  1DC6  3484               	retlw	084h
  1495  1DC7  34DE               	retlw	0DEh
  1496  1DC8  3460               	retlw	060h
  1497  1DC9  340A               	retlw	0Ah
  1498  1DCA  340C               	retlw	0Ch
  1499  1DCB  348E               	retlw	08Eh
  1500  1DCC  3408               	retlw	08h
  1501  1DCD  348A               	retlw	08Ah
  1502  1DCE  348C               	retlw	08Ch
  1503  1DCF  348E               	retlw	08Eh
  1504  1DD0  3400               	retlw	0
  1505  1DD1  3402               	retlw	02h
  1506  1DD2  3404               	retlw	04h
  1507  1DD3  3486               	retlw	086h
  1508  1DD4  3400               	retlw	0
  1509  1DD5  3482               	retlw	082h
  1510  1DD6  3484               	retlw	084h
  1511  1DD7  34DE               	retlw	0DEh
  1512  1DD8  3460               	retlw	060h
  1513  1DD9  340A               	retlw	0Ah
  1514  1DDA  340C               	retlw	0Ch
  1515  1DDB  348E               	retlw	08Eh
  1516  1DDC  3408               	retlw	08h
  1517  1DDD  348A               	retlw	08Ah
  1518  1DDE  348C               	retlw	08Ch
  1519  1DDF  348E               	retlw	08Eh
  1520  1DE0  3400               	retlw	0
  1521  1DE1  3402               	retlw	02h
  1522  1DE2  3404               	retlw	04h
  1523  1DE3  3486               	retlw	086h
  1524  1DE4  3400               	retlw	0
  1525  1DE5  3482               	retlw	082h
  1526  1DE6  3484               	retlw	084h
  1527  1DE7  34DE               	retlw	0DEh
  1528  1DE8  3460               	retlw	060h
  1529  1DE9  340A               	retlw	0Ah
  1530  1DEA  340C               	retlw	0Ch
  1531  1DEB  348E               	retlw	08Eh
  1532  1DEC  3408               	retlw	08h
  1533  1DED  348A               	retlw	08Ah
  1534  1DEE  348C               	retlw	08Ch
  1535  1DEF  348E               	retlw	08Eh
  1536  1DF0  3400               	retlw	0
  1537  1DF1  3402               	retlw	02h
  1538  1DF2  3404               	retlw	04h
  1539  1DF3  3486               	retlw	086h
  1540  1DF4  3400               	retlw	0
  1541  1DF5  3482               	retlw	082h
  1542  1DF6  3484               	retlw	084h
  1543  1DF7  34DE               	retlw	0DEh
  1544  1DF8  3460               	retlw	060h
  1545  1DF9  340A               	retlw	0Ah
  1546  1DFA  340C               	retlw	0Ch
  1547  1DFB  348E               	retlw	08Eh
  1548  1DFC  3408               	retlw	08h
  1549  1DFD  348A               	retlw	08Ah
  1550  1DFE  348C               	retlw	08Ch
  1551  1DFF  348E               	retlw	08Eh
  1552                           	global	_ad2tpr
  1553                           	global	MTR_Driver@OLIM
  1554                           	global	SYS_Ctrl@time
  1555                           	global	CAL_MtrCurrent@tmOVC
  1556                           	global	CAL_MtrSpeed@tmZSP
  1557                           	global	CAL_MtrTemp@sum
  1558                           	global	CAL_TuneValue@time
  1559                           	global	MTR_Driver@sref
  1560                           	global	_mtrCurrent
  1561                           	global	_mtrSpeed
  1562                           	global	_mtrSpeedRef
  1563                           	global	CAL_MtrTemp@cnt
  1564                           	global	CAL_MtrTemp@er1
  1565                           	global	CAL_MtrTemp@err
  1566                           	global	CAL_TuneValue@max
  1567                           	global	CAL_TuneValue@min
  1568                           	global	CAL_TuneValue@state
  1569                           	global	COM_Ctrl@t
  1570                           	global	MTR_Driver@state
  1571                           	global	MTR_Driver@time
  1572                           	global	REC_Faults@fault
  1573                           	global	REC_SpeedWorking@cnLvl
  1574                           	global	REC_SpeedWorking@level
  1575                           	global	REC_SpeedWorking@lsLvl
  1576                           	global	REC_WorkingTemp@next
  1577                           	global	REC_WorkingTemp@temp
  1578                           	global	SVC_Timer@tmSEC
  1579                           	global	_e2pWrFlags
  1580                           	global	_mtrError
  1581                           	global	_sysFault
  1582                           	global	_sysLevel
  1583                           	global	_sysStatus
  1584                           	global	main@offTime
  1585                           	global	_rxCNT
  1586                           	global	_rxRDP
  1587                           	global	_rxTIM
  1588                           	global	_rxWRP
  1589                           	global	_txCNT
  1590                           	global	_txRDP
  1591                           	global	_txTIM
  1592                           	global	_txWRP
  1593                           	global	_mtrLevel
  1594                           	global	_adCur2
  1595                           	global	_adCur2Buf
  1596                           	global	CAL_AcPeriod@tmCRS
  1597                           	global	_acCycle
  1598                           	global	_sysTimer
  1599                           	global	_tmTriac
  1600                           	global	_tmTriacOff
  1601                           	global	_tmTriacOn
  1602                           	global	_acCrossEvent
  1603                           	global	_acCrossIndex
  1604                           	global	_acCrossWDT
  1605                           	global	_acCycleFlag
  1606                           	global	_acCycleHalf
  1607                           	global	_adCurN
  1608                           	global	_adCurNBuf
  1609                           	global	_adNtc
  1610                           	global	_adVac
  1611                           	global	_adVrs
  1612                           	global	_idrTest0
  1613                           	global	_idrTest1
  1614                           	global	_mtrHallEvent
  1615                           	global	_mtrHallIndex
  1616                           	global	_mtrHallWDT
  1617                           	global	_scnHall
  1618                           	global	_scnTest
  1619                           	global	_scnZero
  1620                           	global	_sysTicks
  1621                           	global	REC_SpeedWorking@tmLvl
  1622                           	global	_tuneValue
  1623                           	global	MTR_Driver@SREG
  1624                           	global	_mtrTemp
  1625                           psect	nvBANK0,class=BANK0,space=1
  1626                           global __pnvBANK0
  1627  006E                     __pnvBANK0:
  1628  006E                     _mtrTemp:
  1629  006E                            ds      1
  1630                           
  1631                           	global	_mtrHallTime
  1632  0320                     _mtrHallTime	set	800
  1633                           	DABS	1,800,64	;_mtrHallTime
  1634                           
  1635                           	global	_acCrossTime
  1636  0360                     _acCrossTime	set	864
  1637                           	DABS	1,864,16	;_acCrossTime
  1638                           
  1639                           	global	_rxFIFO
  1640  03C0                     _rxFIFO	set	960
  1641                           	DABS	1,960,32	;_rxFIFO
  1642                           
  1643                           	global	_txFIFO
  1644  03A0                     _txFIFO	set	928
  1645                           	DABS	1,928,32	;_txFIFO
  1646                           
  1647                           	global	_PIR1
  1648  0011                     _PIR1	set	17
  1649                           	global	_PIR2
  1650  0012                     _PIR2	set	18
  1651                           	global	_PIR3
  1652  0013                     _PIR3	set	19
  1653                           	global	_PIR4
  1654  0014                     _PIR4	set	20
  1655                           	global	_T1CON
  1656  0018                     _T1CON	set	24
  1657                           	global	_T1GCON
  1658  0019                     _T1GCON	set	25
  1659                           	global	_CARRY
  1660  0018                     _CARRY	set	24
  1661                           	global	_GIE
  1662  005F                     _GIE	set	95
  1663                           	global	_PEIE
  1664  005E                     _PEIE	set	94
  1665                           	global	_ADCON0
  1666  009D                     _ADCON0	set	157
  1667                           	global	_ADCON1
  1668  009E                     _ADCON1	set	158
  1669                           	global	_OSCCON
  1670  0099                     _OSCCON	set	153
  1671                           	global	_OSCTUNE
  1672  0098                     _OSCTUNE	set	152
  1673                           	global	_PIE1
  1674  0091                     _PIE1	set	145
  1675                           	global	_PIE2
  1676  0092                     _PIE2	set	146
  1677                           	global	_PIE3
  1678  0093                     _PIE3	set	147
  1679                           	global	_PIE4
  1680  0094                     _PIE4	set	148
  1681                           	global	_TRISA
  1682  008C                     _TRISA	set	140
  1683                           	global	_TRISB
  1684  008D                     _TRISB	set	141
  1685                           	global	_TRISC
  1686  008E                     _TRISC	set	142
  1687                           	global	_WDTCON
  1688  0097                     _WDTCON	set	151
  1689                           	global	_APFCON0
  1690  011D                     _APFCON0	set	285
  1691                           	global	_APFCON1
  1692  011E                     _APFCON1	set	286
  1693                           	global	_CM1CON0
  1694  0111                     _CM1CON0	set	273
  1695                           	global	_CM1CON1
  1696  0112                     _CM1CON1	set	274
  1697                           	global	_CM2CON0
  1698  0113                     _CM2CON0	set	275
  1699                           	global	_CM2CON1
  1700  0114                     _CM2CON1	set	276
  1701                           	global	_DACCON0
  1702  0118                     _DACCON0	set	280
  1703                           	global	_DACCON1
  1704  0119                     _DACCON1	set	281
  1705                           	global	_FVRCON
  1706  0117                     _FVRCON	set	279
  1707                           	global	_LATA
  1708  010C                     _LATA	set	268
  1709                           	global	_LATB
  1710  010D                     _LATB	set	269
  1711                           	global	_LATC
  1712  010E                     _LATC	set	270
  1713                           	global	_LATB6
  1714  086E                     _LATB6	set	2158
  1715                           	global	_EEADR
  1716  0191                     _EEADR	set	401
  1717                           	global	_ANSELA
  1718  018C                     _ANSELA	set	396
  1719                           	global	_ANSELB
  1720  018D                     _ANSELB	set	397
  1721                           	global	_ANSELC
  1722  018E                     _ANSELC	set	398
  1723                           	global	_BAUDCON
  1724  019F                     _BAUDCON	set	415
  1725                           	global	_EEADRL
  1726  0191                     _EEADRL	set	401
  1727                           	global	_EECON1
  1728  0195                     _EECON1	set	405
  1729                           	global	_EECON2
  1730  0196                     _EECON2	set	406
  1731                           	global	_EEDATA
  1732  0193                     _EEDATA	set	403
  1733                           	global	_EEDATL
  1734  0193                     _EEDATL	set	403
  1735                           	global	_RCSTA
  1736  019D                     _RCSTA	set	413
  1737                           	global	_SPBRGH
  1738  019C                     _SPBRGH	set	412
  1739                           	global	_SPBRGL
  1740  019B                     _SPBRGL	set	411
  1741                           	global	_TXSTA
  1742  019E                     _TXSTA	set	414
  1743                           	global	_CFGS
  1744  0CAE                     _CFGS	set	3246
  1745                           	global	_CREN
  1746  0CEC                     _CREN	set	3308
  1747                           	global	_EEPGD
  1748  0CAF                     _EEPGD	set	3247
  1749                           	global	_RD
  1750  0CA8                     _RD	set	3240
  1751                           	global	_SPEN
  1752  0CEF                     _SPEN	set	3311
  1753                           	global	_TXEN
  1754  0CF5                     _TXEN	set	3317
  1755                           	global	_WR
  1756  0CA9                     _WR	set	3241
  1757                           	global	_WREN
  1758  0CAA                     _WREN	set	3242
  1759                           	global	_WPUA
  1760  020C                     _WPUA	set	524
  1761                           	global	_WPUB
  1762  020D                     _WPUB	set	525
  1763                           	global	_WPUC
  1764  020E                     _WPUC	set	526
  1765                           	global	_INLVLA
  1766  038C                     _INLVLA	set	908
  1767                           	global	_INLVLB
  1768  038D                     _INLVLB	set	909
  1769                           	global	_INLVLC
  1770  038E                     _INLVLC	set	910
  1771                           	global	_PR6
  1772  041D                     _PR6	set	1053
  1773                           	global	_T6CON
  1774  041E                     _T6CON	set	1054
  1775                           	global	_ODRA
  1776                           psect	nvBANK1,class=BANK1,space=1
  1777                           global __pnvBANK1
  1778  00D7                     __pnvBANK1:
  1779  00D7                     _ODRA:
  1780  00D7                            ds      1
  1781                           
  1782                           	global	_enADC
  1783  00D8                     _enADC:
  1784  00D8                            ds      1
  1785                           
  1786                           	global	_tmADNTC
  1787  00D9                     _tmADNTC:
  1788  00D9                            ds      1
  1789                           
  1790                           	global	_tmADVAC
  1791  00DA                     _tmADVAC:
  1792  00DA                            ds      1
  1793                           
  1794                           	global	_tmADVRS
  1795  00DB                     _tmADVRS:
  1796  00DB                            ds      1
  1797                           
  1798                           	global	_tmTST0
  1799  00DC                     _tmTST0:
  1800  00DC                            ds      1
  1801                           
  1802                           	global	_tmTST1
  1803  00DD                     _tmTST1:
  1804  00DD                            ds      1
  1805                           
  1806                           	global	_totalKeyPressedCount
  1807  0654                     _totalKeyPressedCount	set	1620
  1808                           	DABS	1,1620,18	;_totalKeyPressedCount
  1809                           
  1810                           	global	_totalNoInterlockTime
  1811  0658                     _totalNoInterlockTime	set	1624
  1812                           	DABS	1,1624,4	;_totalNoInterlockTime
  1813                           
  1814                           	global	_totalAutoPressedCount
  1815  0650                     _totalAutoPressedCount	set	1616
  1816                           	DABS	1,1616,2	;_totalAutoPressedCount
  1817                           
  1818                           	global	_totalInterlockOpenCount
  1819  065C                     _totalInterlockOpenCount	set	1628
  1820                           	DABS	1,1628,2	;_totalInterlockOpenCount
  1821                           
  1822                           	global	_lastSpeedWorkingTime
  1823  0428                     _lastSpeedWorkingTime	set	1064
  1824                           	DABS	1,1064,21	;_lastSpeedWorkingTime
  1825                           
  1826                           	global	_lastSpeedSetting
  1827  0420                     _lastSpeedSetting	set	1056
  1828                           	DABS	1,1056,7	;_lastSpeedSetting
  1829                           
  1830                           	global	_lastUseAvePower
  1831  04A8                     _lastUseAvePower	set	1192
  1832                           	DABS	1,1192,7	;_lastUseAvePower
  1833                           
  1834                           	global	_lastUseMaxPower
  1835  04A0                     _lastUseMaxPower	set	1184
  1836                           	DABS	1,1184,7	;_lastUseMaxPower
  1837                           
  1838                           	global	_faultTimeStamp
  1839  0530                     _faultTimeStamp	set	1328
  1840                           	DABS	1,1328,28	;_faultTimeStamp
  1841                           
  1842                           	global	_faultTotalCount
  1843  0527                     _faultTotalCount	set	1319
  1844                           	DABS	1,1319,9	;_faultTotalCount
  1845                           
  1846                           	global	_faultCode
  1847  0520                     _faultCode	set	1312
  1848                           	DABS	1,1312,7	;_faultCode
  1849                           
  1850                           	global	_maxMcuTemp
  1851  0550                     _maxMcuTemp	set	1360
  1852                           	DABS	1,1360,7	;_maxMcuTemp
  1853                           
  1854                           	global	_totalPowerOnTime
  1855  05A0                     _totalPowerOnTime	set	1440
  1856                           	DABS	1,1440,4	;_totalPowerOnTime
  1857                           
  1858                           	global	_totalStandbyTime
  1859  05A4                     _totalStandbyTime	set	1444
  1860                           	DABS	1,1444,4	;_totalStandbyTime
  1861                           
  1862                           	global	_totalWorkingTime
  1863  05A8                     _totalWorkingTime	set	1448
  1864                           	DABS	1,1448,4	;_totalWorkingTime
  1865                           
  1866                           	global	_keyWorkingTime
  1867  0624                     _keyWorkingTime	set	1572
  1868                           	DABS	1,1572,36	;_keyWorkingTime
  1869                           
  1870                           	global	_autoWorkingTime
  1871  0620                     _autoWorkingTime	set	1568
  1872                           	DABS	1,1568,4	;_autoWorkingTime
  1873                           
  1874                           	global	_powerOnTime
  1875  00DE                     _powerOnTime:
  1876  00DE                            ds      5
  1877                           
  1878                           	global	_totalSpeedWorkingTime
  1879  0440                     _totalSpeedWorkingTime	set	1088
  1880                           	DABS	1,1088,28	;_totalSpeedWorkingTime
  1881                           
  1882                           	global	_lastUseReadyTime
  1883  04B0                     _lastUseReadyTime	set	1200
  1884                           	DABS	1,1200,14	;_lastUseReadyTime
  1885                           
  1886                           	global	_lastUseMaxMotorTemp
  1887  0558                     _lastUseMaxMotorTemp	set	1368
  1888                           	DABS	1,1368,7	;_lastUseMaxMotorTemp
  1889                           
  1890                           	global	_maxMotorHistoryTemp
  1891  0557                     _maxMotorHistoryTemp	set	1367
  1892                           	DABS	1,1367,1	;_maxMotorHistoryTemp
  1893                           
  1894                           	file	"C:\Users\liyachen\AppData\Local\Temp\sgq4."
  1895                           	line	#
  1896                           psect cinit,class=CODE,delta=2
  1897                           global start_initialization
  1898  1CC6                     start_initialization:
  1899                           
  1900                           psect	bssCOMMON,class=COMMON,space=1
  1901                           global __pbssCOMMON
  1902  007D                     __pbssCOMMON:
  1903  007D                     _mtrLevel:
  1904  007D                            ds      1
  1905                           
  1906                           psect	bssBANK0,class=BANK0,space=1
  1907                           global __pbssBANK0
  1908  0020                     __pbssBANK0:
  1909  0020                     MTR_Driver@OLIM:
  1910  0020                            ds      4
  1911                           
  1912  0024                     SYS_Ctrl@time:
  1913  0024                            ds      4
  1914                           
  1915  0028                     CAL_MtrCurrent@tmOVC:
  1916  0028                            ds      2
  1917                           
  1918  002A                     CAL_MtrSpeed@tmZSP:
  1919  002A                            ds      2
  1920                           
  1921  002C                     CAL_MtrTemp@sum:
  1922  002C                            ds      2
  1923                           
  1924  002E                     CAL_TuneValue@time:
  1925  002E                            ds      2
  1926                           
  1927  0030                     MTR_Driver@sref:
  1928  0030                            ds      2
  1929                           
  1930  0032                     _mtrCurrent:
  1931  0032                            ds      2
  1932                           
  1933  0034                     _mtrSpeed:
  1934  0034                            ds      2
  1935                           
  1936  0036                     _mtrSpeedRef:
  1937  0036                            ds      2
  1938                           
  1939  0038                     CAL_MtrTemp@cnt:
  1940  0038                            ds      1
  1941                           
  1942  0039                     CAL_MtrTemp@er1:
  1943  0039                            ds      1
  1944                           
  1945  003A                     CAL_MtrTemp@err:
  1946  003A                            ds      1
  1947                           
  1948  003B                     CAL_TuneValue@max:
  1949  003B                            ds      1
  1950                           
  1951  003C                     CAL_TuneValue@min:
  1952  003C                            ds      1
  1953                           
  1954  003D                     CAL_TuneValue@state:
  1955  003D                            ds      1
  1956                           
  1957  003E                     COM_Ctrl@t:
  1958  003E                            ds      1
  1959                           
  1960  003F                     MTR_Driver@state:
  1961  003F                            ds      1
  1962                           
  1963  0040                     MTR_Driver@time:
  1964  0040                            ds      1
  1965                           
  1966  0041                     REC_Faults@fault:
  1967  0041                            ds      1
  1968                           
  1969  0042                     REC_SpeedWorking@cnLvl:
  1970  0042                            ds      1
  1971                           
  1972  0043                     REC_SpeedWorking@level:
  1973  0043                            ds      1
  1974                           
  1975  0044                     REC_SpeedWorking@lsLvl:
  1976  0044                            ds      1
  1977                           
  1978  0045                     REC_WorkingTemp@next:
  1979  0045                            ds      1
  1980                           
  1981  0046                     REC_WorkingTemp@temp:
  1982  0046                            ds      1
  1983                           
  1984  0047                     SVC_Timer@tmSEC:
  1985  0047                            ds      1
  1986                           
  1987  0048                     _e2pWrFlags:
  1988  0048                            ds      1
  1989                           
  1990  0049                     _mtrError:
  1991  0049                            ds      1
  1992                           
  1993  004A                     _sysFault:
  1994  004A                            ds      1
  1995                           
  1996  004B                     _sysLevel:
  1997  004B                            ds      1
  1998                           
  1999  004C                     _sysStatus:
  2000  004C                            ds      1
  2001                           
  2002  004D                     main@offTime:
  2003  004D                            ds      1
  2004                           
  2005  004E                     REC_SpeedWorking@tmLvl:
  2006  004E                            ds      3
  2007                           
  2008  0051                     _tuneValue:
  2009  0051                            ds      1
  2010                           
  2011                           psect	bssBANK1,class=BANK1,space=1
  2012                           global __pbssBANK1
  2013  00A0                     __pbssBANK1:
  2014  00A0                     _adCur2:
  2015  00A0                            ds      4
  2016                           
  2017  00A4                     _adCur2Buf:
  2018  00A4                            ds      4
  2019                           
  2020  00A8                     CAL_AcPeriod@tmCRS:
  2021  00A8                            ds      2
  2022                           
  2023  00AA                     _acCycle:
  2024  00AA                            ds      2
  2025                           
  2026  00AC                     _sysTimer:
  2027  00AC                            ds      2
  2028                           
  2029  00AE                     _tmTriac:
  2030  00AE                            ds      2
  2031                           
  2032  00B0                     _tmTriacOff:
  2033  00B0                            ds      2
  2034                           
  2035  00B2                     _tmTriacOn:
  2036  00B2                            ds      2
  2037                           
  2038  00B4                     _acCrossEvent:
  2039  00B4                            ds      1
  2040                           
  2041  00B5                     _acCrossIndex:
  2042  00B5                            ds      1
  2043                           
  2044  00B6                     _acCrossWDT:
  2045  00B6                            ds      1
  2046                           
  2047  00B7                     _acCycleFlag:
  2048  00B7                            ds      1
  2049                           
  2050  00B8                     _acCycleHalf:
  2051  00B8                            ds      1
  2052                           
  2053  00B9                     _adCurN:
  2054  00B9                            ds      1
  2055                           
  2056  00BA                     _adCurNBuf:
  2057  00BA                            ds      1
  2058                           
  2059  00BB                     _adNtc:
  2060  00BB                            ds      1
  2061                           
  2062  00BC                     _adVac:
  2063  00BC                            ds      1
  2064                           
  2065  00BD                     _adVrs:
  2066  00BD                            ds      1
  2067                           
  2068  00BE                     _idrTest0:
  2069  00BE                            ds      1
  2070                           
  2071  00BF                     _idrTest1:
  2072  00BF                            ds      1
  2073                           
  2074  00C0                     _mtrHallEvent:
  2075  00C0                            ds      1
  2076                           
  2077  00C1                     _mtrHallIndex:
  2078  00C1                            ds      1
  2079                           
  2080  00C2                     _mtrHallWDT:
  2081  00C2                            ds      1
  2082                           
  2083  00C3                     _scnHall:
  2084  00C3                            ds      1
  2085                           
  2086  00C4                     _scnTest:
  2087  00C4                            ds      1
  2088                           
  2089  00C5                     _scnZero:
  2090  00C5                            ds      1
  2091                           
  2092  00C6                     _sysTicks:
  2093  00C6                            ds      1
  2094                           
  2095  00C7                     MTR_Driver@SREG:
  2096  00C7                            ds      16
  2097                           
  2098                           psect	bssBANK3,class=BANK3,space=1
  2099                           global __pbssBANK3
  2100  01A0                     __pbssBANK3:
  2101  01A0                     _rxCNT:
  2102  01A0                            ds      1
  2103                           
  2104  01A1                     _rxRDP:
  2105  01A1                            ds      1
  2106                           
  2107  01A2                     _rxTIM:
  2108  01A2                            ds      1
  2109                           
  2110  01A3                     _rxWRP:
  2111  01A3                            ds      1
  2112                           
  2113  01A4                     _txCNT:
  2114  01A4                            ds      1
  2115                           
  2116  01A5                     _txRDP:
  2117  01A5                            ds      1
  2118                           
  2119  01A6                     _txTIM:
  2120  01A6                            ds      1
  2121                           
  2122  01A7                     _txWRP:
  2123  01A7                            ds      1
  2124                           
  2125                           psect clrtext,class=CODE,delta=2
  2126                           global clear_ram
  2127                           ;	Called with FSR0 containing the base address, and
  2128                           ;	WREG with the size to clear
  2129  1C7A                     clear_ram:
  2130  1C7A  0064               	clrwdt			;clear the watchdog before getting into this loop
  2131  1C7B                     clrloop:
  2132  1C7B  0180               	clrf	indf0		;clear RAM location pointed to by FSR
  2133  1C7C  3101               	addfsr	0,1
  2134  1C7D  0B89               	decfsz wreg		;Have we reached the end of clearing yet?
  2135  1C7E  2C7B               	goto clrloop	;have we reached the end yet?
  2136  1C7F  3400               	retlw	0		;all done for this memory range, return
  2137                           ; Clear objects allocated to COMMON
  2138                           psect cinit,class=CODE,delta=2
  2139                           	global __pbssCOMMON
  2140  1CC6  01FD               	clrf	((__pbssCOMMON)+0)&07Fh
  2141                           ; Clear objects allocated to BANK0
  2142                           psect cinit,class=CODE,delta=2
  2143                           	global __pbssBANK0
  2144  1CC7  3020               	movlw	low(__pbssBANK0)
  2145  1CC8  0084               	movwf	fsr0l
  2146  1CC9  3000               	movlw	high(__pbssBANK0)
  2147  1CCA  0085               	movwf	fsr0h
  2148  1CCB  3032               	movlw	032h
  2149  1CCC  319C  247A  319C   	fcall	clear_ram
  2150                           ; Clear objects allocated to BANK1
  2151                           psect cinit,class=CODE,delta=2
  2152                           	global __pbssBANK1
  2153  1CCF  30A0               	movlw	low(__pbssBANK1)
  2154  1CD0  0084               	movwf	fsr0l
  2155  1CD1  3000               	movlw	high(__pbssBANK1)
  2156  1CD2  0085               	movwf	fsr0h
  2157  1CD3  3037               	movlw	037h
  2158  1CD4  319C  247A  319C   	fcall	clear_ram
  2159                           ; Clear objects allocated to BANK3
  2160                           psect cinit,class=CODE,delta=2
  2161                           	global __pbssBANK3
  2162  1CD7  30A0               	movlw	low(__pbssBANK3)
  2163  1CD8  0084               	movwf	fsr0l
  2164  1CD9  3001               	movlw	high(__pbssBANK3)
  2165  1CDA  0085               	movwf	fsr0h
  2166  1CDB  3008               	movlw	08h
  2167  1CDC  319C  247A  319C   	fcall	clear_ram
  2168                           psect cinit,class=CODE,delta=2
  2169                           global end_of_initialization
  2170                           
  2171                           ;End of C runtime variable initialization code
  2172                           
  2173  1CDF                     end_of_initialization:
  2174  1CDF  0020               movlb 0
  2175  1CE0  3193  2B9C         ljmp _main	;jump to C main() function
  2176                           psect	cstackCOMMON,class=COMMON,space=1
  2177                           global __pcstackCOMMON
  2178  0070                     __pcstackCOMMON:
  2179                           	global	?_MTR_Init
  2180  0070                     ?_MTR_Init:	; 0 bytes @ 0x0
  2181                           	global	?_SYS_Init
  2182  0070                     ?_SYS_Init:	; 0 bytes @ 0x0
  2183                           	global	?_SVC_Init
  2184  0070                     ?_SVC_Init:	; 0 bytes @ 0x0
  2185                           	global	?_MTR_Ctrl
  2186  0070                     ?_MTR_Ctrl:	; 0 bytes @ 0x0
  2187                           	global	?_SYS_Ctrl
  2188  0070                     ?_SYS_Ctrl:	; 0 bytes @ 0x0
  2189                           	global	?_SVC_Ctrl
  2190  0070                     ?_SVC_Ctrl:	; 0 bytes @ 0x0
  2191                           	global	?_SVC_SetTuneValue
  2192  0070                     ?_SVC_SetTuneValue:	; 0 bytes @ 0x0
  2193                           	global	?_COM_Init
  2194  0070                     ?_COM_Init:	; 0 bytes @ 0x0
  2195                           	global	?_COM_Ctrl
  2196  0070                     ?_COM_Ctrl:	; 0 bytes @ 0x0
  2197                           	global	?_MCU_Init
  2198  0070                     ?_MCU_Init:	; 0 bytes @ 0x0
  2199                           	global	?_MCU_Refresh
  2200  0070                     ?_MCU_Refresh:	; 0 bytes @ 0x0
  2201                           	global	?_INTSR
  2202  0070                     ?_INTSR:	; 0 bytes @ 0x0
  2203                           	global	??_INTSR
  2204  0070                     ??_INTSR:	; 0 bytes @ 0x0
  2205                           	global	?_main
  2206  0070                     ?_main:	; 0 bytes @ 0x0
  2207                           	global	?_CAL_MtrTemp
  2208  0070                     ?_CAL_MtrTemp:	; 0 bytes @ 0x0
  2209                           	global	?_CAL_MtrCurrent
  2210  0070                     ?_CAL_MtrCurrent:	; 0 bytes @ 0x0
  2211                           	global	?_CAL_MtrSpeed
  2212  0070                     ?_CAL_MtrSpeed:	; 0 bytes @ 0x0
  2213                           	global	?_CAL_AcPeriod
  2214  0070                     ?_CAL_AcPeriod:	; 0 bytes @ 0x0
  2215                           	global	?_CAL_MtrError
  2216  0070                     ?_CAL_MtrError:	; 0 bytes @ 0x0
  2217                           	global	?_MTR_Driver
  2218  0070                     ?_MTR_Driver:	; 0 bytes @ 0x0
  2219                           	global	?_CAL_MtrLevel
  2220  0070                     ?_CAL_MtrLevel:	; 0 bytes @ 0x0
  2221                           	global	?_CAL_TuneValue
  2222  0070                     ?_CAL_TuneValue:	; 0 bytes @ 0x0
  2223                           	global	?_REC_SpeedWorking
  2224  0070                     ?_REC_SpeedWorking:	; 0 bytes @ 0x0
  2225                           	global	?_REC_WorkingPower
  2226  0070                     ?_REC_WorkingPower:	; 0 bytes @ 0x0
  2227                           	global	?_REC_WorkingTemp
  2228  0070                     ?_REC_WorkingTemp:	; 0 bytes @ 0x0
  2229                           	global	?_REC_Faults
  2230  0070                     ?_REC_Faults:	; 0 bytes @ 0x0
  2231                           	global	?_SRL_Putc
  2232  0070                     ?_SRL_Putc:	; 1 bytes @ 0x0
  2233                           	global	?_E2P_ReadByte
  2234  0070                     ?_E2P_ReadByte:	; 1 bytes @ 0x0
  2235                           	global	?_SVC_GetTuneValue
  2236  0070                     ?_SVC_GetTuneValue:	; 1 bytes @ 0x0
  2237                           	global	?_SVC_Timer
  2238  0070                     ?_SVC_Timer:	; 1 bytes @ 0x0
  2239  0070                     	ds	1
  2240                           	global	??_SRL_Putc
  2241  0071                     ??_SRL_Putc:	; 0 bytes @ 0x1
  2242                           	global	??_E2P_ReadByte
  2243  0071                     ??_E2P_ReadByte:	; 0 bytes @ 0x1
  2244                           	global	??_MTR_Init
  2245  0071                     ??_MTR_Init:	; 0 bytes @ 0x1
  2246                           	global	??_SYS_Init
  2247  0071                     ??_SYS_Init:	; 0 bytes @ 0x1
  2248                           	global	??_SVC_GetTuneValue
  2249  0071                     ??_SVC_GetTuneValue:	; 0 bytes @ 0x1
  2250                           	global	??_SVC_SetTuneValue
  2251  0071                     ??_SVC_SetTuneValue:	; 0 bytes @ 0x1
  2252                           	global	??_COM_Init
  2253  0071                     ??_COM_Init:	; 0 bytes @ 0x1
  2254                           	global	??_MCU_Init
  2255  0071                     ??_MCU_Init:	; 0 bytes @ 0x1
  2256                           	global	??_MCU_Refresh
  2257  0071                     ??_MCU_Refresh:	; 0 bytes @ 0x1
  2258                           	global	?_E2P_WriteByte
  2259  0071                     ?_E2P_WriteByte:	; 0 bytes @ 0x1
  2260                           	global	??_CAL_MtrTemp
  2261  0071                     ??_CAL_MtrTemp:	; 0 bytes @ 0x1
  2262                           	global	??_CAL_AcPeriod
  2263  0071                     ??_CAL_AcPeriod:	; 0 bytes @ 0x1
  2264                           	global	??_CAL_MtrError
  2265  0071                     ??_CAL_MtrError:	; 0 bytes @ 0x1
  2266                           	global	??_CAL_MtrLevel
  2267  0071                     ??_CAL_MtrLevel:	; 0 bytes @ 0x1
  2268                           	global	?_MEM_Cpy
  2269  0071                     ?_MEM_Cpy:	; 0 bytes @ 0x1
  2270                           	global	?_H1M1S1_ADD
  2271  0071                     ?_H1M1S1_ADD:	; 0 bytes @ 0x1
  2272                           	global	?_H1M1S1_SUB
  2273  0071                     ?_H1M1S1_SUB:	; 0 bytes @ 0x1
  2274                           	global	?_H2M1S1_ADD
  2275  0071                     ?_H2M1S1_ADD:	; 0 bytes @ 0x1
  2276                           	global	?_H3M1_ADD
  2277  0071                     ?_H3M1_ADD:	; 0 bytes @ 0x1
  2278                           	global	??_REC_WorkingPower
  2279  0071                     ??_REC_WorkingPower:	; 0 bytes @ 0x1
  2280                           	global	??_REC_WorkingTemp
  2281  0071                     ??_REC_WorkingTemp:	; 0 bytes @ 0x1
  2282                           	global	?_MEM_Cmp
  2283  0071                     ?_MEM_Cmp:	; 1 bytes @ 0x1
  2284                           	global	?_SQRT32
  2285  0071                     ?_SQRT32:	; 2 bytes @ 0x1
  2286                           	global	?_PID_LIM
  2287  0071                     ?_PID_LIM:	; 2 bytes @ 0x1
  2288                           	global	?___wmul
  2289  0071                     ?___wmul:	; 2 bytes @ 0x1
  2290                           	global	?___lwdiv
  2291  0071                     ?___lwdiv:	; 2 bytes @ 0x1
  2292                           	global	?___lwmod
  2293  0071                     ?___lwmod:	; 2 bytes @ 0x1
  2294                           	global	?___lmul
  2295  0071                     ?___lmul:	; 4 bytes @ 0x1
  2296                           	global	E2P_WriteByte@byte
  2297  0071                     E2P_WriteByte@byte:	; 1 bytes @ 0x1
  2298                           	global	E2P_ReadByte@addr
  2299  0071                     E2P_ReadByte@addr:	; 1 bytes @ 0x1
  2300                           	global	MEM_Cmp@p2
  2301  0071                     MEM_Cmp@p2:	; 1 bytes @ 0x1
  2302                           	global	H1M1S1_ADD@s
  2303  0071                     H1M1S1_ADD@s:	; 1 bytes @ 0x1
  2304                           	global	H1M1S1_SUB@s
  2305  0071                     H1M1S1_SUB@s:	; 1 bytes @ 0x1
  2306                           	global	H2M1S1_ADD@s
  2307  0071                     H2M1S1_ADD@s:	; 1 bytes @ 0x1
  2308                           	global	PID_LIM@min
  2309  0071                     PID_LIM@min:	; 2 bytes @ 0x1
  2310                           	global	MEM_Cpy@p1
  2311  0071                     MEM_Cpy@p1:	; 2 bytes @ 0x1
  2312                           	global	H3M1_ADD@p
  2313  0071                     H3M1_ADD@p:	; 2 bytes @ 0x1
  2314                           	global	___wmul@multiplier
  2315  0071                     ___wmul@multiplier:	; 2 bytes @ 0x1
  2316                           	global	___lwdiv@divisor
  2317  0071                     ___lwdiv@divisor:	; 2 bytes @ 0x1
  2318                           	global	___lwmod@divisor
  2319  0071                     ___lwmod@divisor:	; 2 bytes @ 0x1
  2320                           	global	SQRT32@a
  2321  0071                     SQRT32@a:	; 4 bytes @ 0x1
  2322                           	global	___lmul@multiplier
  2323  0071                     ___lmul@multiplier:	; 4 bytes @ 0x1
  2324  0071                     	ds	1
  2325                           	global	??_E2P_WriteByte
  2326  0072                     ??_E2P_WriteByte:	; 0 bytes @ 0x2
  2327                           	global	?_E2P_RD
  2328  0072                     ?_E2P_RD:	; 0 bytes @ 0x2
  2329                           	global	??_H1M1S1_ADD
  2330  0072                     ??_H1M1S1_ADD:	; 0 bytes @ 0x2
  2331                           	global	??_H1M1S1_SUB
  2332  0072                     ??_H1M1S1_SUB:	; 0 bytes @ 0x2
  2333                           	global	??_H2M1S1_ADD
  2334  0072                     ??_H2M1S1_ADD:	; 0 bytes @ 0x2
  2335                           	global	E2P_WriteByte@addr
  2336  0072                     E2P_WriteByte@addr:	; 1 bytes @ 0x2
  2337                           	global	SRL_Putc@c
  2338  0072                     SRL_Putc@c:	; 1 bytes @ 0x2
  2339                           	global	MEM_Cmp@n
  2340  0072                     MEM_Cmp@n:	; 1 bytes @ 0x2
  2341                           	global	SVC_SetTuneValue@value
  2342  0072                     SVC_SetTuneValue@value:	; 1 bytes @ 0x2
  2343                           	global	E2P_RD@p
  2344  0072                     E2P_RD@p:	; 2 bytes @ 0x2
  2345  0072                     	ds	1
  2346                           	global	??_CAL_TuneValue
  2347  0073                     ??_CAL_TuneValue:	; 0 bytes @ 0x3
  2348                           	global	??_MEM_Cmp
  2349  0073                     ??_MEM_Cmp:	; 0 bytes @ 0x3
  2350                           	global	?_E2P_WR
  2351  0073                     ?_E2P_WR:	; 1 bytes @ 0x3
  2352                           	global	H1M1S1_ADD@p
  2353  0073                     H1M1S1_ADD@p:	; 1 bytes @ 0x3
  2354                           	global	H1M1S1_SUB@p
  2355  0073                     H1M1S1_SUB@p:	; 1 bytes @ 0x3
  2356                           	global	H2M1S1_ADD@p
  2357  0073                     H2M1S1_ADD@p:	; 1 bytes @ 0x3
  2358                           	global	H3M1_ADD@m
  2359  0073                     H3M1_ADD@m:	; 1 bytes @ 0x3
  2360                           	global	PID_LIM@max
  2361  0073                     PID_LIM@max:	; 2 bytes @ 0x3
  2362                           	global	E2P_WR@p
  2363  0073                     E2P_WR@p:	; 2 bytes @ 0x3
  2364                           	global	MEM_Cpy@p2
  2365  0073                     MEM_Cpy@p2:	; 2 bytes @ 0x3
  2366                           	global	___wmul@multiplicand
  2367  0073                     ___wmul@multiplicand:	; 2 bytes @ 0x3
  2368                           	global	___lwdiv@dividend
  2369  0073                     ___lwdiv@dividend:	; 2 bytes @ 0x3
  2370                           	global	___lwmod@dividend
  2371  0073                     ___lwmod@dividend:	; 2 bytes @ 0x3
  2372  0073                     	ds	1
  2373                           	global	??_H3M1_ADD
  2374  0074                     ??_H3M1_ADD:	; 0 bytes @ 0x4
  2375                           	global	E2P_RD@n
  2376  0074                     E2P_RD@n:	; 1 bytes @ 0x4
  2377  0074                     	ds	1
  2378                           	global	??_SYS_Ctrl
  2379  0075                     ??_SYS_Ctrl:	; 0 bytes @ 0x5
  2380                           	global	??_SQRT32
  2381  0075                     ??_SQRT32:	; 0 bytes @ 0x5
  2382                           	global	??_PID_LIM
  2383  0075                     ??_PID_LIM:	; 0 bytes @ 0x5
  2384                           	global	??_E2P_RD
  2385  0075                     ??_E2P_RD:	; 0 bytes @ 0x5
  2386                           	global	??___wmul
  2387  0075                     ??___wmul:	; 0 bytes @ 0x5
  2388                           	global	??___lwdiv
  2389  0075                     ??___lwdiv:	; 0 bytes @ 0x5
  2390                           	global	??___lwmod
  2391  0075                     ??___lwmod:	; 0 bytes @ 0x5
  2392                           	global	CAL_AcPeriod@i
  2393  0075                     CAL_AcPeriod@i:	; 1 bytes @ 0x5
  2394                           	global	E2P_WR@n
  2395  0075                     E2P_WR@n:	; 1 bytes @ 0x5
  2396                           	global	MEM_Cpy@n
  2397  0075                     MEM_Cpy@n:	; 1 bytes @ 0x5
  2398                           	global	MEM_Cmp@p1
  2399  0075                     MEM_Cmp@p1:	; 1 bytes @ 0x5
  2400                           	global	___wmul@product
  2401  0075                     ___wmul@product:	; 2 bytes @ 0x5
  2402                           	global	___lmul@multiplicand
  2403  0075                     ___lmul@multiplicand:	; 4 bytes @ 0x5
  2404  0075                     	ds	1
  2405                           	global	??_E2P_WR
  2406  0076                     ??_E2P_WR:	; 0 bytes @ 0x6
  2407                           	global	??_MEM_Cpy
  2408  0076                     ??_MEM_Cpy:	; 0 bytes @ 0x6
  2409                           	global	E2P_RD@addr
  2410  0076                     E2P_RD@addr:	; 1 bytes @ 0x6
  2411                           	global	___lwmod@counter
  2412  0076                     ___lwmod@counter:	; 1 bytes @ 0x6
  2413                           	global	CAL_AcPeriod@t
  2414  0076                     CAL_AcPeriod@t:	; 2 bytes @ 0x6
  2415                           	global	___lwdiv@quotient
  2416  0076                     ___lwdiv@quotient:	; 2 bytes @ 0x6
  2417  0076                     	ds	1
  2418                           	global	??_SVC_Init
  2419  0077                     ??_SVC_Init:	; 0 bytes @ 0x7
  2420                           	global	??_SVC_Timer
  2421  0077                     ??_SVC_Timer:	; 0 bytes @ 0x7
  2422                           	global	??_REC_SpeedWorking
  2423  0077                     ??_REC_SpeedWorking:	; 0 bytes @ 0x7
  2424                           	global	??_REC_Faults
  2425  0077                     ??_REC_Faults:	; 0 bytes @ 0x7
  2426                           	global	E2P_WR@addr
  2427  0077                     E2P_WR@addr:	; 1 bytes @ 0x7
  2428  0077                     	ds	1
  2429                           	global	PID_LIM@p
  2430  0078                     PID_LIM@p:	; 1 bytes @ 0x8
  2431                           	global	___lwdiv@counter
  2432  0078                     ___lwdiv@counter:	; 1 bytes @ 0x8
  2433  0078                     	ds	1
  2434                           	global	??_SVC_Ctrl
  2435  0079                     ??_SVC_Ctrl:	; 0 bytes @ 0x9
  2436                           	global	?_COM_Print
  2437  0079                     ?_COM_Print:	; 0 bytes @ 0x9
  2438                           	global	??___lmul
  2439  0079                     ??___lmul:	; 0 bytes @ 0x9
  2440                           	global	COM_Print@n
  2441  0079                     COM_Print@n:	; 2 bytes @ 0x9
  2442                           	global	___lmul@product
  2443  0079                     ___lmul@product:	; 4 bytes @ 0x9
  2444  0079                     	ds	1
  2445                           	global	SVC_Init@cmp
  2446  007A                     SVC_Init@cmp:	; 1 bytes @ 0xA
  2447  007A                     	ds	1
  2448                           	global	??_COM_Print
  2449  007B                     ??_COM_Print:	; 0 bytes @ 0xB
  2450                           	global	COM_Print@f
  2451  007B                     COM_Print@f:	; 1 bytes @ 0xB
  2452  007B                     	ds	2
  2453                           	global	??_MTR_Ctrl
  2454  007D                     ??_MTR_Ctrl:	; 0 bytes @ 0xD
  2455                           psect	cstackBANK0,class=BANK0,space=1
  2456                           global __pcstackBANK0
  2457  0052                     __pcstackBANK0:
  2458                           	global	??_COM_Ctrl
  2459  0052                     ??_COM_Ctrl:	; 0 bytes @ 0x0
  2460                           	global	?_PID_CAL
  2461  0052                     ?_PID_CAL:	; 2 bytes @ 0x0
  2462                           	global	?___lldiv
  2463  0052                     ?___lldiv:	; 4 bytes @ 0x0
  2464                           	global	SQRT32@i
  2465  0052                     SQRT32@i:	; 1 bytes @ 0x0
  2466                           	global	_CAL_MtrLevel$10901
  2467  0052                     _CAL_MtrLevel$10901:	; 2 bytes @ 0x0
  2468                           	global	PID_CAL@err
  2469  0052                     PID_CAL@err:	; 2 bytes @ 0x0
  2470                           	global	___lldiv@divisor
  2471  0052                     ___lldiv@divisor:	; 4 bytes @ 0x0
  2472  0052                     	ds	1
  2473                           	global	SQRT32@divisor
  2474  0053                     SQRT32@divisor:	; 4 bytes @ 0x1
  2475  0053                     	ds	1
  2476                           	global	??_PID_CAL
  2477  0054                     ??_PID_CAL:	; 0 bytes @ 0x2
  2478                           	global	_CAL_MtrLevel$10902
  2479  0054                     _CAL_MtrLevel$10902:	; 2 bytes @ 0x2
  2480  0054                     	ds	2
  2481                           	global	_CAL_MtrLevel$10903
  2482  0056                     _CAL_MtrLevel$10903:	; 2 bytes @ 0x4
  2483                           	global	___lldiv@dividend
  2484  0056                     ___lldiv@dividend:	; 4 bytes @ 0x4
  2485  0056                     	ds	1
  2486                           	global	SQRT32@remainder
  2487  0057                     SQRT32@remainder:	; 4 bytes @ 0x5
  2488  0057                     	ds	1
  2489                           	global	_CAL_MtrLevel$10904
  2490  0058                     _CAL_MtrLevel$10904:	; 2 bytes @ 0x6
  2491  0058                     	ds	2
  2492                           	global	??___lldiv
  2493  005A                     ??___lldiv:	; 0 bytes @ 0x8
  2494                           	global	_CAL_MtrLevel$10905
  2495  005A                     _CAL_MtrLevel$10905:	; 2 bytes @ 0x8
  2496  005A                     	ds	1
  2497                           	global	SQRT32@root
  2498  005B                     SQRT32@root:	; 4 bytes @ 0x9
  2499                           	global	___lldiv@quotient
  2500  005B                     ___lldiv@quotient:	; 4 bytes @ 0x9
  2501  005B                     	ds	1
  2502                           	global	_CAL_MtrLevel$10906
  2503  005C                     _CAL_MtrLevel$10906:	; 2 bytes @ 0xA
  2504  005C                     	ds	2
  2505                           	global	_CAL_MtrLevel$10907
  2506  005E                     _CAL_MtrLevel$10907:	; 2 bytes @ 0xC
  2507  005E                     	ds	1
  2508                           	global	___lldiv@counter
  2509  005F                     ___lldiv@counter:	; 1 bytes @ 0xD
  2510  005F                     	ds	1
  2511                           	global	??_CAL_MtrCurrent
  2512  0060                     ??_CAL_MtrCurrent:	; 0 bytes @ 0xE
  2513                           	global	??_CAL_MtrSpeed
  2514  0060                     ??_CAL_MtrSpeed:	; 0 bytes @ 0xE
  2515                           	global	_CAL_MtrLevel$10908
  2516  0060                     _CAL_MtrLevel$10908:	; 2 bytes @ 0xE
  2517  0060                     	ds	2
  2518                           	global	CAL_MtrLevel@ofs
  2519  0062                     CAL_MtrLevel@ofs:	; 1 bytes @ 0x10
  2520  0062                     	ds	1
  2521                           	global	CAL_MtrLevel@ad
  2522  0063                     CAL_MtrLevel@ad:	; 1 bytes @ 0x11
  2523  0063                     	ds	1
  2524                           	global	CAL_MtrSpeed@t
  2525  0064                     CAL_MtrSpeed@t:	; 2 bytes @ 0x12
  2526                           	global	CAL_MtrCurrent@s
  2527  0064                     CAL_MtrCurrent@s:	; 4 bytes @ 0x12
  2528  0064                     	ds	2
  2529                           	global	CAL_MtrSpeed@n
  2530  0066                     CAL_MtrSpeed@n:	; 1 bytes @ 0x14
  2531                           	global	PID_CAL@p
  2532  0066                     PID_CAL@p:	; 1 bytes @ 0x14
  2533  0066                     	ds	1
  2534                           	global	??_MTR_Driver
  2535  0067                     ??_MTR_Driver:	; 0 bytes @ 0x15
  2536                           	global	CAL_MtrSpeed@j
  2537  0067                     CAL_MtrSpeed@j:	; 1 bytes @ 0x15
  2538  0067                     	ds	1
  2539                           	global	CAL_MtrSpeed@i
  2540  0068                     CAL_MtrSpeed@i:	; 1 bytes @ 0x16
  2541                           	global	CAL_MtrCurrent@n
  2542  0068                     CAL_MtrCurrent@n:	; 4 bytes @ 0x16
  2543  0068                     	ds	1
  2544                           	global	MTR_Driver@err
  2545  0069                     MTR_Driver@err:	; 2 bytes @ 0x17
  2546  0069                     	ds	2
  2547                           	global	MTR_Driver@max
  2548  006B                     MTR_Driver@max:	; 2 bytes @ 0x19
  2549  006B                     	ds	2
  2550                           	global	??_main
  2551  006D                     ??_main:	; 0 bytes @ 0x1B
  2552  006D                     	ds	1
  2553 ;;Data sizes: Strings 0, constant 256, data 0, bss 114, persistent 13 stack 0
  2554 ;;Auto spaces:   Size  Autos    Used
  2555 ;; COMMON          14     13      14
  2556 ;; BANK0           80     28      79
  2557 ;; BANK1           80      0      67
  2558 ;; BANK2           80      0       0
  2559 ;; BANK3           80      0       8
  2560 ;; BANK4           80      0       0
  2561 ;; BANK5           80      0       0
  2562 ;; BANK7           16      0       0
  2563 ;; BANK8hh         20      0       0
  2564 ;; BANK8hl          3      0       0
  2565 ;; BANK8l           1      0       0
  2566 ;; BANK9hh         50      0       0
  2567 ;; BANK9hl          1      0       0
  2568 ;; BANK9l           1      0       0
  2569 ;; BANK10h         17      0       0
  2570 ;; BANK10l          4      0       0
  2571 ;; BANK11          68      0       0
  2572 ;; BANK12           8      0       0
  2573                           
  2574 ;;
  2575 ;; Pointer list with targets:
  2576                           
  2577 ;; ?_PID_LIM	short  size(1) Largest target is 0
  2578 ;;
  2579 ;; ?_PID_CAL	short  size(1) Largest target is 0
  2580 ;;
  2581 ;; ?___wmul	unsigned int  size(1) Largest target is 0
  2582 ;;
  2583 ;; ?___lmul	unsigned long  size(1) Largest target is 0
  2584 ;;
  2585 ;; ?___lldiv	unsigned long  size(1) Largest target is 0
  2586 ;;
  2587 ;; ?_SQRT32	unsigned short  size(1) Largest target is 0
  2588 ;;
  2589 ;; ?___lwmod	unsigned int  size(1) Largest target is 4
  2590 ;;		 -> CAL_MtrSpeed@j(BANK0[1]), CAL_MtrCurrent@s(BANK0[4]), 
  2591 ;;
  2592 ;; ?___lwdiv	unsigned int  size(1) Largest target is 0
  2593 ;;
  2594 ;; H3M1_ADD@p	PTR struct . size(2) Largest target is 5
  2595 ;;		 -> totalPowerOnTime(BANK11[4]), powerOnTime(BANK1[5]), 
  2596 ;;
  2597 ;; H2M1S1_ADD@p	PTR struct . size(1) Largest target is 28
  2598 ;;		 -> totalSpeedWorkingTime(BANK8hl[28]), 
  2599 ;;
  2600 ;; H1M1S1_SUB@p	PTR struct . size(1) Largest target is 3
  2601 ;;		 -> REC_SpeedWorking@tmLvl(BANK0[3]), 
  2602 ;;
  2603 ;; H1M1S1_ADD@p	PTR struct . size(1) Largest target is 3
  2604 ;;		 -> REC_SpeedWorking@tmLvl(BANK0[3]), 
  2605 ;;
  2606 ;; MEM_Cmp@p2	PTR unsigned char  size(1) Largest target is 4
  2607 ;;		 -> totalWorkingTime(BANK11[4]), 
  2608 ;;
  2609 ;; MEM_Cmp@p1	PTR unsigned char  size(1) Largest target is 4
  2610 ;;		 -> totalPowerOnTime(BANK11[4]), 
  2611 ;;
  2612 ;; MEM_Cpy@p2	PTR unsigned char  size(2) Largest target is 28
  2613 ;;		 -> REC_SpeedWorking@tmLvl(BANK0[3]), totalPowerOnTime(BANK11[4]), faultTimeStamp(BANK10l[28]), lastSpeedWorkingTime
       (BANK8l[21]), 
  2614 ;;		 -> powerOnTime(BANK1[5]), 
  2615 ;;
  2616 ;; MEM_Cpy@p1	PTR unsigned char  size(2) Largest target is 28
  2617 ;;		 -> totalWorkingTime(BANK11[4]), faultTimeStamp(BANK10l[28]), lastSpeedWorkingTime(BANK8l[21]), 
  2618 ;;
  2619 ;; E2P_WR@p	PTR unsigned char  size(2) Largest target is 36
  2620 ;;		 -> tuneValue(BANK0[1]), totalInterlockOpenCount(ABS[2]), totalNoInterlockTime(ABS[4]), totalKeyPressedCount(ABS[18]
       ), 
  2621 ;;		 -> totalAutoPressedCount(ABS[2]), keyWorkingTime(BANK12[36]), autoWorkingTime(BANK12[4]), totalWorkingTime(BANK11[4
       ]), 
  2622 ;;		 -> totalStandbyTime(BANK11[4]), totalPowerOnTime(BANK11[4]), lastUseMaxMotorTemp(BANK10h[7]), maxMotorHistoryTemp(B
       ANK10h[1]), 
  2623 ;;		 -> maxMcuTemp(BANK10l[7]), faultTimeStamp(BANK10l[28]), faultTotalCount(BANK10l[9]), faultCode(BANK10l[7]), 
  2624 ;;		 -> lastUseReadyTime(BANK9hl[14]), lastUseAvePower(BANK9l[7]), lastUseMaxPower(BANK9l[7]), totalSpeedWorkingTime(BAN
       K8hl[28]), 
  2625 ;;		 -> lastSpeedWorkingTime(BANK8l[21]), lastSpeedSetting(BANK8l[7]), 
  2626 ;;
  2627 ;; E2P_RD@p	PTR unsigned char  size(2) Largest target is 36
  2628 ;;		 -> tuneValue(BANK0[1]), totalInterlockOpenCount(ABS[2]), totalNoInterlockTime(ABS[4]), totalKeyPressedCount(ABS[18]
       ), 
  2629 ;;		 -> totalAutoPressedCount(ABS[2]), keyWorkingTime(BANK12[36]), autoWorkingTime(BANK12[4]), totalWorkingTime(BANK11[4
       ]), 
  2630 ;;		 -> totalStandbyTime(BANK11[4]), totalPowerOnTime(BANK11[4]), lastUseMaxMotorTemp(BANK10h[7]), maxMotorHistoryTemp(B
       ANK10h[1]), 
  2631 ;;		 -> maxMcuTemp(BANK10l[7]), faultTimeStamp(BANK10l[28]), faultTotalCount(BANK10l[9]), faultCode(BANK10l[7]), 
  2632 ;;		 -> lastUseReadyTime(BANK9hl[14]), lastUseAvePower(BANK9l[7]), lastUseMaxPower(BANK9l[7]), totalSpeedWorkingTime(BAN
       K8hl[28]), 
  2633 ;;		 -> lastSpeedWorkingTime(BANK8l[21]), lastSpeedSetting(BANK8l[7]), 
  2634 ;;
  2635 ;; PID_LIM@p	PTR struct . size(1) Largest target is 16
  2636 ;;		 -> MTR_Driver@SREG(BANK1[16]), 
  2637 ;;
  2638 ;; PID_CAL@p	PTR struct . size(1) Largest target is 16
  2639 ;;		 -> MTR_Driver@SREG(BANK1[16]), 
  2640 ;;
  2641                           
  2642                           
  2643 ;;
  2644 ;; Critical Paths under _main in COMMON
  2645 ;;
  2646 ;;   _SVC_Ctrl->_REC_SpeedWorking
  2647 ;;   _SYS_Ctrl->_CAL_TuneValue
  2648 ;;   _SVC_Init->_E2P_RD
  2649 ;;   _COM_Ctrl->_COM_Print
  2650 ;;   _REC_Faults->_MEM_Cpy
  2651 ;;   _REC_SpeedWorking->_MEM_Cpy
  2652 ;;   _SVC_Timer->_H3M1_ADD
  2653 ;;   _SVC_Timer->_MEM_Cpy
  2654 ;;   _E2P_WR->_E2P_WriteByte
  2655 ;;   _E2P_RD->_E2P_ReadByte
  2656 ;;   _CAL_TuneValue->_SVC_SetTuneValue
  2657 ;;   _PID_CAL->___lmul
  2658 ;;   _CAL_MtrSpeed->___lmul
  2659 ;;   _CAL_MtrCurrent->___lmul
  2660 ;;   _COM_Print->___lwdiv
  2661 ;;   ___lldiv->___lmul
  2662 ;;
  2663 ;; Critical Paths under _INTSR in COMMON
  2664 ;;
  2665 ;;   None.
  2666 ;;
  2667 ;; Critical Paths under _main in BANK0
  2668 ;;
  2669 ;;   _MTR_Ctrl->_MTR_Driver
  2670 ;;   _MTR_Driver->_PID_CAL
  2671 ;;   _SYS_Ctrl->_CAL_MtrLevel
  2672 ;;   _CAL_MtrSpeed->___lldiv
  2673 ;;   _CAL_MtrCurrent->___lldiv
  2674 ;;
  2675 ;; Critical Paths under _INTSR in BANK0
  2676 ;;
  2677 ;;   None.
  2678 ;;
  2679 ;; Critical Paths under _main in BANK1
  2680 ;;
  2681 ;;   None.
  2682 ;;
  2683 ;; Critical Paths under _INTSR in BANK1
  2684 ;;
  2685 ;;   None.
  2686 ;;
  2687 ;; Critical Paths under _main in BANK2
  2688 ;;
  2689 ;;   None.
  2690 ;;
  2691 ;; Critical Paths under _INTSR in BANK2
  2692 ;;
  2693 ;;   None.
  2694 ;;
  2695 ;; Critical Paths under _main in BANK3
  2696 ;;
  2697 ;;   None.
  2698 ;;
  2699 ;; Critical Paths under _INTSR in BANK3
  2700 ;;
  2701 ;;   None.
  2702 ;;
  2703 ;; Critical Paths under _main in BANK4
  2704 ;;
  2705 ;;   None.
  2706 ;;
  2707 ;; Critical Paths under _INTSR in BANK4
  2708 ;;
  2709 ;;   None.
  2710 ;;
  2711 ;; Critical Paths under _main in BANK5
  2712 ;;
  2713 ;;   None.
  2714 ;;
  2715 ;; Critical Paths under _INTSR in BANK5
  2716 ;;
  2717 ;;   None.
  2718 ;;
  2719 ;; Critical Paths under _main in BANK7
  2720 ;;
  2721 ;;   None.
  2722 ;;
  2723 ;; Critical Paths under _INTSR in BANK7
  2724 ;;
  2725 ;;   None.
  2726 ;;
  2727 ;; Critical Paths under _main in BANK8hh
  2728 ;;
  2729 ;;   None.
  2730 ;;
  2731 ;; Critical Paths under _INTSR in BANK8hh
  2732 ;;
  2733 ;;   None.
  2734 ;;
  2735 ;; Critical Paths under _main in BANK8hl
  2736 ;;
  2737 ;;   None.
  2738 ;;
  2739 ;; Critical Paths under _INTSR in BANK8hl
  2740 ;;
  2741 ;;   None.
  2742 ;;
  2743 ;; Critical Paths under _main in BANK8l
  2744 ;;
  2745 ;;   None.
  2746 ;;
  2747 ;; Critical Paths under _INTSR in BANK8l
  2748 ;;
  2749 ;;   None.
  2750 ;;
  2751 ;; Critical Paths under _main in BANK9hh
  2752 ;;
  2753 ;;   None.
  2754 ;;
  2755 ;; Critical Paths under _INTSR in BANK9hh
  2756 ;;
  2757 ;;   None.
  2758 ;;
  2759 ;; Critical Paths under _main in BANK9hl
  2760 ;;
  2761 ;;   None.
  2762 ;;
  2763 ;; Critical Paths under _INTSR in BANK9hl
  2764 ;;
  2765 ;;   None.
  2766 ;;
  2767 ;; Critical Paths under _main in BANK9l
  2768 ;;
  2769 ;;   None.
  2770 ;;
  2771 ;; Critical Paths under _INTSR in BANK9l
  2772 ;;
  2773 ;;   None.
  2774 ;;
  2775 ;; Critical Paths under _main in BANK10h
  2776 ;;
  2777 ;;   None.
  2778 ;;
  2779 ;; Critical Paths under _INTSR in BANK10h
  2780 ;;
  2781 ;;   None.
  2782 ;;
  2783 ;; Critical Paths under _main in BANK10l
  2784 ;;
  2785 ;;   None.
  2786 ;;
  2787 ;; Critical Paths under _INTSR in BANK10l
  2788 ;;
  2789 ;;   None.
  2790 ;;
  2791 ;; Critical Paths under _main in BANK11
  2792 ;;
  2793 ;;   None.
  2794 ;;
  2795 ;; Critical Paths under _INTSR in BANK11
  2796 ;;
  2797 ;;   None.
  2798 ;;
  2799 ;; Critical Paths under _main in BANK12
  2800 ;;
  2801 ;;   None.
  2802 ;;
  2803 ;; Critical Paths under _INTSR in BANK12
  2804 ;;
  2805 ;;   None.
  2806                           
  2807 ;;
  2808 ;;Main: autosize = 0, tempsize = 1, incstack = 0, save=0
  2809 ;;
  2810                           
  2811 ;;
  2812 ;;Call Graph Tables:
  2813 ;;
  2814 ;; ---------------------------------------------------------------------------------
  2815 ;; (Depth) Function   	        Calls       Base Space   Used Autos Params    Refs
  2816 ;; ---------------------------------------------------------------------------------
  2817 ;; (0) _main                                                 1     1      0    5191
  2818 ;;                                             27 BANK0      1     1      0
  2819 ;;                           _MCU_Init
  2820 ;;                           _COM_Init
  2821 ;;                           _MTR_Init
  2822 ;;                           _SYS_Init
  2823 ;;                           _SVC_Init
  2824 ;;                        _MCU_Refresh
  2825 ;;                           _COM_Ctrl
  2826 ;;                           _MTR_Ctrl
  2827 ;;                           _SYS_Ctrl
  2828 ;;                           _SVC_Ctrl
  2829 ;; ---------------------------------------------------------------------------------
  2830 ;; (1) _MTR_Ctrl                                             0     0      0    2164
  2831 ;;                        _CAL_MtrTemp
  2832 ;;                     _CAL_MtrCurrent
  2833 ;;                       _CAL_MtrSpeed
  2834 ;;                       _CAL_AcPeriod
  2835 ;;                       _CAL_MtrError
  2836 ;;                         _MTR_Driver
  2837 ;; ---------------------------------------------------------------------------------
  2838 ;; (2) _MTR_Driver                                           6     6      0     968
  2839 ;;                                             21 BANK0      6     6      0
  2840 ;;                             ___wmul
  2841 ;;                            _PID_CAL
  2842 ;;                            _PID_LIM
  2843 ;; ---------------------------------------------------------------------------------
  2844 ;; (1) _SVC_Ctrl                                             1     1      0    1175
  2845 ;;                                              9 COMMON     1     1      0
  2846 ;;                          _SVC_Timer
  2847 ;;                   _REC_SpeedWorking
  2848 ;;                   _REC_WorkingPower
  2849 ;;                    _REC_WorkingTemp
  2850 ;;                         _REC_Faults
  2851 ;;                             _E2P_WR
  2852 ;; ---------------------------------------------------------------------------------
  2853 ;; (1) _SYS_Ctrl                                             4     4      0     771
  2854 ;;                                              5 COMMON     4     4      0
  2855 ;;                       _CAL_MtrLevel
  2856 ;;                      _CAL_TuneValue
  2857 ;; ---------------------------------------------------------------------------------
  2858 ;; (1) _SVC_Init                                             4     4      0     334
  2859 ;;                                              7 COMMON     4     4      0
  2860 ;;                             _E2P_RD
  2861 ;;                            _MEM_Cmp
  2862 ;; ---------------------------------------------------------------------------------
  2863 ;; (1) _COM_Ctrl                                             2     2      0     747
  2864 ;;                                              0 BANK0      2     2      0
  2865 ;;                          _COM_Print
  2866 ;;                           _SRL_Putc
  2867 ;;                       _E2P_ReadByte
  2868 ;; ---------------------------------------------------------------------------------
  2869 ;; (2) _REC_Faults                                           1     1      0      68
  2870 ;;                                              7 COMMON     1     1      0
  2871 ;;                            _MEM_Cpy
  2872 ;; ---------------------------------------------------------------------------------
  2873 ;; (2) _REC_SpeedWorking                                     2     2      0     640
  2874 ;;                                              7 COMMON     2     2      0
  2875 ;;                         _H1M1S1_ADD
  2876 ;;                         _H1M1S1_SUB
  2877 ;;                            _MEM_Cpy
  2878 ;;                         _H2M1S1_ADD
  2879 ;; ---------------------------------------------------------------------------------
  2880 ;; (2) _SVC_Timer                                            1     1      0     266
  2881 ;;                                              7 COMMON     1     1      0
  2882 ;;                           _H3M1_ADD
  2883 ;;                            _MEM_Cpy
  2884 ;; ---------------------------------------------------------------------------------
  2885 ;; (2) _E2P_WR                                               5     2      3     201
  2886 ;;                                              3 COMMON     5     2      3
  2887 ;;                       _E2P_ReadByte
  2888 ;;                      _E2P_WriteByte
  2889 ;; ---------------------------------------------------------------------------------
  2890 ;; (2) _E2P_RD                                               5     2      3      90
  2891 ;;                                              2 COMMON     5     2      3
  2892 ;;                       _E2P_ReadByte
  2893 ;; ---------------------------------------------------------------------------------
  2894 ;; (2) _CAL_TuneValue                                        2     2      0      44
  2895 ;;                                              3 COMMON     2     2      0
  2896 ;;                   _SVC_SetTuneValue
  2897 ;; ---------------------------------------------------------------------------------
  2898 ;; (2) _CAL_MtrLevel                                        19    19      0     727
  2899 ;;                                              1 COMMON     1     1      0
  2900 ;;                                              0 BANK0     18    18      0
  2901 ;;                   _SVC_GetTuneValue
  2902 ;; ---------------------------------------------------------------------------------
  2903 ;; (3) _PID_CAL                                             21    19      2     538
  2904 ;;                                              0 BANK0     21    19      2
  2905 ;;                             ___lmul
  2906 ;; ---------------------------------------------------------------------------------
  2907 ;; (2) _CAL_MtrSpeed                                         9     9      0     526
  2908 ;;                                             14 BANK0      9     9      0
  2909 ;;                             ___lmul
  2910 ;;                            ___lldiv
  2911 ;; ---------------------------------------------------------------------------------
  2912 ;; (2) _CAL_MtrCurrent                                      12    12      0     536
  2913 ;;                                             14 BANK0     12    12      0
  2914 ;;                             _SQRT32
  2915 ;;                             ___lmul
  2916 ;;                            ___lldiv
  2917 ;; ---------------------------------------------------------------------------------
  2918 ;; (2) _COM_Print                                            3     1      2     703
  2919 ;;                                              9 COMMON     3     1      2
  2920 ;;                            ___lwdiv
  2921 ;;                           _SRL_Putc
  2922 ;;                            ___lwmod
  2923 ;;                       _E2P_ReadByte (ARG)
  2924 ;; ---------------------------------------------------------------------------------
  2925 ;; (3) ___lldiv                                             14     6      8     162
  2926 ;;                                              0 BANK0     14     6      8
  2927 ;;                             ___lmul (ARG)
  2928 ;; ---------------------------------------------------------------------------------
  2929 ;; (4) ___lmul                                              12     4      8      92
  2930 ;;                                              1 COMMON    12     4      8
  2931 ;; ---------------------------------------------------------------------------------
  2932 ;; (3) ___lwmod                                              6     2      4     159
  2933 ;;                                              1 COMMON     6     2      4
  2934 ;; ---------------------------------------------------------------------------------
  2935 ;; (3) ___lwdiv                                              8     4      4     162
  2936 ;;                                              1 COMMON     8     4      4
  2937 ;; ---------------------------------------------------------------------------------
  2938 ;; (3) ___wmul                                               6     2      4      92
  2939 ;;                                              1 COMMON     6     2      4
  2940 ;; ---------------------------------------------------------------------------------
  2941 ;; (2) _REC_WorkingTemp                                      2     2      0       0
  2942 ;;                                              1 COMMON     2     2      0
  2943 ;; ---------------------------------------------------------------------------------
  2944 ;; (2) _REC_WorkingPower                                     0     0      0       0
  2945 ;; ---------------------------------------------------------------------------------
  2946 ;; (3) _H3M1_ADD                                             6     3      3     198
  2947 ;;                                              1 COMMON     6     3      3
  2948 ;; ---------------------------------------------------------------------------------
  2949 ;; (3) _H2M1S1_ADD                                           3     2      1     220
  2950 ;;                                              1 COMMON     3     2      1
  2951 ;; ---------------------------------------------------------------------------------
  2952 ;; (3) _H1M1S1_SUB                                           3     2      1     176
  2953 ;;                                              1 COMMON     3     2      1
  2954 ;; ---------------------------------------------------------------------------------
  2955 ;; (3) _H1M1S1_ADD                                           3     2      1     176
  2956 ;;                                              1 COMMON     3     2      1
  2957 ;; ---------------------------------------------------------------------------------
  2958 ;; (2) _MEM_Cmp                                              5     3      2     199
  2959 ;;                                              1 COMMON     5     3      2
  2960 ;; ---------------------------------------------------------------------------------
  2961 ;; (3) _MEM_Cpy                                              6     1      5      68
  2962 ;;                                              1 COMMON     6     1      5
  2963 ;; ---------------------------------------------------------------------------------
  2964 ;; (3) _SVC_SetTuneValue                                     2     2      0      44
  2965 ;;                                              1 COMMON     2     2      0
  2966 ;; ---------------------------------------------------------------------------------
  2967 ;; (3) _SVC_GetTuneValue                                     0     0      0       0
  2968 ;; ---------------------------------------------------------------------------------
  2969 ;; (3) _PID_LIM                                              8     4      4     226
  2970 ;;                                              1 COMMON     8     4      4
  2971 ;; ---------------------------------------------------------------------------------
  2972 ;; (2) _CAL_MtrError                                         0     0      0       0
  2973 ;; ---------------------------------------------------------------------------------
  2974 ;; (2) _CAL_AcPeriod                                         7     7      0     134
  2975 ;;                                              1 COMMON     7     7      0
  2976 ;; ---------------------------------------------------------------------------------
  2977 ;; (3) _SQRT32                                              21    17      4     190
  2978 ;;                                              1 COMMON     8     4      4
  2979 ;;                                              0 BANK0     13    13      0
  2980 ;; ---------------------------------------------------------------------------------
  2981 ;; (2) _CAL_MtrTemp                                          3     3      0       0
  2982 ;;                                              1 COMMON     3     3      0
  2983 ;; ---------------------------------------------------------------------------------
  2984 ;; (1) _SYS_Init                                             0     0      0       0
  2985 ;; ---------------------------------------------------------------------------------
  2986 ;; (1) _MTR_Init                                             0     0      0       0
  2987 ;; ---------------------------------------------------------------------------------
  2988 ;; (3) _E2P_WriteByte                                        2     1      1      44
  2989 ;;                                              1 COMMON     2     1      1
  2990 ;; ---------------------------------------------------------------------------------
  2991 ;; (1) _MCU_Refresh                                          0     0      0       0
  2992 ;; ---------------------------------------------------------------------------------
  2993 ;; (1) _MCU_Init                                             1     1      0       0
  2994 ;;                                              1 COMMON     1     1      0
  2995 ;; ---------------------------------------------------------------------------------
  2996 ;; (3) _E2P_ReadByte                                         1     1      0      22
  2997 ;;                                              1 COMMON     1     1      0
  2998 ;; ---------------------------------------------------------------------------------
  2999 ;; (1) _COM_Init                                             0     0      0       0
  3000 ;; ---------------------------------------------------------------------------------
  3001 ;; (2) _SRL_Putc                                             2     2      0      22
  3002 ;;                                              1 COMMON     2     2      0
  3003 ;; ---------------------------------------------------------------------------------
  3004 ;; Estimated maximum stack depth 4
  3005 ;; ---------------------------------------------------------------------------------
  3006 ;; (Depth) Function   	        Calls       Base Space   Used Autos Params    Refs
  3007 ;; ---------------------------------------------------------------------------------
  3008 ;; (5) _INTSR                                                1     1      0       0
  3009 ;;                                              0 COMMON     1     1      0
  3010 ;; ---------------------------------------------------------------------------------
  3011 ;; Estimated maximum stack depth 5
  3012 ;; ---------------------------------------------------------------------------------
  3013                           
  3014 ;; Call Graph Graphs:
  3015                           
  3016 ;; _main (ROOT)
  3017 ;;   _MCU_Init
  3018 ;;   _COM_Init
  3019 ;;   _MTR_Init
  3020 ;;   _SYS_Init
  3021 ;;   _SVC_Init
  3022 ;;     _E2P_RD
  3023 ;;       _E2P_ReadByte
  3024 ;;     _MEM_Cmp
  3025 ;;   _MCU_Refresh
  3026 ;;   _COM_Ctrl
  3027 ;;     _COM_Print
  3028 ;;       ___lwdiv
  3029 ;;       _SRL_Putc
  3030 ;;       ___lwmod
  3031 ;;       _E2P_ReadByte (ARG)
  3032 ;;     _SRL_Putc
  3033 ;;     _E2P_ReadByte
  3034 ;;   _MTR_Ctrl
  3035 ;;     _CAL_MtrTemp
  3036 ;;     _CAL_MtrCurrent
  3037 ;;       _SQRT32
  3038 ;;       ___lmul
  3039 ;;       ___lldiv
  3040 ;;         ___lmul (ARG)
  3041 ;;     _CAL_MtrSpeed
  3042 ;;       ___lmul
  3043 ;;       ___lldiv
  3044 ;;         ___lmul (ARG)
  3045 ;;     _CAL_AcPeriod
  3046 ;;     _CAL_MtrError
  3047 ;;     _MTR_Driver
  3048 ;;       ___wmul
  3049 ;;       _PID_CAL
  3050 ;;         ___lmul
  3051 ;;       _PID_LIM
  3052 ;;   _SYS_Ctrl
  3053 ;;     _CAL_MtrLevel
  3054 ;;       _SVC_GetTuneValue
  3055 ;;     _CAL_TuneValue
  3056 ;;       _SVC_SetTuneValue
  3057 ;;   _SVC_Ctrl
  3058 ;;     _SVC_Timer
  3059 ;;       _H3M1_ADD
  3060 ;;       _MEM_Cpy
  3061 ;;     _REC_SpeedWorking
  3062 ;;       _H1M1S1_ADD
  3063 ;;       _H1M1S1_SUB
  3064 ;;       _MEM_Cpy
  3065 ;;       _H2M1S1_ADD
  3066 ;;     _REC_WorkingPower
  3067 ;;     _REC_WorkingTemp
  3068 ;;     _REC_Faults
  3069 ;;       _MEM_Cpy
  3070 ;;     _E2P_WR
  3071 ;;       _E2P_ReadByte
  3072 ;;       _E2P_WriteByte
  3073 ;;
  3074 ;; _INTSR (ROOT)
  3075 ;;
  3076                           
  3077 ;; Address spaces:
  3078                           
  3079 ;;Name               Size   Autos  Total    Cost      Usage
  3080 ;;BIGRAM             3F0      0       0       0        0.0%
  3081 ;;EEDATA             100      0       0       0        0.0%
  3082 ;;NULL                 0      0       0       0        0.0%
  3083 ;;CODE                 0      0       0       0        0.0%
  3084 ;;BITCOMMON            E      0       0       1        0.0%
  3085 ;;BITSFR0              0      0       0       1        0.0%
  3086 ;;SFR0                 0      0       0       1        0.0%
  3087 ;;COMMON               E      D       E       2      100.0%
  3088 ;;BITSFR1              0      0       0       2        0.0%
  3089 ;;SFR1                 0      0       0       2        0.0%
  3090 ;;BITSFR2              0      0       0       3        0.0%
  3091 ;;SFR2                 0      0       0       3        0.0%
  3092 ;;STACK                0      0       4       3        0.0%
  3093 ;;BITBANK0            50      0       0       4        0.0%
  3094 ;;BITSFR3              0      0       0       4        0.0%
  3095 ;;SFR3                 0      0       0       4        0.0%
  3096 ;;BANK0               50     1C      4F       5       98.8%
  3097 ;;BITSFR4              0      0       0       5        0.0%
  3098 ;;SFR4                 0      0       0       5        0.0%
  3099 ;;BITBANK1            50      0       0       6        0.0%
  3100 ;;BITSFR5              0      0       0       6        0.0%
  3101 ;;SFR5                 0      0       0       6        0.0%
  3102 ;;BANK1               50      0      43       7       83.8%
  3103 ;;BITSFR6              0      0       0       7        0.0%
  3104 ;;SFR6                 0      0       0       7        0.0%
  3105 ;;BITBANK2            50      0       0       8        0.0%
  3106 ;;BITSFR7              0      0       0       8        0.0%
  3107 ;;SFR7                 0      0       0       8        0.0%
  3108 ;;BANK2               50      0       0       9        0.0%
  3109 ;;BITSFR8              0      0       0       9        0.0%
  3110 ;;SFR8                 0      0       0       9        0.0%
  3111 ;;BITBANK3            50      0       0      10        0.0%
  3112 ;;BITSFR9              0      0       0      10        0.0%
  3113 ;;SFR9                 0      0       0      10        0.0%
  3114 ;;BANK3               50      0       8      11       10.0%
  3115 ;;BITSFR10             0      0       0      11        0.0%
  3116 ;;SFR10                0      0       0      11        0.0%
  3117 ;;BITBANK4            50      0       0      12        0.0%
  3118 ;;BITSFR11             0      0       0      12        0.0%
  3119 ;;SFR11                0      0       0      12        0.0%
  3120 ;;BANK4               50      0       0      13        0.0%
  3121 ;;BITSFR12             0      0       0      13        0.0%
  3122 ;;SFR12                0      0       0      13        0.0%
  3123 ;;BITBANK5            50      0       0      14        0.0%
  3124 ;;BITSFR13             0      0       0      14        0.0%
  3125 ;;SFR13                0      0       0      14        0.0%
  3126 ;;BANK5               50      0       0      15        0.0%
  3127 ;;BITSFR14             0      0       0      15        0.0%
  3128 ;;SFR14                0      0       0      15        0.0%
  3129 ;;BITBANK7            10      0       0      16        0.0%
  3130 ;;BITSFR15             0      0       0      16        0.0%
  3131 ;;SFR15                0      0       0      16        0.0%
  3132 ;;BANK7               10      0       0      17        0.0%
  3133 ;;BITSFR16             0      0       0      17        0.0%
  3134 ;;SFR16                0      0       0      17        0.0%
  3135 ;;BITSFR17             0      0       0      18        0.0%
  3136 ;;SFR17                0      0       0      18        0.0%
  3137 ;;ABS                  0      0      A8      18        0.0%
  3138 ;;BITBANK8hh          14      0       0      19        0.0%
  3139 ;;BITSFR18             0      0       0      19        0.0%
  3140 ;;SFR18                0      0       0      19        0.0%
  3141 ;;BITBANK8hl           3      0       0      20        0.0%
  3142 ;;BITSFR19             0      0       0      20        0.0%
  3143 ;;SFR19                0      0       0      20        0.0%
  3144 ;;BITBANK8l            1      0       0      21        0.0%
  3145 ;;BITSFR20             0      0       0      21        0.0%
  3146 ;;SFR20                0      0       0      21        0.0%
  3147 ;;BANK8hh             14      0       0      22        0.0%
  3148 ;;BITSFR21             0      0       0      22        0.0%
  3149 ;;SFR21                0      0       0      22        0.0%
  3150 ;;BANK8hl              3      0       0      23        0.0%
  3151 ;;BITSFR22             0      0       0      23        0.0%
  3152 ;;SFR22                0      0       0      23        0.0%
  3153 ;;BANK8l               1      0       0      24        0.0%
  3154 ;;BITSFR23             0      0       0      24        0.0%
  3155 ;;SFR23                0      0       0      24        0.0%
  3156 ;;BITBANK9hh          32      0       0      25        0.0%
  3157 ;;BITSFR24             0      0       0      25        0.0%
  3158 ;;SFR24                0      0       0      25        0.0%
  3159 ;;BITBANK9hl           1      0       0      26        0.0%
  3160 ;;BITSFR25             0      0       0      26        0.0%
  3161 ;;SFR25                0      0       0      26        0.0%
  3162 ;;BITBANK9l            1      0       0      27        0.0%
  3163 ;;BITSFR26             0      0       0      27        0.0%
  3164 ;;SFR26                0      0       0      27        0.0%
  3165 ;;BANK9hh             32      0       0      28        0.0%
  3166 ;;BITSFR27             0      0       0      28        0.0%
  3167 ;;SFR27                0      0       0      28        0.0%
  3168 ;;BANK9hl              1      0       0      29        0.0%
  3169 ;;BITSFR28             0      0       0      29        0.0%
  3170 ;;SFR28                0      0       0      29        0.0%
  3171 ;;BANK9l               1      0       0      30        0.0%
  3172 ;;BITSFR29             0      0       0      30        0.0%
  3173 ;;SFR29                0      0       0      30        0.0%
  3174 ;;BITBANK10h          11      0       0      31        0.0%
  3175 ;;BITSFR30             0      0       0      31        0.0%
  3176 ;;SFR30                0      0       0      31        0.0%
  3177 ;;BITBANK10l           4      0       0      32        0.0%
  3178 ;;BITSFR31             0      0       0      32        0.0%
  3179 ;;SFR31                0      0       0      32        0.0%
  3180 ;;BANK10h             11      0       0      33        0.0%
  3181 ;;BANK10l              4      0       0      34        0.0%
  3182 ;;BITBANK11           44      0       0      35        0.0%
  3183 ;;BANK11              44      0       0      36        0.0%
  3184 ;;BITBANK12            8      0       0      37        0.0%
  3185 ;;BANK12               8      0       0      38        0.0%
  3186 ;;DATA                 0      0      AC      39        0.0%
  3187                           
  3188                           	global	_main
  3189                           psect	maintext,global,class=CODE,delta=2
  3190                           global __pmaintext
  3191  139C                     __pmaintext:
  3192                           
  3193 ;; *************** function _main *****************
  3194 ;; Defined at:
  3195 ;;		line 10 in file "D:\project\baratheon-winnie\baratheon\main.c"
  3196 ;; Parameters:    Size  Location     Type
  3197 ;;		None
  3198 ;; Auto vars:     Size  Location     Type
  3199 ;;		None
  3200 ;; Return value:  Size  Location     Type
  3201 ;;		None               void
  3202 ;; Registers used:
  3203 ;;		wreg, fsr0l, fsr0h, fsr1l, fsr1h, status,2, status,0, btemp+1, pclath, cstack
  3204 ;; Tracked objects:
  3205 ;;		On entry : 17F/0
  3206 ;;		On exit  : 0/0
  3207 ;;		Unchanged: 0/0
  3208 ;; Data sizes:     COMMON   BANK0   BANK1   BANK2   BANK3   BANK4   BANK5   BANK7 BANK8hh BANK8hl  BANK8l BANK9hh BANK9h
       l  BANK9l BANK10h BANK10l  BANK11  BANK12
  3209 ;;      Params:         0       0       0       0       0       0       0       0       0       0       0       0       
       0       0       0       0       0       0
  3210 ;;      Locals:         0       0       0       0       0       0       0       0       0       0       0       0       
       0       0       0       0       0       0
  3211 ;;      Temps:          0       1       0       0       0       0       0       0       0       0       0       0       
       0       0       0       0       0       0
  3212 ;;      Totals:         0       1       0       0       0       0       0       0       0       0       0       0       
       0       0       0       0       0       0
  3213 ;;Total ram usage:        1 bytes
  3214 ;; Hardware stack levels required when called:    5
  3215 ;; This function calls:
  3216 ;;		_MCU_Init
  3217 ;;		_COM_Init
  3218 ;;		_MTR_Init
  3219 ;;		_SYS_Init
  3220 ;;		_SVC_Init
  3221 ;;		_MCU_Refresh
  3222 ;;		_COM_Ctrl
  3223 ;;		_MTR_Ctrl
  3224 ;;		_SYS_Ctrl
  3225 ;;		_SVC_Ctrl
  3226 ;; This function is called by:
  3227 ;;		Startup code after reset
  3228 ;; This function uses a non-reentrant model
  3229 ;;
  3230                           psect	maintext
  3231                           	file	"D:\project\baratheon-winnie\baratheon\main.c"
  3232                           	line	10
  3233                           	global	__size_of_main
  3234  0051                     	__size_of_main	equ	__end_of_main-_main
  3235                           	
  3236  139C                     _main:	
  3237                           	opt	stack 11
  3238                           ; Regs used in _main: [allreg]
  3239                           	line	12
  3240                           	
  3241  139C                     l19245:	
  3242                           ;main.c: 11: static U8 offTime = 0;
  3243                           ;main.c: 12: GIE = 0;
  3244  139C  138B               	bcf	(95/8),(95)&7
  3245                           	line	13
  3246                           	
  3247  139D                     l19247:	
  3248                           ;main.c: 13: MCU_Init( );
  3249  139D  3197  2757  3193   	fcall	_MCU_Init
  3250                           	line	14
  3251                           	
  3252  13A0                     l19249:	
  3253                           ;main.c: 14: COM_Init( );
  3254  13A0  3191  2101  3193   	fcall	_COM_Init
  3255                           	line	15
  3256                           	
  3257  13A3                     l19251:	
  3258                           ;main.c: 15: MTR_Init( );
  3259  13A3  319C  24AE  3193   	fcall	_MTR_Init
  3260                           	line	16
  3261                           	
  3262  13A6                     l19253:	
  3263                           ;main.c: 16: SYS_Init( );
  3264  13A6  319C  2474  3193   	fcall	_SYS_Init
  3265                           	line	17
  3266                           	
  3267  13A9                     l19255:	
  3268                           ;main.c: 17: SVC_Init( );
  3269  13A9  3186  2657  3193   	fcall	_SVC_Init
  3270  13AC  2BAD               	goto	l19257
  3271                           	line	18
  3272                           ;main.c: 18: while ( 1 )
  3273                           	
  3274  13AD                     l4842:	
  3275                           	line	20
  3276                           	
  3277  13AD                     l19257:	
  3278                           ;main.c: 19: {
  3279                           ;main.c: 20: GIE = 1;
  3280  13AD  178B               	bsf	(95/8),(95)&7
  3281                           	line	21
  3282                           	
  3283  13AE                     l19259:	
  3284                           # 21 "D:\project\baratheon-winnie\baratheon\main.c"
  3285  13AE  0064                CLRWDT         ;#
  3286                           psect	maintext
  3287                           	line	22
  3288                           	
  3289  13AF                     l19261:	
  3290                           ;main.c: 22: if ( sysTicks >= 100 )
  3291  13AF  3064               	movlw	(064h)
  3292  13B0  0021               	movlb 1	; select bank1
  3293  13B1  0246               	subwf	(_sysTicks)^080h,w
  3294  13B2  1C03               	skipc
  3295  13B3  2BB5               	goto	u6841
  3296  13B4  2BB6               	goto	u6840
  3297  13B5                     u6841:
  3298  13B5  2BAD               	goto	l19257
  3299  13B6                     u6840:
  3300                           	line	24
  3301                           	
  3302  13B6                     l19263:	
  3303                           ;main.c: 23: {
  3304                           ;main.c: 24: sysTicks -= 100;
  3305  13B6  3064               	movlw	low(064h)
  3306  13B7  02C6               	subwf	(_sysTicks)^080h,f
  3307                           	line	25
  3308                           	
  3309  13B8                     l19265:	
  3310                           ;main.c: 25: MCU_Refresh( );
  3311  13B8  3191  2178  3193   	fcall	_MCU_Refresh
  3312                           	line	26
  3313                           	
  3314  13BB                     l19267:	
  3315                           ;main.c: 26: COM_Ctrl( );
  3316  13BB  3195  25A4  3193   	fcall	_COM_Ctrl
  3317                           	line	27
  3318                           	
  3319  13BE                     l19269:	
  3320                           ;main.c: 27: MTR_Ctrl( );
  3321  13BE  319C  2499  3193   	fcall	_MTR_Ctrl
  3322                           	line	28
  3323                           	
  3324  13C1                     l19271:	
  3325                           ;main.c: 28: SYS_Ctrl( );
  3326  13C1  318C  246F  3193   	fcall	_SYS_Ctrl
  3327                           	line	29
  3328                           	
  3329  13C4                     l19273:	
  3330                           ;main.c: 29: SVC_Ctrl( );
  3331  13C4  3181  2141  3193   	fcall	_SVC_Ctrl
  3332                           	line	30
  3333                           	
  3334  13C7                     l19275:	
  3335                           ;main.c: 30: if ( sysStatus != 4 || e2pWrFlags )
  3336  13C7  0020               	movlb 0	; select bank0
  3337  13C8  084C               	movf	(_sysStatus),w
  3338  13C9  3A04               	xorlw	04h&0ffh
  3339  13CA  1D03               	skipz
  3340  13CB  2BCD               	goto	u6851
  3341  13CC  2BCE               	goto	u6850
  3342  13CD                     u6851:
  3343  13CD  2BD3               	goto	l19279
  3344  13CE                     u6850:
  3345                           	
  3346  13CE                     l19277:	
  3347  13CE  0848               	movf	(_e2pWrFlags),w
  3348  13CF  1D03               	skipz
  3349  13D0  2BD2               	goto	u6860
  3350  13D1  2BDA               	goto	l19283
  3351  13D2                     u6860:
  3352  13D2  2BD3               	goto	l19279
  3353                           	
  3354  13D3                     l4846:	
  3355                           	line	32
  3356                           	
  3357  13D3                     l19279:	
  3358                           ;main.c: 31: {
  3359                           ;main.c: 32: offTime = 5;
  3360  13D3  3005               	movlw	(05h)
  3361  13D4  00ED               	movwf	(??_main+0)+0
  3362  13D5  086D               	movf	(??_main+0)+0,w
  3363  13D6  00CD               	movwf	(main@offTime)
  3364                           	line	33
  3365                           	
  3366  13D7                     l19281:	
  3367                           ;main.c: 33: LATB6 = 1;
  3368  13D7  0022               	movlb 2	; select bank2
  3369  13D8  170D               	bsf	(2158/8)^0100h,(2158)&7
  3370                           	line	34
  3371                           ;main.c: 34: }
  3372  13D9  2BAD               	goto	l19257
  3373                           	line	35
  3374                           	
  3375  13DA                     l4844:	
  3376                           	
  3377  13DA                     l19283:	
  3378                           ;main.c: 35: else if ( --offTime == 0 )
  3379  13DA  3001               	movlw	low(01h)
  3380  13DB  0020               	movlb 0	; select bank0
  3381  13DC  02CD               	subwf	(main@offTime),f
  3382  13DD  1D03               	btfss	status,2
  3383  13DE  2BE0               	goto	u6871
  3384  13DF  2BE1               	goto	u6870
  3385  13E0                     u6871:
  3386  13E0  2BAD               	goto	l19257
  3387  13E1                     u6870:
  3388                           	line	37
  3389                           	
  3390  13E1                     l19285:	
  3391                           ;main.c: 36: {
  3392                           ;main.c: 37: offTime = 1;
  3393  13E1  01CD               	clrf	(main@offTime)
  3394  13E2  1403               	bsf	status,0
  3395  13E3  0DCD               	rlf	(main@offTime),f
  3396                           	line	38
  3397                           	
  3398  13E4                     l19287:	
  3399                           ;main.c: 38: LATB6 = 0;
  3400  13E4  0022               	movlb 2	; select bank2
  3401  13E5  130D               	bcf	(2158/8)^0100h,(2158)&7
  3402  13E6  2BAD               	goto	l19257
  3403                           	line	39
  3404                           	
  3405  13E7                     l4848:	
  3406  13E7  2BAD               	goto	l19257
  3407                           	line	40
  3408                           	
  3409  13E8                     l4847:	
  3410  13E8  2BAD               	goto	l19257
  3411                           	
  3412  13E9                     l4843:	
  3413  13E9  2BAD               	goto	l19257
  3414                           	line	41
  3415                           	
  3416  13EA                     l4849:	
  3417                           	line	18
  3418  13EA  2BAD               	goto	l19257
  3419                           	
  3420  13EB                     l4850:	
  3421                           	line	42
  3422                           	
  3423  13EB                     l4851:	
  3424                           	global	start
  3425  13EB  3181  293E         	ljmp	start
  3426                           	opt stack 0
  3427                           GLOBAL	__end_of_main
  3428  13ED                     	__end_of_main:
  3429 ;; =============== function _main ends ============
  3430                           
  3431                           	signat	_main,88
  3432                           	global	_MTR_Ctrl
  3433                           psect	text975,local,class=CODE,delta=2
  3434                           global __ptext975
  3435  1C99                     __ptext975:
  3436                           
  3437 ;; *************** function _MTR_Ctrl *****************
  3438 ;; Defined at:
  3439 ;;		line 297 in file "D:\project\baratheon-winnie\baratheon\Motor.c"
  3440 ;; Parameters:    Size  Location     Type
  3441 ;;		None
  3442 ;; Auto vars:     Size  Location     Type
  3443 ;;		None
  3444 ;; Return value:  Size  Location     Type
  3445 ;;		None               void
  3446 ;; Registers used:
  3447 ;;		wreg, fsr0l, fsr0h, fsr1l, fsr1h, status,2, status,0, pclath, cstack
  3448 ;; Tracked objects:
  3449 ;;		On entry : 0/0
  3450 ;;		On exit  : 0/0
  3451 ;;		Unchanged: 0/0
  3452 ;; Data sizes:     COMMON   BANK0   BANK1   BANK2   BANK3   BANK4   BANK5   BANK7 BANK8hh BANK8hl  BANK8l BANK9hh BANK9h
       l  BANK9l BANK10h BANK10l  BANK11  BANK12
  3453 ;;      Params:         0       0       0       0       0       0       0       0       0       0       0       0       
       0       0       0       0       0       0
  3454 ;;      Locals:         0       0       0       0       0       0       0       0       0       0       0       0       
       0       0       0       0       0       0
  3455 ;;      Temps:          0       0       0       0       0       0       0       0       0       0       0       0       
       0       0       0       0       0       0
  3456 ;;      Totals:         0       0       0       0       0       0       0       0       0       0       0       0       
       0       0       0       0       0       0
  3457 ;;Total ram usage:        0 bytes
  3458 ;; Hardware stack levels used:    1
  3459 ;; Hardware stack levels required when called:    4
  3460 ;; This function calls:
  3461 ;;		_CAL_MtrTemp
  3462 ;;		_CAL_MtrCurrent
  3463 ;;		_CAL_MtrSpeed
  3464 ;;		_CAL_AcPeriod
  3465 ;;		_CAL_MtrError
  3466 ;;		_MTR_Driver
  3467 ;; This function is called by:
  3468 ;;		_main
  3469 ;; This function uses a non-reentrant model
  3470 ;;
  3471                           psect	text975
  3472                           	file	"D:\project\baratheon-winnie\baratheon\Motor.c"
  3473                           	line	297
  3474                           	global	__size_of_MTR_Ctrl
  3475  0015                     	__size_of_MTR_Ctrl	equ	__end_of_MTR_Ctrl-_MTR_Ctrl
  3476                           	
  3477  1C99                     _MTR_Ctrl:	
  3478                           	opt	stack 11
  3479                           ; Regs used in _MTR_Ctrl: [wreg-status,0+pclath+cstack]
  3480                           	line	298
  3481                           	
  3482  1C99                     l19231:	
  3483                           ;Motor.c: 298: CAL_MtrTemp( );
  3484  1C99  3195  251D  319C   	fcall	_CAL_MtrTemp
  3485                           	line	299
  3486                           	
  3487  1C9C                     l19233:	
  3488                           ;Motor.c: 299: CAL_MtrCurrent( );
  3489  1C9C  3189  21B3  319C   	fcall	_CAL_MtrCurrent
  3490                           	line	300
  3491                           	
  3492  1C9F                     l19235:	
  3493                           ;Motor.c: 300: CAL_MtrSpeed( );
  3494  1C9F  318B  2360  319C   	fcall	_CAL_MtrSpeed
  3495                           	line	301
  3496                           	
  3497  1CA2                     l19237:	
  3498                           ;Motor.c: 301: CAL_AcPeriod( );
  3499  1CA2  3196  26C0  319C   	fcall	_CAL_AcPeriod
  3500                           	line	302
  3501                           	
  3502  1CA5                     l19239:	
  3503                           ;Motor.c: 302: CAL_MtrError( );
  3504  1CA5  3180  2002  319C   	fcall	_CAL_MtrError
  3505                           	line	303
  3506                           	
  3507  1CA8                     l19241:	
  3508                           ;Motor.c: 303: MTR_Driver( );
  3509  1CA8  318E  26AE  319C   	fcall	_MTR_Driver
  3510                           	line	304
  3511                           	
  3512  1CAB                     l19243:	
  3513                           ;Motor.c: 304: acCycleFlag = 0;
  3514  1CAB  0021               	movlb 1	; select bank1
  3515  1CAC  01B7               	clrf	(_acCycleFlag)^080h
  3516                           	line	305
  3517                           	
  3518  1CAD                     l6585:	
  3519  1CAD  0008               	return
  3520                           	opt stack 0
  3521                           GLOBAL	__end_of_MTR_Ctrl
  3522  1CAE                     	__end_of_MTR_Ctrl:
  3523 ;; =============== function _MTR_Ctrl ends ============
  3524                           
  3525                           	signat	_MTR_Ctrl,88
  3526                           	global	_MTR_Driver
  3527                           psect	text976,local,class=CODE,delta=2
  3528                           global __ptext976
  3529  0EAE                     __ptext976:
  3530                           
  3531 ;; *************** function _MTR_Driver *****************
  3532 ;; Defined at:
  3533 ;;		line 200 in file "D:\project\baratheon-winnie\baratheon\Motor.c"
  3534 ;; Parameters:    Size  Location     Type
  3535 ;;		None
  3536 ;; Auto vars:     Size  Location     Type
  3537 ;;  max             2   25[BANK0 ] short 
  3538 ;;  err             2   23[BANK0 ] short 
  3539 ;; Return value:  Size  Location     Type
  3540 ;;		None               void
  3541 ;; Registers used:
  3542 ;;		wreg, fsr0l, fsr0h, fsr1l, fsr1h, status,2, status,0, pclath, cstack
  3543 ;; Tracked objects:
  3544 ;;		On entry : 0/0
  3545 ;;		On exit  : 0/0
  3546 ;;		Unchanged: 0/0
  3547 ;; Data sizes:     COMMON   BANK0   BANK1   BANK2   BANK3   BANK4   BANK5   BANK7 BANK8hh BANK8hl  BANK8l BANK9hh BANK9h
       l  BANK9l BANK10h BANK10l  BANK11  BANK12
  3548 ;;      Params:         0       0       0       0       0       0       0       0       0       0       0       0       
       0       0       0       0       0       0
  3549 ;;      Locals:         0       4       0       0       0       0       0       0       0       0       0       0       
       0       0       0       0       0       0
  3550 ;;      Temps:          0       2       0       0       0       0       0       0       0       0       0       0       
       0       0       0       0       0       0
  3551 ;;      Totals:         0       6       0       0       0       0       0       0       0       0       0       0       
       0       0       0       0       0       0
  3552 ;;Total ram usage:        6 bytes
  3553 ;; Hardware stack levels used:    1
  3554 ;; Hardware stack levels required when called:    3
  3555 ;; This function calls:
  3556 ;;		___wmul
  3557 ;;		_PID_CAL
  3558 ;;		_PID_LIM
  3559 ;; This function is called by:
  3560 ;;		_MTR_Ctrl
  3561 ;; This function uses a non-reentrant model
  3562 ;;
  3563                           psect	text976
  3564                           	file	"D:\project\baratheon-winnie\baratheon\Motor.c"
  3565                           	line	200
  3566                           	global	__size_of_MTR_Driver
  3567  0152                     	__size_of_MTR_Driver	equ	__end_of_MTR_Driver-_MTR_Driver
  3568                           	
  3569  0EAE                     _MTR_Driver:	
  3570                           	opt	stack 11
  3571                           ; Regs used in _MTR_Driver: [wreg-status,0+pclath+cstack]
  3572                           	line	208
  3573                           	
  3574  0EAE                     l19133:	
  3575                           ;Motor.c: 201: static  U8 state = 0;
  3576                           ;Motor.c: 202: static  U16 sref = 0;
  3577                           ;Motor.c: 203: static  U8 time = 0;
  3578                           ;Motor.c: 204: static  SDW OLIM;
  3579                           ;Motor.c: 205: static  PID_t SREG;
  3580                           ;Motor.c: 206: S16 max;
  3581                           ;Motor.c: 207: S16 err;
  3582                           ;Motor.c: 208: if ( time ) time--;
  3583  0EAE  0020               	movlb 0	; select bank0
  3584  0EAF  0840               	movf	(MTR_Driver@time),w
  3585  0EB0  1D03               	skipz
  3586  0EB1  2EB3               	goto	u6690
  3587  0EB2  2EB6               	goto	l19137
  3588  0EB3                     u6690:
  3589                           	
  3590  0EB3                     l19135:	
  3591  0EB3  3001               	movlw	low(01h)
  3592  0EB4  02C0               	subwf	(MTR_Driver@time),f
  3593  0EB5  2EB6               	goto	l19137
  3594                           	
  3595  0EB6                     l6550:	
  3596                           	line	209
  3597                           	
  3598  0EB6                     l19137:	
  3599                           ;Motor.c: 209: if ( mtrSpeedRef == 0 || !acCycleHalf )
  3600  0EB6  0837               	movf	(_mtrSpeedRef+1),w
  3601  0EB7  0436               	iorwf	(_mtrSpeedRef),w
  3602  0EB8  1903               	skipnz
  3603  0EB9  2EBB               	goto	u6701
  3604  0EBA  2EBC               	goto	u6700
  3605  0EBB                     u6701:
  3606  0EBB  2EC2               	goto	l6553
  3607  0EBC                     u6700:
  3608                           	
  3609  0EBC                     l19139:	
  3610  0EBC  0021               	movlb 1	; select bank1
  3611  0EBD  08B8               	movf	(_acCycleHalf)^080h,f
  3612  0EBE  1D03               	skipz
  3613  0EBF  2EC1               	goto	u6711
  3614  0EC0  2EC2               	goto	u6710
  3615  0EC1                     u6711:
  3616  0EC1  2FF5               	goto	l19229
  3617  0EC2                     u6710:
  3618                           	
  3619  0EC2                     l6553:	
  3620                           	line	211
  3621                           ;Motor.c: 210: {
  3622                           ;Motor.c: 211: state = 0;
  3623  0EC2  0020               	movlb 0	; select bank0
  3624  0EC3  01BF               	clrf	(MTR_Driver@state)
  3625                           	line	212
  3626                           ;Motor.c: 212: do { GIE = 0; tmTriac = 0; GIE = 1; } while(0);
  3627                           	
  3628  0EC4                     l6554:	
  3629  0EC4  138B               	bcf	(95/8),(95)&7
  3630                           	
  3631  0EC5                     l19141:	
  3632  0EC5  0021               	movlb 1	; select bank1
  3633  0EC6  01AE               	clrf	(_tmTriac)^080h
  3634  0EC7  01AF               	clrf	(_tmTriac+1)^080h
  3635                           	
  3636  0EC8                     l19143:	
  3637  0EC8  178B               	bsf	(95/8),(95)&7
  3638  0EC9  2FFF               	goto	l6579
  3639                           	
  3640  0ECA                     l6555:	
  3641                           	line	213
  3642                           ;Motor.c: 213: }
  3643  0ECA  2FFF               	goto	l6579
  3644                           	line	214
  3645                           	
  3646  0ECB                     l6551:	
  3647                           ;Motor.c: 214: else switch ( state )
  3648  0ECB  2FF5               	goto	l19229
  3649                           	line	216
  3650                           ;Motor.c: 215: {
  3651                           ;Motor.c: 216: case 0:
  3652                           	
  3653  0ECC                     l6558:	
  3654                           	line	217
  3655                           ;Motor.c: 217: do { GIE = 0; tmTriac = 0; GIE = 1; } while(0);
  3656                           	
  3657  0ECC                     l6559:	
  3658  0ECC  138B               	bcf	(95/8),(95)&7
  3659                           	
  3660  0ECD                     l19145:	
  3661  0ECD  0021               	movlb 1	; select bank1
  3662  0ECE  01AE               	clrf	(_tmTriac)^080h
  3663  0ECF  01AF               	clrf	(_tmTriac+1)^080h
  3664                           	
  3665  0ED0                     l19147:	
  3666  0ED0  178B               	bsf	(95/8),(95)&7
  3667  0ED1  2ED2               	goto	l19149
  3668                           	
  3669  0ED2                     l6560:	
  3670                           	line	218
  3671                           	
  3672  0ED2                     l19149:	
  3673                           ;Motor.c: 218: if ( acCycle )
  3674  0ED2  082B               	movf	(_acCycle+1)^080h,w
  3675  0ED3  042A               	iorwf	(_acCycle)^080h,w
  3676  0ED4  1903               	skipnz
  3677  0ED5  2ED7               	goto	u6721
  3678  0ED6  2ED8               	goto	u6720
  3679  0ED7                     u6721:
  3680  0ED7  2FFF               	goto	l6579
  3681  0ED8                     u6720:
  3682                           	line	220
  3683                           	
  3684  0ED8                     l19151:	
  3685                           ;Motor.c: 219: {
  3686                           ;Motor.c: 220: sref = mtrSpeedRef;
  3687  0ED8  0020               	movlb 0	; select bank0
  3688  0ED9  0837               	movf	(_mtrSpeedRef+1),w
  3689  0EDA  01B1               	clrf	(MTR_Driver@sref+1)
  3690  0EDB  07B1               	addwf	(MTR_Driver@sref+1)
  3691  0EDC  0836               	movf	(_mtrSpeedRef),w
  3692  0EDD  01B0               	clrf	(MTR_Driver@sref)
  3693  0EDE  07B0               	addwf	(MTR_Driver@sref)
  3694                           
  3695                           	line	221
  3696                           	
  3697  0EDF                     l19153:	
  3698                           ;Motor.c: 221: OLIM.W.H = 80;
  3699  0EDF  3050               	movlw	low(050h)
  3700  0EE0  00A2               	movwf	0+(MTR_Driver@OLIM)+02h
  3701  0EE1  3000               	movlw	high(050h)
  3702  0EE2  00A3               	movwf	(0+(MTR_Driver@OLIM)+02h)+1
  3703                           	line	222
  3704                           	
  3705  0EE3                     l19155:	
  3706                           ;Motor.c: 222: OLIM.W.L = 0;
  3707  0EE3  01A0               	clrf	(MTR_Driver@OLIM)
  3708  0EE4  01A1               	clrf	(MTR_Driver@OLIM+1)
  3709                           	line	223
  3710                           	
  3711  0EE5                     l19157:	
  3712                           ;Motor.c: 223: SREG.kp = 2000;
  3713  0EE5  30D0               	movlw	low(07D0h)
  3714  0EE6  0021               	movlb 1	; select bank1
  3715  0EE7  00C7               	movwf	(MTR_Driver@SREG)^080h
  3716  0EE8  3007               	movlw	high(07D0h)
  3717  0EE9  00C8               	movwf	((MTR_Driver@SREG)^080h)+1
  3718                           	line	224
  3719                           	
  3720  0EEA                     l19159:	
  3721                           ;Motor.c: 224: SREG.ki = 50;
  3722  0EEA  3032               	movlw	low(032h)
  3723  0EEB  00C9               	movwf	0+(MTR_Driver@SREG)^080h+02h
  3724  0EEC  3000               	movlw	high(032h)
  3725  0EED  00CA               	movwf	(0+(MTR_Driver@SREG)^080h+02h)+1
  3726                           	line	225
  3727                           	
  3728  0EEE                     l19161:	
  3729                           ;Motor.c: 225: SREG.kd = 500;
  3730  0EEE  30F4               	movlw	low(01F4h)
  3731  0EEF  00CB               	movwf	0+(MTR_Driver@SREG)^080h+04h
  3732  0EF0  3001               	movlw	high(01F4h)
  3733  0EF1  00CC               	movwf	(0+(MTR_Driver@SREG)^080h+04h)+1
  3734                           	line	226
  3735                           	
  3736  0EF2                     l19163:	
  3737                           ;Motor.c: 226: SREG.e1 = 0;
  3738  0EF2  01CD               	clrf	0+(MTR_Driver@SREG)^080h+06h
  3739  0EF3  01CE               	clrf	1+(MTR_Driver@SREG)^080h+06h
  3740                           	line	227
  3741                           	
  3742  0EF4                     l19165:	
  3743                           ;Motor.c: 227: SREG.ri.W.H = 60;
  3744  0EF4  303C               	movlw	low(03Ch)
  3745  0EF5  00D1               	movwf	0+(MTR_Driver@SREG)^080h+0Ah
  3746  0EF6  3000               	movlw	high(03Ch)
  3747  0EF7  00D2               	movwf	(0+(MTR_Driver@SREG)^080h+0Ah)+1
  3748                           	line	228
  3749                           	
  3750  0EF8                     l19167:	
  3751                           ;Motor.c: 228: SREG.ri.W.L = 0;
  3752  0EF8  01CF               	clrf	0+(MTR_Driver@SREG)^080h+08h
  3753  0EF9  01D0               	clrf	1+(MTR_Driver@SREG)^080h+08h
  3754                           	line	229
  3755                           	
  3756  0EFA                     l19169:	
  3757                           ;Motor.c: 229: SREG.ro.W.H = SREG.ri.W.H;
  3758  0EFA  0852               	movf	1+(MTR_Driver@SREG)^080h+0Ah,w
  3759  0EFB  01D6               	clrf	1+(MTR_Driver@SREG)^080h+0Eh
  3760  0EFC  07D6               	addwf	1+(MTR_Driver@SREG)^080h+0Eh
  3761  0EFD  0851               	movf	0+(MTR_Driver@SREG)^080h+0Ah,w
  3762  0EFE  01D5               	clrf	0+(MTR_Driver@SREG)^080h+0Eh
  3763  0EFF  07D5               	addwf	0+(MTR_Driver@SREG)^080h+0Eh
  3764                           
  3765                           	line	230
  3766                           	
  3767  0F00                     l19171:	
  3768                           ;Motor.c: 230: SREG.ro.W.L = SREG.ri.W.H;
  3769  0F00  0852               	movf	1+(MTR_Driver@SREG)^080h+0Ah,w
  3770  0F01  01D4               	clrf	1+(MTR_Driver@SREG)^080h+0Ch
  3771  0F02  07D4               	addwf	1+(MTR_Driver@SREG)^080h+0Ch
  3772  0F03  0851               	movf	0+(MTR_Driver@SREG)^080h+0Ah,w
  3773  0F04  01D3               	clrf	0+(MTR_Driver@SREG)^080h+0Ch
  3774  0F05  07D3               	addwf	0+(MTR_Driver@SREG)^080h+0Ch
  3775                           
  3776                           	line	231
  3777                           	
  3778  0F06                     l19173:	
  3779                           ;Motor.c: 231: state++;
  3780  0F06  3001               	movlw	(01h)
  3781  0F07  0020               	movlb 0	; select bank0
  3782  0F08  00E7               	movwf	(??_MTR_Driver+0)+0
  3783  0F09  0867               	movf	(??_MTR_Driver+0)+0,w
  3784  0F0A  07BF               	addwf	(MTR_Driver@state),f
  3785                           	line	232
  3786                           	
  3787  0F0B                     l19175:	
  3788                           ;Motor.c: 232: time = 200;
  3789  0F0B  30C8               	movlw	(0C8h)
  3790  0F0C  00E7               	movwf	(??_MTR_Driver+0)+0
  3791  0F0D  0867               	movf	(??_MTR_Driver+0)+0,w
  3792  0F0E  00C0               	movwf	(MTR_Driver@time)
  3793  0F0F  2FFF               	goto	l6579
  3794                           	line	233
  3795                           	
  3796  0F10                     l6561:	
  3797                           	line	234
  3798                           ;Motor.c: 233: }
  3799                           ;Motor.c: 234: break;
  3800  0F10  2FFF               	goto	l6579
  3801                           	line	235
  3802                           ;Motor.c: 235: case 1:
  3803                           	
  3804  0F11                     l6563:	
  3805                           	line	236
  3806                           	
  3807  0F11                     l19177:	
  3808                           ;Motor.c: 236: if ( acCycleFlag )
  3809  0F11  0021               	movlb 1	; select bank1
  3810  0F12  0837               	movf	(_acCycleFlag)^080h,w
  3811  0F13  1D03               	skipz
  3812  0F14  2F16               	goto	u6730
  3813  0F15  2FFF               	goto	l6579
  3814  0F16                     u6730:
  3815                           	line	238
  3816                           	
  3817  0F16                     l19179:	
  3818                           ;Motor.c: 237: {
  3819                           ;Motor.c: 238: if ( sref != mtrSpeedRef )
  3820  0F16  0020               	movlb 0	; select bank0
  3821  0F17  0837               	movf	(_mtrSpeedRef+1),w
  3822  0F18  0631               	xorwf	(MTR_Driver@sref+1),w
  3823  0F19  1D03               	skipz
  3824  0F1A  2F1D               	goto	u6745
  3825  0F1B  0836               	movf	(_mtrSpeedRef),w
  3826  0F1C  0630               	xorwf	(MTR_Driver@sref),w
  3827  0F1D                     u6745:
  3828                           
  3829  0F1D  1903               	skipnz
  3830  0F1E  2F20               	goto	u6741
  3831  0F1F  2F21               	goto	u6740
  3832  0F20                     u6741:
  3833  0F20  2F40               	goto	l6565
  3834  0F21                     u6740:
  3835                           	line	240
  3836                           	
  3837  0F21                     l19181:	
  3838                           ;Motor.c: 239: {
  3839                           ;Motor.c: 240: if ( sref < mtrSpeedRef ) time = 200;
  3840  0F21  0837               	movf	(_mtrSpeedRef+1),w
  3841  0F22  0231               	subwf	(MTR_Driver@sref+1),w
  3842  0F23  1D03               	skipz
  3843  0F24  2F27               	goto	u6755
  3844  0F25  0836               	movf	(_mtrSpeedRef),w
  3845  0F26  0230               	subwf	(MTR_Driver@sref),w
  3846  0F27                     u6755:
  3847  0F27  1803               	skipnc
  3848  0F28  2F2A               	goto	u6751
  3849  0F29  2F2B               	goto	u6750
  3850  0F2A                     u6751:
  3851  0F2A  2F30               	goto	l19185
  3852  0F2B                     u6750:
  3853                           	
  3854  0F2B                     l19183:	
  3855  0F2B  30C8               	movlw	(0C8h)
  3856  0F2C  00E7               	movwf	(??_MTR_Driver+0)+0
  3857  0F2D  0867               	movf	(??_MTR_Driver+0)+0,w
  3858  0F2E  00C0               	movwf	(MTR_Driver@time)
  3859  0F2F  2F30               	goto	l19185
  3860                           	
  3861  0F30                     l6566:	
  3862                           	line	241
  3863                           	
  3864  0F30                     l19185:	
  3865                           ;Motor.c: 241: sref = mtrSpeedRef;
  3866  0F30  0837               	movf	(_mtrSpeedRef+1),w
  3867  0F31  01B1               	clrf	(MTR_Driver@sref+1)
  3868  0F32  07B1               	addwf	(MTR_Driver@sref+1)
  3869  0F33  0836               	movf	(_mtrSpeedRef),w
  3870  0F34  01B0               	clrf	(MTR_Driver@sref)
  3871  0F35  07B0               	addwf	(MTR_Driver@sref)
  3872                           
  3873                           	line	242
  3874                           	
  3875  0F36                     l19187:	
  3876                           ;Motor.c: 242: OLIM.W.H = SREG.ro.W.H;
  3877  0F36  0021               	movlb 1	; select bank1
  3878  0F37  0856               	movf	1+(MTR_Driver@SREG)^080h+0Eh,w
  3879  0F38  0020               	movlb 0	; select bank0
  3880  0F39  01A3               	clrf	1+(MTR_Driver@OLIM)+02h
  3881  0F3A  07A3               	addwf	1+(MTR_Driver@OLIM)+02h
  3882  0F3B  0021               	movlb 1	; select bank1
  3883  0F3C  0855               	movf	0+(MTR_Driver@SREG)^080h+0Eh,w
  3884  0F3D  0020               	movlb 0	; select bank0
  3885  0F3E  01A2               	clrf	0+(MTR_Driver@OLIM)+02h
  3886  0F3F  07A2               	addwf	0+(MTR_Driver@OLIM)+02h
  3887                           
  3888                           	line	243
  3889                           	
  3890  0F40                     l6565:	
  3891                           	line	244
  3892                           ;Motor.c: 243: }
  3893                           ;Motor.c: 244: if ( mtrSpeedRef >= 13000 )
  3894  0F40  3032               	movlw	high(032C8h)
  3895  0F41  0237               	subwf	(_mtrSpeedRef+1),w
  3896  0F42  30C8               	movlw	low(032C8h)
  3897  0F43  1903               	skipnz
  3898  0F44  0236               	subwf	(_mtrSpeedRef),w
  3899  0F45  1C03               	skipc
  3900  0F46  2F48               	goto	u6761
  3901  0F47  2F49               	goto	u6760
  3902  0F48                     u6761:
  3903  0F48  2F5B               	goto	l19197
  3904  0F49                     u6760:
  3905                           	line	246
  3906                           	
  3907  0F49                     l19189:	
  3908                           ;Motor.c: 245: {
  3909                           ;Motor.c: 246: if ( time >= 25 ) time = 25;
  3910  0F49  3019               	movlw	(019h)
  3911  0F4A  0240               	subwf	(MTR_Driver@time),w
  3912  0F4B  1C03               	skipc
  3913  0F4C  2F4E               	goto	u6771
  3914  0F4D  2F4F               	goto	u6770
  3915  0F4E                     u6771:
  3916  0F4E  2F54               	goto	l19193
  3917  0F4F                     u6770:
  3918                           	
  3919  0F4F                     l19191:	
  3920  0F4F  3019               	movlw	(019h)
  3921  0F50  00E7               	movwf	(??_MTR_Driver+0)+0
  3922  0F51  0867               	movf	(??_MTR_Driver+0)+0,w
  3923  0F52  00C0               	movwf	(MTR_Driver@time)
  3924  0F53  2F54               	goto	l19193
  3925                           	
  3926  0F54                     l6568:	
  3927                           	line	247
  3928                           	
  3929  0F54                     l19193:	
  3930                           ;Motor.c: 247: if ( mtrSpeedRef & 1 ) time = 0;
  3931  0F54  1C36               	btfss	(_mtrSpeedRef),(0)&7
  3932  0F55  2F57               	goto	u6781
  3933  0F56  2F58               	goto	u6780
  3934  0F57                     u6781:
  3935  0F57  2F5B               	goto	l19197
  3936  0F58                     u6780:
  3937                           	
  3938  0F58                     l19195:	
  3939  0F58  01C0               	clrf	(MTR_Driver@time)
  3940  0F59  2F5B               	goto	l19197
  3941                           	
  3942  0F5A                     l6569:	
  3943  0F5A  2F5B               	goto	l19197
  3944                           	line	248
  3945                           	
  3946  0F5B                     l6567:	
  3947                           	line	249
  3948                           	
  3949  0F5B                     l19197:	
  3950                           ;Motor.c: 248: }
  3951                           ;Motor.c: 249: max = ( S16 )( acCycle*54>>6 );
  3952  0F5B  0021               	movlb 1	; select bank1
  3953  0F5C  082B               	movf	(_acCycle+1)^080h,w
  3954  0F5D  01F2               	clrf	(?___wmul+1)
  3955  0F5E  07F2               	addwf	(?___wmul+1)
  3956  0F5F  082A               	movf	(_acCycle)^080h,w
  3957  0F60  01F1               	clrf	(?___wmul)
  3958  0F61  07F1               	addwf	(?___wmul)
  3959                           
  3960  0F62  3036               	movlw	low(036h)
  3961  0F63  00F3               	movwf	0+(?___wmul)+02h
  3962  0F64  3000               	movlw	high(036h)
  3963  0F65  00F4               	movwf	(0+(?___wmul)+02h)+1
  3964  0F66  3191  2154  318E   	fcall	___wmul
  3965  0F69  0871               	movf	(0+?___wmul),w
  3966  0F6A  0020               	movlb 0	; select bank0
  3967  0F6B  00E7               	movwf	(??_MTR_Driver+0)+0
  3968  0F6C  0872               	movf	(1+?___wmul),w
  3969  0F6D  00E8               	movwf	((??_MTR_Driver+0)+0+1)
  3970  0F6E  3006               	movlw	06h
  3971  0F6F                     u6795:
  3972  0F6F  36E8               	lsrf	(??_MTR_Driver+0)+1,f
  3973  0F70  0CE7               	rrf	(??_MTR_Driver+0)+0,f
  3974  0F71  0B89               	decfsz	wreg,f
  3975  0F72  2F6F               	goto	u6795
  3976  0F73  0867               	movf	0+(??_MTR_Driver+0)+0,w
  3977  0F74  00EB               	movwf	(MTR_Driver@max)
  3978  0F75  0868               	movf	1+(??_MTR_Driver+0)+0,w
  3979  0F76  00EC               	movwf	(MTR_Driver@max+1)
  3980                           	line	251
  3981                           	
  3982  0F77                     l19199:	
  3983                           ;Motor.c: 251: OLIM.D += (400UL<<16)/25;
  3984  0F77  3000               	movlw	0
  3985  0F78  07A0               	addwf	(MTR_Driver@OLIM),f
  3986  0F79  3000               	movlw	0
  3987  0F7A  3DA1               	addwfc	(MTR_Driver@OLIM+1),f
  3988  0F7B  3010               	movlw	010h
  3989  0F7C  3DA2               	addwfc	(MTR_Driver@OLIM+2),f
  3990  0F7D  3000               	movlw	0
  3991  0F7E  3DA3               	addwfc	(MTR_Driver@OLIM+3),f
  3992                           	line	252
  3993                           	
  3994  0F7F                     l19201:	
  3995                           ;Motor.c: 252: if ( OLIM.W.H >= max ) OLIM.W.H = max;
  3996  0F7F  0823               	movf	1+(MTR_Driver@OLIM)+02h,w
  3997  0F80  3A80               	xorlw	80h
  3998  0F81  00E7               	movwf	(??_MTR_Driver+0)+0
  3999  0F82  086C               	movf	(MTR_Driver@max+1),w
  4000  0F83  3A80               	xorlw	80h
  4001  0F84  0267               	subwf	(??_MTR_Driver+0)+0,w
  4002  0F85  1D03               	skipz
  4003  0F86  2F89               	goto	u6805
  4004  0F87  086B               	movf	(MTR_Driver@max),w
  4005  0F88  0222               	subwf	0+(MTR_Driver@OLIM)+02h,w
  4006  0F89                     u6805:
  4007                           
  4008  0F89  1C03               	skipc
  4009  0F8A  2F8C               	goto	u6801
  4010  0F8B  2F8D               	goto	u6800
  4011  0F8C                     u6801:
  4012  0F8C  2F94               	goto	l6570
  4013  0F8D                     u6800:
  4014                           	
  4015  0F8D                     l19203:	
  4016  0F8D  0020               	movlb 0	; select bank0
  4017  0F8E  086C               	movf	(MTR_Driver@max+1),w
  4018  0F8F  01A3               	clrf	1+(MTR_Driver@OLIM)+02h
  4019  0F90  07A3               	addwf	1+(MTR_Driver@OLIM)+02h
  4020  0F91  086B               	movf	(MTR_Driver@max),w
  4021  0F92  01A2               	clrf	0+(MTR_Driver@OLIM)+02h
  4022  0F93  07A2               	addwf	0+(MTR_Driver@OLIM)+02h
  4023                           
  4024                           	
  4025  0F94                     l6570:	
  4026                           	line	253
  4027                           ;Motor.c: 253: err = ( S16 )( mtrSpeedRef - mtrSpeed );
  4028  0F94  0020               	movlb 0	; select bank0
  4029  0F95  0934               	comf	(_mtrSpeed),w
  4030  0F96  00E7               	movwf	(??_MTR_Driver+0)+0
  4031  0F97  0935               	comf	(_mtrSpeed+1),w
  4032  0F98  00E8               	movwf	((??_MTR_Driver+0)+0+1)
  4033  0F99  0AE7               	incf	(??_MTR_Driver+0)+0,f
  4034  0F9A  1903               	skipnz
  4035  0F9B  0AE8               	incf	((??_MTR_Driver+0)+0+1),f
  4036  0F9C  0836               	movf	(_mtrSpeedRef),w
  4037  0F9D  0767               	addwf	0+(??_MTR_Driver+0)+0,w
  4038  0F9E  00E9               	movwf	(MTR_Driver@err)
  4039  0F9F  0837               	movf	(_mtrSpeedRef+1),w
  4040  0FA0  3D68               	addwfc	1+(??_MTR_Driver+0)+0,w
  4041  0FA1  00EA               	movwf	1+(MTR_Driver@err)
  4042                           	line	254
  4043                           	
  4044  0FA2                     l19205:	
  4045                           ;Motor.c: 254: if ( time || err < 0 )
  4046  0FA2  08C0               	movf	(MTR_Driver@time),f
  4047  0FA3  1D03               	skipz
  4048  0FA4  2FA6               	goto	u6811
  4049  0FA5  2FA7               	goto	u6810
  4050  0FA6                     u6811:
  4051  0FA6  2FAC               	goto	l19209
  4052  0FA7                     u6810:
  4053                           	
  4054  0FA7                     l19207:	
  4055  0FA7  1FEA               	btfss	(MTR_Driver@err+1),7
  4056  0FA8  2FAA               	goto	u6821
  4057  0FA9  2FAB               	goto	u6820
  4058  0FAA                     u6821:
  4059  0FAA  2FB2               	goto	l19211
  4060  0FAB                     u6820:
  4061  0FAB  2FAC               	goto	l19209
  4062                           	
  4063  0FAC                     l6573:	
  4064                           	line	256
  4065                           	
  4066  0FAC                     l19209:	
  4067                           ;Motor.c: 255: {
  4068                           ;Motor.c: 256: SREG.kp = 500;
  4069  0FAC  30F4               	movlw	low(01F4h)
  4070  0FAD  0021               	movlb 1	; select bank1
  4071  0FAE  00C7               	movwf	(MTR_Driver@SREG)^080h
  4072  0FAF  3001               	movlw	high(01F4h)
  4073  0FB0  00C8               	movwf	((MTR_Driver@SREG)^080h)+1
  4074                           	line	257
  4075                           ;Motor.c: 257: }
  4076  0FB1  2FB8               	goto	l19213
  4077                           	line	258
  4078                           	
  4079  0FB2                     l6571:	
  4080                           	line	260
  4081                           	
  4082  0FB2                     l19211:	
  4083                           ;Motor.c: 258: else
  4084                           ;Motor.c: 259: {
  4085                           ;Motor.c: 260: SREG.kp = 2000;
  4086  0FB2  30D0               	movlw	low(07D0h)
  4087  0FB3  0021               	movlb 1	; select bank1
  4088  0FB4  00C7               	movwf	(MTR_Driver@SREG)^080h
  4089  0FB5  3007               	movlw	high(07D0h)
  4090  0FB6  00C8               	movwf	((MTR_Driver@SREG)^080h)+1
  4091  0FB7  2FB8               	goto	l19213
  4092                           	line	261
  4093                           	
  4094  0FB8                     l6574:	
  4095                           	line	262
  4096                           	
  4097  0FB8                     l19213:	
  4098                           ;Motor.c: 261: }
  4099                           ;Motor.c: 262: PID_CAL( &SREG, err );
  4100  0FB8  0020               	movlb 0	; select bank0
  4101  0FB9  086A               	movf	(MTR_Driver@err+1),w
  4102  0FBA  01D3               	clrf	(?_PID_CAL+1)
  4103  0FBB  07D3               	addwf	(?_PID_CAL+1)
  4104  0FBC  0869               	movf	(MTR_Driver@err),w
  4105  0FBD  01D2               	clrf	(?_PID_CAL)
  4106  0FBE  07D2               	addwf	(?_PID_CAL)
  4107                           
  4108  0FBF  30C7               	movlw	(MTR_Driver@SREG)&0ffh
  4109  0FC0  318D  258C  318E   	fcall	_PID_CAL
  4110                           	line	263
  4111                           	
  4112  0FC3                     l19215:	
  4113                           ;Motor.c: 263: if ( mtrSpeedRef & 1 )
  4114  0FC3  0020               	movlb 0	; select bank0
  4115  0FC4  1C36               	btfss	(_mtrSpeedRef),(0)&7
  4116  0FC5  2FC7               	goto	u6831
  4117  0FC6  2FC8               	goto	u6830
  4118  0FC7                     u6831:
  4119  0FC7  2FD7               	goto	l19219
  4120  0FC8                     u6830:
  4121                           	line	265
  4122                           	
  4123  0FC8                     l19217:	
  4124                           ;Motor.c: 264: {
  4125                           ;Motor.c: 265: PID_LIM( &SREG, 40, max );
  4126  0FC8  3028               	movlw	low(028h)
  4127  0FC9  00F1               	movwf	(?_PID_LIM)
  4128  0FCA  3000               	movlw	high(028h)
  4129  0FCB  00F2               	movwf	((?_PID_LIM))+1
  4130  0FCC  086C               	movf	(MTR_Driver@max+1),w
  4131  0FCD  01F4               	clrf	1+(?_PID_LIM)+02h
  4132  0FCE  07F4               	addwf	1+(?_PID_LIM)+02h
  4133  0FCF  086B               	movf	(MTR_Driver@max),w
  4134  0FD0  01F3               	clrf	0+(?_PID_LIM)+02h
  4135  0FD1  07F3               	addwf	0+(?_PID_LIM)+02h
  4136                           
  4137  0FD2  30C7               	movlw	(MTR_Driver@SREG)&0ffh
  4138  0FD3  3193  234B  318E   	fcall	_PID_LIM
  4139                           	line	266
  4140                           ;Motor.c: 266: }
  4141  0FD6  2FE8               	goto	l19221
  4142                           	line	267
  4143                           	
  4144  0FD7                     l6575:	
  4145                           	line	269
  4146                           	
  4147  0FD7                     l19219:	
  4148                           ;Motor.c: 267: else
  4149                           ;Motor.c: 268: {
  4150                           ;Motor.c: 269: PID_LIM( &SREG, 40, OLIM.W.H );
  4151  0FD7  3028               	movlw	low(028h)
  4152  0FD8  00F1               	movwf	(?_PID_LIM)
  4153  0FD9  3000               	movlw	high(028h)
  4154  0FDA  00F2               	movwf	((?_PID_LIM))+1
  4155  0FDB  0020               	movlb 0	; select bank0
  4156  0FDC  0823               	movf	1+(MTR_Driver@OLIM)+02h,w
  4157  0FDD  01F4               	clrf	1+(?_PID_LIM)+02h
  4158  0FDE  07F4               	addwf	1+(?_PID_LIM)+02h
  4159  0FDF  0822               	movf	0+(MTR_Driver@OLIM)+02h,w
  4160  0FE0  01F3               	clrf	0+(?_PID_LIM)+02h
  4161  0FE1  07F3               	addwf	0+(?_PID_LIM)+02h
  4162                           
  4163  0FE2  30C7               	movlw	(MTR_Driver@SREG)&0ffh
  4164  0FE3  3193  234B  318E   	fcall	_PID_LIM
  4165  0FE6  2FE8               	goto	l19221
  4166                           	line	270
  4167                           	
  4168  0FE7                     l6576:	
  4169  0FE7  2FE8               	goto	l19221
  4170                           	line	271
  4171                           ;Motor.c: 270: }
  4172                           ;Motor.c: 271: do { GIE = 0; tmTriac = SREG.ro.W.H; GIE = 1; } while(0);
  4173                           	
  4174  0FE8                     l6577:	
  4175                           	
  4176  0FE8                     l19221:	
  4177  0FE8  138B               	bcf	(95/8),(95)&7
  4178                           	
  4179  0FE9                     l19223:	
  4180  0FE9  0021               	movlb 1	; select bank1
  4181  0FEA  0856               	movf	1+(MTR_Driver@SREG)^080h+0Eh,w
  4182  0FEB  01AF               	clrf	(_tmTriac+1)^080h
  4183  0FEC  07AF               	addwf	(_tmTriac+1)^080h
  4184  0FED  0855               	movf	0+(MTR_Driver@SREG)^080h+0Eh,w
  4185  0FEE  01AE               	clrf	(_tmTriac)^080h
  4186  0FEF  07AE               	addwf	(_tmTriac)^080h
  4187                           
  4188                           	
  4189  0FF0                     l19225:	
  4190  0FF0  178B               	bsf	(95/8),(95)&7
  4191  0FF1  2FFF               	goto	l6579
  4192                           	
  4193  0FF2                     l6578:	
  4194  0FF2  2FFF               	goto	l6579
  4195                           	line	272
  4196                           	
  4197  0FF3                     l6564:	
  4198                           	line	273
  4199                           ;Motor.c: 272: }
  4200                           ;Motor.c: 273: break;
  4201  0FF3  2FFF               	goto	l6579
  4202                           	line	274
  4203                           	
  4204  0FF4                     l19227:	
  4205                           ;Motor.c: 274: }
  4206  0FF4  2FFF               	goto	l6579
  4207                           	line	214
  4208                           	
  4209  0FF5                     l6557:	
  4210                           	
  4211  0FF5                     l19229:	
  4212  0FF5  0020               	movlb 0	; select bank0
  4213  0FF6  083F               	movf	(MTR_Driver@state),w
  4214                           	; Switch size 1, requested type "space"
  4215                           ; Number of cases is 2, Range of values is 0 to 1
  4216                           ; switch strategies available:
  4217                           ; Name         Instructions Cycles
  4218                           ; simple_byte            7     4 (average)
  4219                           ; direct_byte           10     6 (fixed)
  4220                           ; jumptable            260     6 (fixed)
  4221                           ; rangetable             6     4 (fixed)
  4222                           ; spacedrange            9     6 (fixed)
  4223                           ; locatedrange           2     3 (fixed)
  4224                           ;	Chosen strategy is simple_byte
  4225                           
  4226                           	opt asmopt_off
  4227  0FF7  3A00               	xorlw	0^0	; case 0
  4228  0FF8  1903               	skipnz
  4229  0FF9  2ECC               	goto	l6559
  4230  0FFA  3A01               	xorlw	1^0	; case 1
  4231  0FFB  1903               	skipnz
  4232  0FFC  2F11               	goto	l19177
  4233  0FFD  2FFF               	goto	l6579
  4234                           	opt asmopt_on
  4235                           
  4236                           	line	274
  4237                           	
  4238  0FFE                     l6562:	
  4239  0FFE  2FFF               	goto	l6579
  4240                           	
  4241  0FFF                     l6556:	
  4242                           	line	275
  4243                           	
  4244  0FFF                     l6579:	
  4245  0FFF  0008               	return
  4246                           	opt stack 0
  4247                           GLOBAL	__end_of_MTR_Driver
  4248  1000                     	__end_of_MTR_Driver:
  4249 ;; =============== function _MTR_Driver ends ============
  4250                           
  4251                           	signat	_MTR_Driver,88
  4252                           	global	_SVC_Ctrl
  4253                           psect	text977,local,class=CODE,delta=2
  4254                           global __ptext977
  4255  0141                     __ptext977:
  4256                           
  4257 ;; *************** function _SVC_Ctrl *****************
  4258 ;; Defined at:
  4259 ;;		line 546 in file "D:\project\baratheon-winnie\baratheon\Service.c"
  4260 ;; Parameters:    Size  Location     Type
  4261 ;;		None
  4262 ;; Auto vars:     Size  Location     Type
  4263 ;;		None
  4264 ;; Return value:  Size  Location     Type
  4265 ;;		None               void
  4266 ;; Registers used:
  4267 ;;		wreg, fsr1l, fsr1h, status,2, status,0, pclath, cstack
  4268 ;; Tracked objects:
  4269 ;;		On entry : 0/0
  4270 ;;		On exit  : 0/0
  4271 ;;		Unchanged: 0/0
  4272 ;; Data sizes:     COMMON   BANK0   BANK1   BANK2   BANK3   BANK4   BANK5   BANK7 BANK8hh BANK8hl  BANK8l BANK9hh BANK9h
       l  BANK9l BANK10h BANK10l  BANK11  BANK12
  4273 ;;      Params:         0       0       0       0       0       0       0       0       0       0       0       0       
       0       0       0       0       0       0
  4274 ;;      Locals:         0       0       0       0       0       0       0       0       0       0       0       0       
       0       0       0       0       0       0
  4275 ;;      Temps:          1       0       0       0       0       0       0       0       0       0       0       0       
       0       0       0       0       0       0
  4276 ;;      Totals:         1       0       0       0       0       0       0       0       0       0       0       0       
       0       0       0       0       0       0
  4277 ;;Total ram usage:        1 bytes
  4278 ;; Hardware stack levels used:    1
  4279 ;; Hardware stack levels required when called:    3
  4280 ;; This function calls:
  4281 ;;		_SVC_Timer
  4282 ;;		_REC_SpeedWorking
  4283 ;;		_REC_WorkingPower
  4284 ;;		_REC_WorkingTemp
  4285 ;;		_REC_Faults
  4286 ;;		_E2P_WR
  4287 ;; This function is called by:
  4288 ;;		_main
  4289 ;; This function uses a non-reentrant model
  4290 ;;
  4291                           psect	text977
  4292                           	file	"D:\project\baratheon-winnie\baratheon\Service.c"
  4293                           	line	546
  4294                           	global	__size_of_SVC_Ctrl
  4295  01FA                     	__size_of_SVC_Ctrl	equ	__end_of_SVC_Ctrl-_SVC_Ctrl
  4296                           	
  4297  0141                     _SVC_Ctrl:	
  4298                           	opt	stack 12
  4299                           ; Regs used in _SVC_Ctrl: [wreg+fsr1l-status,0+pclath+cstack]
  4300                           	line	548
  4301                           	
  4302  0141                     l19061:	
  4303                           ;Service.c: 548: if ( SVC_Timer( ) )
  4304  0141  3192  22C1  3181   	fcall	_SVC_Timer
  4305  0144  3A00               	xorlw	0&0ffh
  4306  0145  1903               	skipnz
  4307  0146  2948               	goto	u6381
  4308  0147  2949               	goto	u6380
  4309  0148                     u6381:
  4310  0148  2953               	goto	l19069
  4311  0149                     u6380:
  4312                           	line	550
  4313                           	
  4314  0149                     l19063:	
  4315                           ;Service.c: 549: {
  4316                           ;Service.c: 550: REC_SpeedWorking( );
  4317  0149  3184  24CC  3181   	fcall	_REC_SpeedWorking
  4318                           	line	551
  4319                           	
  4320  014C                     l19065:	
  4321                           ;Service.c: 551: REC_WorkingPower( );
  4322  014C  3180  2003  3181   	fcall	_REC_WorkingPower
  4323                           	line	552
  4324                           	
  4325  014F                     l19067:	
  4326                           ;Service.c: 552: REC_WorkingTemp( );
  4327  014F  3194  24B4  3181   	fcall	_REC_WorkingTemp
  4328  0152  2953               	goto	l19069
  4329                           	line	553
  4330                           	
  4331  0153                     l13242:	
  4332                           	line	554
  4333                           	
  4334  0153                     l19069:	
  4335                           ;Service.c: 553: }
  4336                           ;Service.c: 554: REC_Faults( );
  4337  0153  3188  203E  3181   	fcall	_REC_Faults
  4338                           	line	556
  4339                           	
  4340  0156                     l19071:	
  4341                           ;Service.c: 556: if ( e2pWrFlags & 0X01 )
  4342  0156  0020               	movlb 0	; select bank0
  4343  0157  1C48               	btfss	(_e2pWrFlags),(0)&7
  4344  0158  295A               	goto	u6391
  4345  0159  295B               	goto	u6390
  4346  015A                     u6391:
  4347  015A  2997               	goto	l13243
  4348  015B                     u6390:
  4349                           	line	558
  4350                           	
  4351  015B                     l19073:	
  4352                           ;Service.c: 557: {
  4353                           ;Service.c: 558: if ( E2P_WR( 0X23, ( U8* )&lastSpeedSetting, sizeof( lastSpeedSetting )
                                  ) )
  4354  015B  3020               	movlw	(1056&0ffh)
  4355  015C  00F3               	movwf	(?_E2P_WR)
  4356  015D  3004               	movlw	0x8/2
  4357  015E  00F4               	movwf	(?_E2P_WR+1)
  4358  015F  3007               	movlw	(07h)
  4359  0160  00F9               	movwf	(??_SVC_Ctrl+0)+0
  4360  0161  0879               	movf	(??_SVC_Ctrl+0)+0,w
  4361  0162  00F5               	movwf	0+(?_E2P_WR)+02h
  4362  0163  3023               	movlw	(023h)
  4363  0164  3192  2214  3181   	fcall	_E2P_WR
  4364  0167  3A00               	xorlw	0&0ffh
  4365  0168  1903               	skipnz
  4366  0169  296B               	goto	u6401
  4367  016A  296C               	goto	u6400
  4368  016B                     u6401:
  4369  016B  2B3A               	goto	l13281
  4370  016C                     u6400:
  4371                           	line	559
  4372                           	
  4373  016C                     l19075:	
  4374                           ;Service.c: 559: if ( E2P_WR( 0X38, ( U8* )&lastSpeedWorkingTime, sizeof( lastSpeedWorki
                                 ngTime ) ) )
  4375  016C  3028               	movlw	(1064&0ffh)
  4376  016D  00F3               	movwf	(?_E2P_WR)
  4377  016E  3004               	movlw	0x8/2
  4378  016F  00F4               	movwf	(?_E2P_WR+1)
  4379  0170  3015               	movlw	(015h)
  4380  0171  00F9               	movwf	(??_SVC_Ctrl+0)+0
  4381  0172  0879               	movf	(??_SVC_Ctrl+0)+0,w
  4382  0173  00F5               	movwf	0+(?_E2P_WR)+02h
  4383  0174  3038               	movlw	(038h)
  4384  0175  3192  2214  3181   	fcall	_E2P_WR
  4385  0178  3A00               	xorlw	0&0ffh
  4386  0179  1903               	skipnz
  4387  017A  297C               	goto	u6411
  4388  017B  297D               	goto	u6410
  4389  017C                     u6411:
  4390  017C  2B3A               	goto	l13281
  4391  017D                     u6410:
  4392                           	line	560
  4393                           	
  4394  017D                     l19077:	
  4395                           ;Service.c: 560: if ( E2P_WR( 0X8F, ( U8* )&totalSpeedWorkingTime, sizeof( totalSpeedWor
                                 kingTime ) ) )
  4396  017D  3040               	movlw	(1088&0ffh)
  4397  017E  00F3               	movwf	(?_E2P_WR)
  4398  017F  3004               	movlw	0x8/2
  4399  0180  00F4               	movwf	(?_E2P_WR+1)
  4400  0181  301C               	movlw	(01Ch)
  4401  0182  00F9               	movwf	(??_SVC_Ctrl+0)+0
  4402  0183  0879               	movf	(??_SVC_Ctrl+0)+0,w
  4403  0184  00F5               	movwf	0+(?_E2P_WR)+02h
  4404  0185  308F               	movlw	(08Fh)
  4405  0186  3192  2214  3181   	fcall	_E2P_WR
  4406  0189  3A00               	xorlw	0&0ffh
  4407  018A  1903               	skipnz
  4408  018B  298D               	goto	u6421
  4409  018C  298E               	goto	u6420
  4410  018D                     u6421:
  4411  018D  2B3A               	goto	l13281
  4412  018E                     u6420:
  4413                           	line	562
  4414                           	
  4415  018E                     l19079:	
  4416                           ;Service.c: 561: {
  4417                           ;Service.c: 562: e2pWrFlags &= ~0X01;
  4418  018E  30FE               	movlw	(0FEh)
  4419  018F  00F9               	movwf	(??_SVC_Ctrl+0)+0
  4420  0190  0879               	movf	(??_SVC_Ctrl+0)+0,w
  4421  0191  0020               	movlb 0	; select bank0
  4422  0192  05C8               	andwf	(_e2pWrFlags),f
  4423  0193  2B3A               	goto	l13281
  4424                           	line	563
  4425                           	
  4426  0194                     l13246:	
  4427  0194  2B3A               	goto	l13281
  4428                           	line	564
  4429                           	
  4430  0195                     l13245:	
  4431  0195  2B3A               	goto	l13281
  4432                           	
  4433  0196                     l13244:	
  4434                           ;Service.c: 563: }
  4435                           ;Service.c: 564: }
  4436  0196  2B3A               	goto	l13281
  4437                           	line	566
  4438                           	
  4439  0197                     l13243:	
  4440                           ;Service.c: 566: else if ( e2pWrFlags & 0X02 )
  4441  0197  1CC8               	btfss	(_e2pWrFlags),(1)&7
  4442  0198  299A               	goto	u6431
  4443  0199  299B               	goto	u6430
  4444  019A                     u6431:
  4445  019A  29D7               	goto	l13248
  4446  019B                     u6430:
  4447                           	line	568
  4448                           	
  4449  019B                     l19081:	
  4450                           ;Service.c: 567: {
  4451                           ;Service.c: 568: if ( E2P_WR( 0X2A, ( U8* )&lastUseMaxPower, sizeof( lastUseMaxPower ) )
                                  )
  4452  019B  30A0               	movlw	(1184&0ffh)
  4453  019C  00F3               	movwf	(?_E2P_WR)
  4454  019D  3004               	movlw	0x9/2
  4455  019E  00F4               	movwf	(?_E2P_WR+1)
  4456  019F  3007               	movlw	(07h)
  4457  01A0  00F9               	movwf	(??_SVC_Ctrl+0)+0
  4458  01A1  0879               	movf	(??_SVC_Ctrl+0)+0,w
  4459  01A2  00F5               	movwf	0+(?_E2P_WR)+02h
  4460  01A3  302A               	movlw	(02Ah)
  4461  01A4  3192  2214  3181   	fcall	_E2P_WR
  4462  01A7  3A00               	xorlw	0&0ffh
  4463  01A8  1903               	skipnz
  4464  01A9  29AB               	goto	u6441
  4465  01AA  29AC               	goto	u6440
  4466  01AB                     u6441:
  4467  01AB  2B3A               	goto	l13281
  4468  01AC                     u6440:
  4469                           	line	569
  4470                           	
  4471  01AC                     l19083:	
  4472                           ;Service.c: 569: if ( E2P_WR( 0X31, ( U8* )&lastUseAvePower, sizeof( lastUseAvePower ) )
                                  )
  4473  01AC  30A8               	movlw	(1192&0ffh)
  4474  01AD  00F3               	movwf	(?_E2P_WR)
  4475  01AE  3004               	movlw	0x9/2
  4476  01AF  00F4               	movwf	(?_E2P_WR+1)
  4477  01B0  3007               	movlw	(07h)
  4478  01B1  00F9               	movwf	(??_SVC_Ctrl+0)+0
  4479  01B2  0879               	movf	(??_SVC_Ctrl+0)+0,w
  4480  01B3  00F5               	movwf	0+(?_E2P_WR)+02h
  4481  01B4  3031               	movlw	(031h)
  4482  01B5  3192  2214  3181   	fcall	_E2P_WR
  4483  01B8  3A00               	xorlw	0&0ffh
  4484  01B9  1903               	skipnz
  4485  01BA  29BC               	goto	u6451
  4486  01BB  29BD               	goto	u6450
  4487  01BC                     u6451:
  4488  01BC  2B3A               	goto	l13281
  4489  01BD                     u6450:
  4490                           	line	570
  4491                           	
  4492  01BD                     l19085:	
  4493                           ;Service.c: 570: if ( E2P_WR( 0X54, ( U8* )&lastUseReadyTime, sizeof( lastUseReadyTime )
                                  ) )
  4494  01BD  30B0               	movlw	(1200&0ffh)
  4495  01BE  00F3               	movwf	(?_E2P_WR)
  4496  01BF  3004               	movlw	0x9/2
  4497  01C0  00F4               	movwf	(?_E2P_WR+1)
  4498  01C1  300E               	movlw	(0Eh)
  4499  01C2  00F9               	movwf	(??_SVC_Ctrl+0)+0
  4500  01C3  0879               	movf	(??_SVC_Ctrl+0)+0,w
  4501  01C4  00F5               	movwf	0+(?_E2P_WR)+02h
  4502  01C5  3054               	movlw	(054h)
  4503  01C6  3192  2214  3181   	fcall	_E2P_WR
  4504  01C9  3A00               	xorlw	0&0ffh
  4505  01CA  1903               	skipnz
  4506  01CB  29CD               	goto	u6461
  4507  01CC  29CE               	goto	u6460
  4508  01CD                     u6461:
  4509  01CD  2B3A               	goto	l13281
  4510  01CE                     u6460:
  4511                           	line	572
  4512                           	
  4513  01CE                     l19087:	
  4514                           ;Service.c: 571: {
  4515                           ;Service.c: 572: e2pWrFlags &= ~0X02;
  4516  01CE  30FD               	movlw	(0FDh)
  4517  01CF  00F9               	movwf	(??_SVC_Ctrl+0)+0
  4518  01D0  0879               	movf	(??_SVC_Ctrl+0)+0,w
  4519  01D1  0020               	movlb 0	; select bank0
  4520  01D2  05C8               	andwf	(_e2pWrFlags),f
  4521  01D3  2B3A               	goto	l13281
  4522                           	line	573
  4523                           	
  4524  01D4                     l13251:	
  4525  01D4  2B3A               	goto	l13281
  4526                           	line	574
  4527                           	
  4528  01D5                     l13250:	
  4529  01D5  2B3A               	goto	l13281
  4530                           	
  4531  01D6                     l13249:	
  4532                           ;Service.c: 573: }
  4533                           ;Service.c: 574: }
  4534  01D6  2B3A               	goto	l13281
  4535                           	line	576
  4536                           	
  4537  01D7                     l13248:	
  4538                           ;Service.c: 576: else if ( e2pWrFlags & 0X04 )
  4539  01D7  1D48               	btfss	(_e2pWrFlags),(2)&7
  4540  01D8  29DA               	goto	u6471
  4541  01D9  29DB               	goto	u6470
  4542  01DA                     u6471:
  4543  01DA  2A17               	goto	l13253
  4544  01DB                     u6470:
  4545                           	line	578
  4546                           	
  4547  01DB                     l19089:	
  4548                           ;Service.c: 577: {
  4549                           ;Service.c: 578: if ( E2P_WR( 0X1C, ( U8* )&faultCode, sizeof( faultCode ) ) )
  4550  01DB  3020               	movlw	(1312&0ffh)
  4551  01DC  00F3               	movwf	(?_E2P_WR)
  4552  01DD  3005               	movlw	0xA/2
  4553  01DE  00F4               	movwf	(?_E2P_WR+1)
  4554  01DF  3007               	movlw	(07h)
  4555  01E0  00F9               	movwf	(??_SVC_Ctrl+0)+0
  4556  01E1  0879               	movf	(??_SVC_Ctrl+0)+0,w
  4557  01E2  00F5               	movwf	0+(?_E2P_WR)+02h
  4558  01E3  301C               	movlw	(01Ch)
  4559  01E4  3192  2214  3181   	fcall	_E2P_WR
  4560  01E7  3A00               	xorlw	0&0ffh
  4561  01E8  1903               	skipnz
  4562  01E9  29EB               	goto	u6481
  4563  01EA  29EC               	goto	u6480
  4564  01EB                     u6481:
  4565  01EB  2B3A               	goto	l13281
  4566  01EC                     u6480:
  4567                           	line	579
  4568                           	
  4569  01EC                     l19091:	
  4570                           ;Service.c: 579: if ( E2P_WR( 0X86, ( U8* )&faultTotalCount, sizeof( faultTotalCount ) )
                                  )
  4571  01EC  3027               	movlw	(1319&0ffh)
  4572  01ED  00F3               	movwf	(?_E2P_WR)
  4573  01EE  3005               	movlw	0xA/2
  4574  01EF  00F4               	movwf	(?_E2P_WR+1)
  4575  01F0  3009               	movlw	(09h)
  4576  01F1  00F9               	movwf	(??_SVC_Ctrl+0)+0
  4577  01F2  0879               	movf	(??_SVC_Ctrl+0)+0,w
  4578  01F3  00F5               	movwf	0+(?_E2P_WR)+02h
  4579  01F4  3086               	movlw	(086h)
  4580  01F5  3192  2214  3181   	fcall	_E2P_WR
  4581  01F8  3A00               	xorlw	0&0ffh
  4582  01F9  1903               	skipnz
  4583  01FA  29FC               	goto	u6491
  4584  01FB  29FD               	goto	u6490
  4585  01FC                     u6491:
  4586  01FC  2B3A               	goto	l13281
  4587  01FD                     u6490:
  4588                           	line	580
  4589                           	
  4590  01FD                     l19093:	
  4591                           ;Service.c: 580: if ( E2P_WR( 0X62, ( U8* )&faultTimeStamp, sizeof( faultTimeStamp ) ) )
  4592  01FD  3030               	movlw	(1328&0ffh)
  4593  01FE  00F3               	movwf	(?_E2P_WR)
  4594  01FF  3005               	movlw	0xA/2
  4595  0200  00F4               	movwf	(?_E2P_WR+1)
  4596  0201  301C               	movlw	(01Ch)
  4597  0202  00F9               	movwf	(??_SVC_Ctrl+0)+0
  4598  0203  0879               	movf	(??_SVC_Ctrl+0)+0,w
  4599  0204  00F5               	movwf	0+(?_E2P_WR)+02h
  4600  0205  3062               	movlw	(062h)
  4601  0206  3192  2214  3181   	fcall	_E2P_WR
  4602  0209  3A00               	xorlw	0&0ffh
  4603  020A  1903               	skipnz
  4604  020B  2A0D               	goto	u6501
  4605  020C  2A0E               	goto	u6500
  4606  020D                     u6501:
  4607  020D  2B3A               	goto	l13281
  4608  020E                     u6500:
  4609                           	line	582
  4610                           	
  4611  020E                     l19095:	
  4612                           ;Service.c: 581: {
  4613                           ;Service.c: 582: e2pWrFlags &= ~0X04;
  4614  020E  30FB               	movlw	(0FBh)
  4615  020F  00F9               	movwf	(??_SVC_Ctrl+0)+0
  4616  0210  0879               	movf	(??_SVC_Ctrl+0)+0,w
  4617  0211  0020               	movlb 0	; select bank0
  4618  0212  05C8               	andwf	(_e2pWrFlags),f
  4619  0213  2B3A               	goto	l13281
  4620                           	line	583
  4621                           	
  4622  0214                     l13256:	
  4623  0214  2B3A               	goto	l13281
  4624                           	line	584
  4625                           	
  4626  0215                     l13255:	
  4627  0215  2B3A               	goto	l13281
  4628                           	
  4629  0216                     l13254:	
  4630                           ;Service.c: 583: }
  4631                           ;Service.c: 584: }
  4632  0216  2B3A               	goto	l13281
  4633                           	line	586
  4634                           	
  4635  0217                     l13253:	
  4636                           ;Service.c: 586: else if ( e2pWrFlags & 0X08 )
  4637  0217  1DC8               	btfss	(_e2pWrFlags),(3)&7
  4638  0218  2A1A               	goto	u6511
  4639  0219  2A1B               	goto	u6510
  4640  021A                     u6511:
  4641  021A  2A56               	goto	l13258
  4642  021B                     u6510:
  4643                           	line	588
  4644                           	
  4645  021B                     l19097:	
  4646                           ;Service.c: 587: {
  4647                           ;Service.c: 588: if ( E2P_WR( 0X7E, ( U8* )&maxMcuTemp, sizeof( maxMcuTemp ) ) )
  4648  021B  3050               	movlw	(1360&0ffh)
  4649  021C  00F3               	movwf	(?_E2P_WR)
  4650  021D  3005               	movlw	0xA/2
  4651  021E  00F4               	movwf	(?_E2P_WR+1)
  4652  021F  3007               	movlw	(07h)
  4653  0220  00F9               	movwf	(??_SVC_Ctrl+0)+0
  4654  0221  0879               	movf	(??_SVC_Ctrl+0)+0,w
  4655  0222  00F5               	movwf	0+(?_E2P_WR)+02h
  4656  0223  307E               	movlw	(07Eh)
  4657  0224  3192  2214  3181   	fcall	_E2P_WR
  4658  0227  3A00               	xorlw	0&0ffh
  4659  0228  1903               	skipnz
  4660  0229  2A2B               	goto	u6521
  4661  022A  2A2C               	goto	u6520
  4662  022B                     u6521:
  4663  022B  2B3A               	goto	l13281
  4664  022C                     u6520:
  4665                           	line	589
  4666                           	
  4667  022C                     l19099:	
  4668                           ;Service.c: 589: if ( E2P_WR( 0X85, ( U8* )&maxMotorHistoryTemp, sizeof( maxMotorHistory
                                 Temp ) ) )
  4669  022C  3057               	movlw	(1367&0ffh)
  4670  022D  00F3               	movwf	(?_E2P_WR)
  4671  022E  3005               	movlw	0xA/2
  4672  022F  00F4               	movwf	(?_E2P_WR+1)
  4673  0230  01F5               	clrf	0+(?_E2P_WR)+02h
  4674  0231  1403               	bsf	status,0
  4675  0232  0DF5               	rlf	0+(?_E2P_WR)+02h,f
  4676  0233  3085               	movlw	(085h)
  4677  0234  3192  2214  3181   	fcall	_E2P_WR
  4678  0237  3A00               	xorlw	0&0ffh
  4679  0238  1903               	skipnz
  4680  0239  2A3B               	goto	u6531
  4681  023A  2A3C               	goto	u6530
  4682  023B                     u6531:
  4683  023B  2B3A               	goto	l13281
  4684  023C                     u6530:
  4685                           	line	590
  4686                           	
  4687  023C                     l19101:	
  4688                           ;Service.c: 590: if ( E2P_WR( 0X4D, ( U8* )&lastUseMaxMotorTemp, sizeof( lastUseMaxMotor
                                 Temp ) ) )
  4689  023C  3058               	movlw	(1368&0ffh)
  4690  023D  00F3               	movwf	(?_E2P_WR)
  4691  023E  3005               	movlw	0xA/2
  4692  023F  00F4               	movwf	(?_E2P_WR+1)
  4693  0240  3007               	movlw	(07h)
  4694  0241  00F9               	movwf	(??_SVC_Ctrl+0)+0
  4695  0242  0879               	movf	(??_SVC_Ctrl+0)+0,w
  4696  0243  00F5               	movwf	0+(?_E2P_WR)+02h
  4697  0244  304D               	movlw	(04Dh)
  4698  0245  3192  2214  3181   	fcall	_E2P_WR
  4699  0248  3A00               	xorlw	0&0ffh
  4700  0249  1903               	skipnz
  4701  024A  2A4C               	goto	u6541
  4702  024B  2A4D               	goto	u6540
  4703  024C                     u6541:
  4704  024C  2B3A               	goto	l13281
  4705  024D                     u6540:
  4706                           	line	592
  4707                           	
  4708  024D                     l19103:	
  4709                           ;Service.c: 591: {
  4710                           ;Service.c: 592: e2pWrFlags &= ~0X08;
  4711  024D  30F7               	movlw	(0F7h)
  4712  024E  00F9               	movwf	(??_SVC_Ctrl+0)+0
  4713  024F  0879               	movf	(??_SVC_Ctrl+0)+0,w
  4714  0250  0020               	movlb 0	; select bank0
  4715  0251  05C8               	andwf	(_e2pWrFlags),f
  4716  0252  2B3A               	goto	l13281
  4717                           	line	593
  4718                           	
  4719  0253                     l13261:	
  4720  0253  2B3A               	goto	l13281
  4721                           	line	594
  4722                           	
  4723  0254                     l13260:	
  4724  0254  2B3A               	goto	l13281
  4725                           	
  4726  0255                     l13259:	
  4727                           ;Service.c: 593: }
  4728                           ;Service.c: 594: }
  4729  0255  2B3A               	goto	l13281
  4730                           	line	596
  4731                           	
  4732  0256                     l13258:	
  4733                           ;Service.c: 596: else if ( e2pWrFlags & 0X10 )
  4734  0256  1E48               	btfss	(_e2pWrFlags),(4)&7
  4735  0257  2A59               	goto	u6551
  4736  0258  2A5A               	goto	u6550
  4737  0259                     u6551:
  4738  0259  2A96               	goto	l13263
  4739  025A                     u6550:
  4740                           	line	598
  4741                           	
  4742  025A                     l19105:	
  4743                           ;Service.c: 597: {
  4744                           ;Service.c: 598: if ( E2P_WR( 0XD7, ( U8* )&totalPowerOnTime, sizeof( totalPowerOnTime )
                                  ) )
  4745  025A  30A0               	movlw	(1440&0ffh)
  4746  025B  00F3               	movwf	(?_E2P_WR)
  4747  025C  3005               	movlw	0xB/2
  4748  025D  00F4               	movwf	(?_E2P_WR+1)
  4749  025E  3004               	movlw	(04h)
  4750  025F  00F9               	movwf	(??_SVC_Ctrl+0)+0
  4751  0260  0879               	movf	(??_SVC_Ctrl+0)+0,w
  4752  0261  00F5               	movwf	0+(?_E2P_WR)+02h
  4753  0262  30D7               	movlw	(0D7h)
  4754  0263  3192  2214  3181   	fcall	_E2P_WR
  4755  0266  3A00               	xorlw	0&0ffh
  4756  0267  1903               	skipnz
  4757  0268  2A6A               	goto	u6561
  4758  0269  2A6B               	goto	u6560
  4759  026A                     u6561:
  4760  026A  2B3A               	goto	l13281
  4761  026B                     u6560:
  4762                           	line	599
  4763                           	
  4764  026B                     l19107:	
  4765                           ;Service.c: 599: if ( E2P_WR( 0XDF, ( U8* )&totalStandbyTime, sizeof( totalStandbyTime )
                                  ) )
  4766  026B  30A4               	movlw	(1444&0ffh)
  4767  026C  00F3               	movwf	(?_E2P_WR)
  4768  026D  3005               	movlw	0xB/2
  4769  026E  00F4               	movwf	(?_E2P_WR+1)
  4770  026F  3004               	movlw	(04h)
  4771  0270  00F9               	movwf	(??_SVC_Ctrl+0)+0
  4772  0271  0879               	movf	(??_SVC_Ctrl+0)+0,w
  4773  0272  00F5               	movwf	0+(?_E2P_WR)+02h
  4774  0273  30DF               	movlw	(0DFh)
  4775  0274  3192  2214  3181   	fcall	_E2P_WR
  4776  0277  3A00               	xorlw	0&0ffh
  4777  0278  1903               	skipnz
  4778  0279  2A7B               	goto	u6571
  4779  027A  2A7C               	goto	u6570
  4780  027B                     u6571:
  4781  027B  2B3A               	goto	l13281
  4782  027C                     u6570:
  4783                           	line	600
  4784                           	
  4785  027C                     l19109:	
  4786                           ;Service.c: 600: if ( E2P_WR( 0XD3, ( U8* )&totalWorkingTime, sizeof( totalWorkingTime )
                                  ) )
  4787  027C  30A8               	movlw	(1448&0ffh)
  4788  027D  00F3               	movwf	(?_E2P_WR)
  4789  027E  3005               	movlw	0xB/2
  4790  027F  00F4               	movwf	(?_E2P_WR+1)
  4791  0280  3004               	movlw	(04h)
  4792  0281  00F9               	movwf	(??_SVC_Ctrl+0)+0
  4793  0282  0879               	movf	(??_SVC_Ctrl+0)+0,w
  4794  0283  00F5               	movwf	0+(?_E2P_WR)+02h
  4795  0284  30D3               	movlw	(0D3h)
  4796  0285  3192  2214  3181   	fcall	_E2P_WR
  4797  0288  3A00               	xorlw	0&0ffh
  4798  0289  1903               	skipnz
  4799  028A  2A8C               	goto	u6581
  4800  028B  2A8D               	goto	u6580
  4801  028C                     u6581:
  4802  028C  2B3A               	goto	l13281
  4803  028D                     u6580:
  4804                           	line	602
  4805                           	
  4806  028D                     l19111:	
  4807                           ;Service.c: 601: {
  4808                           ;Service.c: 602: e2pWrFlags &= ~0X10;
  4809  028D  30EF               	movlw	(0EFh)
  4810  028E  00F9               	movwf	(??_SVC_Ctrl+0)+0
  4811  028F  0879               	movf	(??_SVC_Ctrl+0)+0,w
  4812  0290  0020               	movlb 0	; select bank0
  4813  0291  05C8               	andwf	(_e2pWrFlags),f
  4814  0292  2B3A               	goto	l13281
  4815                           	line	603
  4816                           	
  4817  0293                     l13266:	
  4818  0293  2B3A               	goto	l13281
  4819                           	line	604
  4820                           	
  4821  0294                     l13265:	
  4822  0294  2B3A               	goto	l13281
  4823                           	
  4824  0295                     l13264:	
  4825                           ;Service.c: 603: }
  4826                           ;Service.c: 604: }
  4827  0295  2B3A               	goto	l13281
  4828                           	line	606
  4829                           	
  4830  0296                     l13263:	
  4831                           ;Service.c: 606: else if ( e2pWrFlags & 0X20 )
  4832  0296  1EC8               	btfss	(_e2pWrFlags),(5)&7
  4833  0297  2A99               	goto	u6591
  4834  0298  2A9A               	goto	u6590
  4835  0299                     u6591:
  4836  0299  2AE8               	goto	l13268
  4837  029A                     u6590:
  4838                           	line	608
  4839                           	
  4840  029A                     l19113:	
  4841                           ;Service.c: 607: {
  4842                           ;Service.c: 608: if ( E2P_WR( 0XAB, ( U8* )&autoWorkingTime, sizeof( autoWorkingTime ) )
                                  )
  4843  029A  3020               	movlw	(1568&0ffh)
  4844  029B  00F3               	movwf	(?_E2P_WR)
  4845  029C  3006               	movlw	0xC/2
  4846  029D  00F4               	movwf	(?_E2P_WR+1)
  4847  029E  3004               	movlw	(04h)
  4848  029F  00F9               	movwf	(??_SVC_Ctrl+0)+0
  4849  02A0  0879               	movf	(??_SVC_Ctrl+0)+0,w
  4850  02A1  00F5               	movwf	0+(?_E2P_WR)+02h
  4851  02A2  30AB               	movlw	(0ABh)
  4852  02A3  3192  2214  3181   	fcall	_E2P_WR
  4853  02A6  3A00               	xorlw	0&0ffh
  4854  02A7  1903               	skipnz
  4855  02A8  2AAA               	goto	u6601
  4856  02A9  2AAB               	goto	u6600
  4857  02AA                     u6601:
  4858  02AA  2B3A               	goto	l13281
  4859  02AB                     u6600:
  4860                           	line	609
  4861                           	
  4862  02AB                     l19115:	
  4863                           ;Service.c: 609: if ( E2P_WR( 0XAF, ( U8* )&keyWorkingTime, sizeof( keyWorkingTime ) ) )
  4864  02AB  3024               	movlw	(1572&0ffh)
  4865  02AC  00F3               	movwf	(?_E2P_WR)
  4866  02AD  3006               	movlw	0xC/2
  4867  02AE  00F4               	movwf	(?_E2P_WR+1)
  4868  02AF  3024               	movlw	(024h)
  4869  02B0  00F9               	movwf	(??_SVC_Ctrl+0)+0
  4870  02B1  0879               	movf	(??_SVC_Ctrl+0)+0,w
  4871  02B2  00F5               	movwf	0+(?_E2P_WR)+02h
  4872  02B3  30AF               	movlw	(0AFh)
  4873  02B4  3192  2214  3181   	fcall	_E2P_WR
  4874  02B7  3A00               	xorlw	0&0ffh
  4875  02B8  1903               	skipnz
  4876  02B9  2ABB               	goto	u6611
  4877  02BA  2ABC               	goto	u6610
  4878  02BB                     u6611:
  4879  02BB  2B3A               	goto	l13281
  4880  02BC                     u6610:
  4881                           	line	610
  4882                           	
  4883  02BC                     l19117:	
  4884                           ;Service.c: 610: if ( E2P_WR( 0XE5, ( U8* )&totalAutoPressedCount, sizeof( totalAutoPres
                                 sedCount ) ) )
  4885  02BC  3050               	movlw	(1616&0ffh)
  4886  02BD  00F3               	movwf	(?_E2P_WR)
  4887  02BE  3006               	movlw	0xC/2
  4888  02BF  00F4               	movwf	(?_E2P_WR+1)
  4889  02C0  3002               	movlw	(02h)
  4890  02C1  00F9               	movwf	(??_SVC_Ctrl+0)+0
  4891  02C2  0879               	movf	(??_SVC_Ctrl+0)+0,w
  4892  02C3  00F5               	movwf	0+(?_E2P_WR)+02h
  4893  02C4  30E5               	movlw	(0E5h)
  4894  02C5  3192  2214  3181   	fcall	_E2P_WR
  4895  02C8  3A00               	xorlw	0&0ffh
  4896  02C9  1903               	skipnz
  4897  02CA  2ACC               	goto	u6621
  4898  02CB  2ACD               	goto	u6620
  4899  02CC                     u6621:
  4900  02CC  2B3A               	goto	l13281
  4901  02CD                     u6620:
  4902                           	line	611
  4903                           	
  4904  02CD                     l19119:	
  4905                           ;Service.c: 611: if ( E2P_WR( 0XE7, ( U8* )&totalKeyPressedCount, sizeof( totalKeyPresse
                                 dCount ) ) )
  4906  02CD  3054               	movlw	(1620&0ffh)
  4907  02CE  00F3               	movwf	(?_E2P_WR)
  4908  02CF  3006               	movlw	0xC/2
  4909  02D0  00F4               	movwf	(?_E2P_WR+1)
  4910  02D1  3012               	movlw	(012h)
  4911  02D2  00F9               	movwf	(??_SVC_Ctrl+0)+0
  4912  02D3  0879               	movf	(??_SVC_Ctrl+0)+0,w
  4913  02D4  00F5               	movwf	0+(?_E2P_WR)+02h
  4914  02D5  30E7               	movlw	(0E7h)
  4915  02D6  3192  2214  3181   	fcall	_E2P_WR
  4916  02D9  3A00               	xorlw	0&0ffh
  4917  02DA  1903               	skipnz
  4918  02DB  2ADD               	goto	u6631
  4919  02DC  2ADE               	goto	u6630
  4920  02DD                     u6631:
  4921  02DD  2B3A               	goto	l13281
  4922  02DE                     u6630:
  4923                           	line	613
  4924                           	
  4925  02DE                     l19121:	
  4926                           ;Service.c: 612: {
  4927                           ;Service.c: 613: e2pWrFlags &= ~0X20;
  4928  02DE  30DF               	movlw	(0DFh)
  4929  02DF  00F9               	movwf	(??_SVC_Ctrl+0)+0
  4930  02E0  0879               	movf	(??_SVC_Ctrl+0)+0,w
  4931  02E1  0020               	movlb 0	; select bank0
  4932  02E2  05C8               	andwf	(_e2pWrFlags),f
  4933  02E3  2B3A               	goto	l13281
  4934                           	line	614
  4935                           	
  4936  02E4                     l13272:	
  4937  02E4  2B3A               	goto	l13281
  4938                           	line	615
  4939                           	
  4940  02E5                     l13271:	
  4941  02E5  2B3A               	goto	l13281
  4942                           	
  4943  02E6                     l13270:	
  4944  02E6  2B3A               	goto	l13281
  4945                           	
  4946  02E7                     l13269:	
  4947                           ;Service.c: 614: }
  4948                           ;Service.c: 615: }
  4949  02E7  2B3A               	goto	l13281
  4950                           	line	617
  4951                           	
  4952  02E8                     l13268:	
  4953                           ;Service.c: 617: else if ( e2pWrFlags & 0X40 )
  4954  02E8  1F48               	btfss	(_e2pWrFlags),(6)&7
  4955  02E9  2AEB               	goto	u6641
  4956  02EA  2AEC               	goto	u6640
  4957  02EB                     u6641:
  4958  02EB  2B16               	goto	l13274
  4959  02EC                     u6640:
  4960                           	line	619
  4961                           	
  4962  02EC                     l19123:	
  4963                           ;Service.c: 618: {
  4964                           ;Service.c: 619: if ( E2P_WR( 0XDB, ( U8* )&totalNoInterlockTime, sizeof( totalNoInterlo
                                 ckTime ) ) )
  4965  02EC  3058               	movlw	(1624&0ffh)
  4966  02ED  00F3               	movwf	(?_E2P_WR)
  4967  02EE  3006               	movlw	0xC/2
  4968  02EF  00F4               	movwf	(?_E2P_WR+1)
  4969  02F0  3004               	movlw	(04h)
  4970  02F1  00F9               	movwf	(??_SVC_Ctrl+0)+0
  4971  02F2  0879               	movf	(??_SVC_Ctrl+0)+0,w
  4972  02F3  00F5               	movwf	0+(?_E2P_WR)+02h
  4973  02F4  30DB               	movlw	(0DBh)
  4974  02F5  3192  2214  3181   	fcall	_E2P_WR
  4975  02F8  3A00               	xorlw	0&0ffh
  4976  02F9  1903               	skipnz
  4977  02FA  2AFC               	goto	u6651
  4978  02FB  2AFD               	goto	u6650
  4979  02FC                     u6651:
  4980  02FC  2B3A               	goto	l13281
  4981  02FD                     u6650:
  4982                           	line	620
  4983                           	
  4984  02FD                     l19125:	
  4985                           ;Service.c: 620: if ( E2P_WR( 0XE3, ( U8* )&totalInterlockOpenCount, sizeof( totalInterl
                                 ockOpenCount ) ) )
  4986  02FD  305C               	movlw	(1628&0ffh)
  4987  02FE  00F3               	movwf	(?_E2P_WR)
  4988  02FF  3006               	movlw	0xC/2
  4989  0300  00F4               	movwf	(?_E2P_WR+1)
  4990  0301  3002               	movlw	(02h)
  4991  0302  00F9               	movwf	(??_SVC_Ctrl+0)+0
  4992  0303  0879               	movf	(??_SVC_Ctrl+0)+0,w
  4993  0304  00F5               	movwf	0+(?_E2P_WR)+02h
  4994  0305  30E3               	movlw	(0E3h)
  4995  0306  3192  2214  3181   	fcall	_E2P_WR
  4996  0309  3A00               	xorlw	0&0ffh
  4997  030A  1903               	skipnz
  4998  030B  2B0D               	goto	u6661
  4999  030C  2B0E               	goto	u6660
  5000  030D                     u6661:
  5001  030D  2B3A               	goto	l13281
  5002  030E                     u6660:
  5003                           	line	622
  5004                           	
  5005  030E                     l19127:	
  5006                           ;Service.c: 621: {
  5007                           ;Service.c: 622: e2pWrFlags &= ~0X40;
  5008  030E  30BF               	movlw	(0BFh)
  5009  030F  00F9               	movwf	(??_SVC_Ctrl+0)+0
  5010  0310  0879               	movf	(??_SVC_Ctrl+0)+0,w
  5011  0311  0020               	movlb 0	; select bank0
  5012  0312  05C8               	andwf	(_e2pWrFlags),f
  5013  0313  2B3A               	goto	l13281
  5014                           	line	623
  5015                           	
  5016  0314                     l13276:	
  5017  0314  2B3A               	goto	l13281
  5018                           	line	624
  5019                           	
  5020  0315                     l13275:	
  5021                           ;Service.c: 623: }
  5022                           ;Service.c: 624: }
  5023  0315  2B3A               	goto	l13281
  5024                           	line	626
  5025                           	
  5026  0316                     l13274:	
  5027                           ;Service.c: 626: else if ( e2pWrFlags & 0X80 )
  5028  0316  1FC8               	btfss	(_e2pWrFlags),(7)&7
  5029  0317  2B19               	goto	u6671
  5030  0318  2B1A               	goto	u6670
  5031  0319                     u6671:
  5032  0319  2B31               	goto	l13278
  5033  031A                     u6670:
  5034                           	line	628
  5035                           	
  5036  031A                     l19129:	
  5037                           ;Service.c: 627: {
  5038                           ;Service.c: 628: if ( E2P_WR( 0XFE, ( U8* )&tuneValue, sizeof( tuneValue ) ) )
  5039  031A  3051               	movlw	(_tuneValue&0ffh)
  5040  031B  00F3               	movwf	(?_E2P_WR)
  5041  031C  3000               	movlw	0x0/2
  5042  031D  00F4               	movwf	(?_E2P_WR+1)
  5043  031E  01F5               	clrf	0+(?_E2P_WR)+02h
  5044  031F  1403               	bsf	status,0
  5045  0320  0DF5               	rlf	0+(?_E2P_WR)+02h,f
  5046  0321  30FE               	movlw	(0FEh)
  5047  0322  3192  2214  3181   	fcall	_E2P_WR
  5048  0325  3A00               	xorlw	0&0ffh
  5049  0326  1903               	skipnz
  5050  0327  2B29               	goto	u6681
  5051  0328  2B2A               	goto	u6680
  5052  0329                     u6681:
  5053  0329  2B3A               	goto	l13281
  5054  032A                     u6680:
  5055                           	line	630
  5056                           	
  5057  032A                     l19131:	
  5058                           ;Service.c: 629: {
  5059                           ;Service.c: 630: e2pWrFlags &= ~0X80;
  5060  032A  307F               	movlw	(07Fh)
  5061  032B  00F9               	movwf	(??_SVC_Ctrl+0)+0
  5062  032C  0879               	movf	(??_SVC_Ctrl+0)+0,w
  5063  032D  0020               	movlb 0	; select bank0
  5064  032E  05C8               	andwf	(_e2pWrFlags),f
  5065  032F  2B3A               	goto	l13281
  5066                           	line	631
  5067                           	
  5068  0330                     l13279:	
  5069                           	line	632
  5070                           ;Service.c: 631: }
  5071                           ;Service.c: 632: }
  5072  0330  2B3A               	goto	l13281
  5073                           	line	634
  5074                           	
  5075  0331                     l13278:	
  5076                           	line	636
  5077                           ;Service.c: 634: else
  5078                           ;Service.c: 635: {
  5079                           ;Service.c: 636: e2pWrFlags = 0x00;
  5080  0331  01C8               	clrf	(_e2pWrFlags)
  5081  0332  2B3A               	goto	l13281
  5082                           	line	637
  5083                           	
  5084  0333                     l13280:	
  5085  0333  2B3A               	goto	l13281
  5086                           	
  5087  0334                     l13277:	
  5088  0334  2B3A               	goto	l13281
  5089                           	
  5090  0335                     l13273:	
  5091  0335  2B3A               	goto	l13281
  5092                           	
  5093  0336                     l13267:	
  5094  0336  2B3A               	goto	l13281
  5095                           	
  5096  0337                     l13262:	
  5097  0337  2B3A               	goto	l13281
  5098                           	
  5099  0338                     l13257:	
  5100  0338  2B3A               	goto	l13281
  5101                           	
  5102  0339                     l13252:	
  5103  0339  2B3A               	goto	l13281
  5104                           	
  5105  033A                     l13247:	
  5106                           	line	638
  5107                           	
  5108  033A                     l13281:	
  5109  033A  0008               	return
  5110                           	opt stack 0
  5111                           GLOBAL	__end_of_SVC_Ctrl
  5112  033B                     	__end_of_SVC_Ctrl:
  5113 ;; =============== function _SVC_Ctrl ends ============
  5114                           
  5115                           	signat	_SVC_Ctrl,88
  5116                           	global	_SYS_Ctrl
  5117                           psect	text978,local,class=CODE,delta=2
  5118                           global __ptext978
  5119  0C6F                     __ptext978:
  5120                           
  5121 ;; *************** function _SYS_Ctrl *****************
  5122 ;; Defined at:
  5123 ;;		line 138 in file "D:\project\baratheon-winnie\baratheon\System.c"
  5124 ;; Parameters:    Size  Location     Type
  5125 ;;		None
  5126 ;; Auto vars:     Size  Location     Type
  5127 ;;		None
  5128 ;; Return value:  Size  Location     Type
  5129 ;;		None               void
  5130 ;; Registers used:
  5131 ;;		wreg, fsr0l, fsr0h, status,2, status,0, btemp+1, pclath, cstack
  5132 ;; Tracked objects:
  5133 ;;		On entry : 0/0
  5134 ;;		On exit  : 0/0
  5135 ;;		Unchanged: 0/0
  5136 ;; Data sizes:     COMMON   BANK0   BANK1   BANK2   BANK3   BANK4   BANK5   BANK7 BANK8hh BANK8hl  BANK8l BANK9hh BANK9h
       l  BANK9l BANK10h BANK10l  BANK11  BANK12
  5137 ;;      Params:         0       0       0       0       0       0       0       0       0       0       0       0       
       0       0       0       0       0       0
  5138 ;;      Locals:         0       0       0       0       0       0       0       0       0       0       0       0       
       0       0       0       0       0       0
  5139 ;;      Temps:          4       0       0       0       0       0       0       0       0       0       0       0       
       0       0       0       0       0       0
  5140 ;;      Totals:         4       0       0       0       0       0       0       0       0       0       0       0       
       0       0       0       0       0       0
  5141 ;;Total ram usage:        4 bytes
  5142 ;; Hardware stack levels used:    1
  5143 ;; Hardware stack levels required when called:    3
  5144 ;; This function calls:
  5145 ;;		_CAL_MtrLevel
  5146 ;;		_CAL_TuneValue
  5147 ;; This function is called by:
  5148 ;;		_main
  5149 ;; This function uses a non-reentrant model
  5150 ;;
  5151                           psect	text978
  5152                           	file	"D:\project\baratheon-winnie\baratheon\System.c"
  5153                           	line	138
  5154                           	global	__size_of_SYS_Ctrl
  5155  011D                     	__size_of_SYS_Ctrl	equ	__end_of_SYS_Ctrl-_SYS_Ctrl
  5156                           	
  5157  0C6F                     _SYS_Ctrl:	
  5158                           	opt	stack 12
  5159                           ; Regs used in _SYS_Ctrl: [wreg-fsr0h+status,2+status,0+btemp+1+pclath+cstack]
  5160                           	line	140
  5161                           	
  5162  0C6F                     l18977:	
  5163                           ;System.c: 139: static  U32 time = 0;
  5164                           ;System.c: 140: CAL_MtrLevel( );
  5165  0C6F  3183  233B  318C   	fcall	_CAL_MtrLevel
  5166                           	line	141
  5167                           	
  5168  0C72                     l18979:	
  5169                           ;System.c: 141: CAL_TuneValue( );
  5170  0C72  3188  20EE  318C   	fcall	_CAL_TuneValue
  5171                           	line	142
  5172                           	
  5173  0C75                     l18981:	
  5174                           ;System.c: 142: if ( time ) time--;
  5175  0C75  0020               	movlb 0	; select bank0
  5176  0C76  0827               	movf	(SYS_Ctrl@time+3),w
  5177  0C77  0426               	iorwf	(SYS_Ctrl@time+2),w
  5178  0C78  0425               	iorwf	(SYS_Ctrl@time+1),w
  5179  0C79  0424               	iorwf	(SYS_Ctrl@time),w
  5180  0C7A  1903               	skipnz
  5181  0C7B  2C7D               	goto	u6291
  5182  0C7C  2C7E               	goto	u6290
  5183  0C7D                     u6291:
  5184  0C7D  2D80               	goto	l19055
  5185  0C7E                     u6290:
  5186                           	
  5187  0C7E                     l18983:	
  5188  0C7E  3001               	movlw	01h
  5189  0C7F  00F5               	movwf	((??_SYS_Ctrl+0)+0)
  5190  0C80  3000               	movlw	0
  5191  0C81  00F6               	movwf	((??_SYS_Ctrl+0)+0+1)
  5192  0C82  3000               	movlw	0
  5193  0C83  00F7               	movwf	((??_SYS_Ctrl+0)+0+2)
  5194  0C84  3000               	movlw	0
  5195  0C85  00F8               	movwf	((??_SYS_Ctrl+0)+0+3)
  5196  0C86  0875               	movf	0+(??_SYS_Ctrl+0)+0,w
  5197  0C87  02A4               	subwf	(SYS_Ctrl@time),f
  5198  0C88  0876               	movf	1+(??_SYS_Ctrl+0)+0,w
  5199  0C89  3BA5               	subwfb	(SYS_Ctrl@time+1),f
  5200  0C8A  0877               	movf	2+(??_SYS_Ctrl+0)+0,w
  5201  0C8B  3BA6               	subwfb	(SYS_Ctrl@time+2),f
  5202  0C8C  0878               	movf	3+(??_SYS_Ctrl+0)+0,w
  5203  0C8D  3BA7               	subwfb	(SYS_Ctrl@time+3),f
  5204  0C8E  2D80               	goto	l19055
  5205                           	
  5206  0C8F                     l8283:	
  5207                           	line	143
  5208                           ;System.c: 143: switch ( sysStatus )
  5209  0C8F  2D80               	goto	l19055
  5210                           	line	145
  5211                           ;System.c: 144: {
  5212                           ;System.c: 145: case 0:
  5213                           	
  5214  0C90                     l8285:	
  5215                           	line	146
  5216                           	
  5217  0C90                     l18985:	
  5218                           ;System.c: 146: mtrSpeedRef = 0;
  5219  0C90  01B6               	clrf	(_mtrSpeedRef)
  5220  0C91  01B7               	clrf	(_mtrSpeedRef+1)
  5221                           	line	147
  5222                           	
  5223  0C92                     l18987:	
  5224                           ;System.c: 147: sysStatus = 1;
  5225  0C92  01CC               	clrf	(_sysStatus)
  5226  0C93  1403               	bsf	status,0
  5227  0C94  0DCC               	rlf	(_sysStatus),f
  5228                           	line	148
  5229                           	
  5230  0C95                     l18989:	
  5231                           ;System.c: 148: time = 100UL*5;
  5232  0C95  3000               	movlw	0
  5233  0C96  00A7               	movwf	(SYS_Ctrl@time+3)
  5234  0C97  3000               	movlw	0
  5235  0C98  00A6               	movwf	(SYS_Ctrl@time+2)
  5236  0C99  3001               	movlw	01h
  5237  0C9A  00A5               	movwf	(SYS_Ctrl@time+1)
  5238  0C9B  30F4               	movlw	0F4h
  5239  0C9C  00A4               	movwf	(SYS_Ctrl@time)
  5240                           
  5241                           	line	149
  5242                           ;System.c: 149: break;
  5243  0C9D  2D8B               	goto	l8313
  5244                           	line	150
  5245                           ;System.c: 150: case 1:
  5246                           	
  5247  0C9E                     l8287:	
  5248                           	line	151
  5249                           	
  5250  0C9E                     l18991:	
  5251                           ;System.c: 151: mtrSpeedRef = 0;
  5252  0C9E  01B6               	clrf	(_mtrSpeedRef)
  5253  0C9F  01B7               	clrf	(_mtrSpeedRef+1)
  5254                           	line	152
  5255                           	
  5256  0CA0                     l18993:	
  5257                           ;System.c: 152: if ( mtrError || !time )
  5258  0CA0  08C9               	movf	(_mtrError),f
  5259  0CA1  1D03               	skipz
  5260  0CA2  2CA4               	goto	u6301
  5261  0CA3  2CA5               	goto	u6300
  5262  0CA4                     u6301:
  5263  0CA4  2CAE               	goto	l18997
  5264  0CA5                     u6300:
  5265                           	
  5266  0CA5                     l18995:	
  5267  0CA5  0827               	movf	(SYS_Ctrl@time+3),w
  5268  0CA6  0426               	iorwf	(SYS_Ctrl@time+2),w
  5269  0CA7  0425               	iorwf	(SYS_Ctrl@time+1),w
  5270  0CA8  0424               	iorwf	(SYS_Ctrl@time),w
  5271  0CA9  1D03               	skipz
  5272  0CAA  2CAC               	goto	u6311
  5273  0CAB  2CAD               	goto	u6310
  5274  0CAC                     u6311:
  5275  0CAC  2CBF               	goto	l18999
  5276  0CAD                     u6310:
  5277  0CAD  2CAE               	goto	l18997
  5278                           	
  5279  0CAE                     l8290:	
  5280                           	line	154
  5281                           	
  5282  0CAE                     l18997:	
  5283                           ;System.c: 153: {
  5284                           ;System.c: 154: sysFault = mtrError;
  5285  0CAE  0849               	movf	(_mtrError),w
  5286  0CAF  00F5               	movwf	(??_SYS_Ctrl+0)+0
  5287  0CB0  0875               	movf	(??_SYS_Ctrl+0)+0,w
  5288  0CB1  00CA               	movwf	(_sysFault)
  5289                           	line	155
  5290                           ;System.c: 155: sysStatus = 3;
  5291  0CB2  3003               	movlw	(03h)
  5292  0CB3  00F5               	movwf	(??_SYS_Ctrl+0)+0
  5293  0CB4  0875               	movf	(??_SYS_Ctrl+0)+0,w
  5294  0CB5  00CC               	movwf	(_sysStatus)
  5295                           	line	156
  5296                           ;System.c: 156: time = 100UL/2;
  5297  0CB6  3000               	movlw	0
  5298  0CB7  00A7               	movwf	(SYS_Ctrl@time+3)
  5299  0CB8  3000               	movlw	0
  5300  0CB9  00A6               	movwf	(SYS_Ctrl@time+2)
  5301  0CBA  3000               	movlw	0
  5302  0CBB  00A5               	movwf	(SYS_Ctrl@time+1)
  5303  0CBC  3032               	movlw	032h
  5304  0CBD  00A4               	movwf	(SYS_Ctrl@time)
  5305                           
  5306                           	line	157
  5307                           ;System.c: 157: }
  5308  0CBE  2D8B               	goto	l8313
  5309                           	line	158
  5310                           	
  5311  0CBF                     l8288:	
  5312                           	
  5313  0CBF                     l18999:	
  5314                           ;System.c: 158: else if ( idrTest0 == 0xFF && idrTest1 == 0xFF && mtrTemp >= 0 )
  5315  0CBF  0021               	movlb 1	; select bank1
  5316  0CC0  083E               	movf	(_idrTest0)^080h,w
  5317  0CC1  3AFF               	xorlw	0FFh&0ffh
  5318  0CC2  1D03               	skipz
  5319  0CC3  2CC5               	goto	u6321
  5320  0CC4  2CC6               	goto	u6320
  5321  0CC5                     u6321:
  5322  0CC5  2D8B               	goto	l8313
  5323  0CC6                     u6320:
  5324                           	
  5325  0CC6                     l19001:	
  5326  0CC6  083F               	movf	(_idrTest1)^080h,w
  5327  0CC7  3AFF               	xorlw	0FFh&0ffh
  5328  0CC8  1D03               	skipz
  5329  0CC9  2CCB               	goto	u6331
  5330  0CCA  2CCC               	goto	u6330
  5331  0CCB                     u6331:
  5332  0CCB  2D8B               	goto	l8313
  5333  0CCC                     u6330:
  5334                           	
  5335  0CCC                     l19003:	
  5336  0CCC  0020               	movlb 0	; select bank0
  5337  0CCD  1BEE               	btfsc	(_mtrTemp),7
  5338  0CCE  2CD0               	goto	u6341
  5339  0CCF  2CD1               	goto	u6340
  5340  0CD0                     u6341:
  5341  0CD0  2D8B               	goto	l8313
  5342  0CD1                     u6340:
  5343                           	line	160
  5344                           	
  5345  0CD1                     l19005:	
  5346                           ;System.c: 159: {
  5347                           ;System.c: 160: sysStatus = 2;
  5348  0CD1  3002               	movlw	(02h)
  5349  0CD2  00F5               	movwf	(??_SYS_Ctrl+0)+0
  5350  0CD3  0875               	movf	(??_SYS_Ctrl+0)+0,w
  5351  0CD4  00CC               	movwf	(_sysStatus)
  5352                           	line	161
  5353                           ;System.c: 161: time = 100UL*60*30;
  5354  0CD5  3000               	movlw	0
  5355  0CD6  00A7               	movwf	(SYS_Ctrl@time+3)
  5356  0CD7  3002               	movlw	02h
  5357  0CD8  00A6               	movwf	(SYS_Ctrl@time+2)
  5358  0CD9  30BF               	movlw	0BFh
  5359  0CDA  00A5               	movwf	(SYS_Ctrl@time+1)
  5360  0CDB  3020               	movlw	020h
  5361  0CDC  00A4               	movwf	(SYS_Ctrl@time)
  5362                           
  5363  0CDD  2D8B               	goto	l8313
  5364                           	line	162
  5365                           	
  5366  0CDE                     l8292:	
  5367  0CDE  2D8B               	goto	l8313
  5368                           	line	163
  5369                           	
  5370  0CDF                     l8291:	
  5371                           ;System.c: 162: }
  5372                           ;System.c: 163: break;
  5373  0CDF  2D8B               	goto	l8313
  5374                           	line	164
  5375                           ;System.c: 164: case 2:
  5376                           	
  5377  0CE0                     l8293:	
  5378                           	line	165
  5379                           	
  5380  0CE0                     l19007:	
  5381                           ;System.c: 165: if ( mtrError || !time )
  5382  0CE0  08C9               	movf	(_mtrError),f
  5383  0CE1  1D03               	skipz
  5384  0CE2  2CE4               	goto	u6351
  5385  0CE3  2CE5               	goto	u6350
  5386  0CE4                     u6351:
  5387  0CE4  2CEE               	goto	l19011
  5388  0CE5                     u6350:
  5389                           	
  5390  0CE5                     l19009:	
  5391  0CE5  0827               	movf	(SYS_Ctrl@time+3),w
  5392  0CE6  0426               	iorwf	(SYS_Ctrl@time+2),w
  5393  0CE7  0425               	iorwf	(SYS_Ctrl@time+1),w
  5394  0CE8  0424               	iorwf	(SYS_Ctrl@time),w
  5395  0CE9  1D03               	skipz
  5396  0CEA  2CEC               	goto	u6361
  5397  0CEB  2CED               	goto	u6360
  5398  0CEC                     u6361:
  5399  0CEC  2D60               	goto	l19045
  5400  0CED                     u6360:
  5401  0CED  2CEE               	goto	l19011
  5402                           	
  5403  0CEE                     l8296:	
  5404                           	line	167
  5405                           	
  5406  0CEE                     l19011:	
  5407                           ;System.c: 166: {
  5408                           ;System.c: 167: mtrSpeedRef = 0;
  5409  0CEE  01B6               	clrf	(_mtrSpeedRef)
  5410  0CEF  01B7               	clrf	(_mtrSpeedRef+1)
  5411                           	line	168
  5412                           	
  5413  0CF0                     l19013:	
  5414                           ;System.c: 168: sysFault = mtrError;
  5415  0CF0  0849               	movf	(_mtrError),w
  5416  0CF1  00F5               	movwf	(??_SYS_Ctrl+0)+0
  5417  0CF2  0875               	movf	(??_SYS_Ctrl+0)+0,w
  5418  0CF3  00CA               	movwf	(_sysFault)
  5419                           	line	169
  5420                           	
  5421  0CF4                     l19015:	
  5422                           ;System.c: 169: sysStatus = 3;
  5423  0CF4  3003               	movlw	(03h)
  5424  0CF5  00F5               	movwf	(??_SYS_Ctrl+0)+0
  5425  0CF6  0875               	movf	(??_SYS_Ctrl+0)+0,w
  5426  0CF7  00CC               	movwf	(_sysStatus)
  5427                           	line	170
  5428                           	
  5429  0CF8                     l19017:	
  5430                           ;System.c: 170: time = 100UL/2;
  5431  0CF8  3000               	movlw	0
  5432  0CF9  00A7               	movwf	(SYS_Ctrl@time+3)
  5433  0CFA  3000               	movlw	0
  5434  0CFB  00A6               	movwf	(SYS_Ctrl@time+2)
  5435  0CFC  3000               	movlw	0
  5436  0CFD  00A5               	movwf	(SYS_Ctrl@time+1)
  5437  0CFE  3032               	movlw	032h
  5438  0CFF  00A4               	movwf	(SYS_Ctrl@time)
  5439                           
  5440                           	line	171
  5441                           ;System.c: 171: }
  5442  0D00  2D8B               	goto	l8313
  5443                           	line	172
  5444                           	
  5445  0D01                     l8294:	
  5446                           ;System.c: 172: else switch ( mtrLevel )
  5447  0D01  2D60               	goto	l19045
  5448                           	line	174
  5449                           ;System.c: 173: {
  5450                           ;System.c: 174: default:
  5451                           	
  5452  0D02                     l8299:	
  5453                           	line	175
  5454                           ;System.c: 175: sysLevel = 0;
  5455  0D02  01CB               	clrf	(_sysLevel)
  5456                           	line	176
  5457                           	
  5458  0D03                     l19019:	
  5459                           ;System.c: 176: mtrSpeedRef = 0;
  5460  0D03  01B6               	clrf	(_mtrSpeedRef)
  5461  0D04  01B7               	clrf	(_mtrSpeedRef+1)
  5462                           	line	177
  5463                           ;System.c: 177: break;
  5464  0D05  2D8B               	goto	l8313
  5465                           	line	178
  5466                           ;System.c: 178: case 1:
  5467                           	
  5468  0D06                     l8301:	
  5469                           	line	179
  5470                           	
  5471  0D06                     l19021:	
  5472                           ;System.c: 179: sysLevel = 2;
  5473  0D06  3002               	movlw	(02h)
  5474  0D07  00F5               	movwf	(??_SYS_Ctrl+0)+0
  5475  0D08  0875               	movf	(??_SYS_Ctrl+0)+0,w
  5476  0D09  00CB               	movwf	(_sysLevel)
  5477                           	line	180
  5478                           ;System.c: 180: mtrSpeedRef = 2500;
  5479  0D0A  30C4               	movlw	low(09C4h)
  5480  0D0B  00B6               	movwf	(_mtrSpeedRef)
  5481  0D0C  3009               	movlw	high(09C4h)
  5482  0D0D  00B7               	movwf	((_mtrSpeedRef))+1
  5483                           	line	181
  5484                           ;System.c: 181: break;
  5485  0D0E  2D8B               	goto	l8313
  5486                           	line	182
  5487                           ;System.c: 182: case 2:
  5488                           	
  5489  0D0F                     l8302:	
  5490                           	line	183
  5491                           	
  5492  0D0F                     l19023:	
  5493                           ;System.c: 183: sysLevel = 2;
  5494  0D0F  3002               	movlw	(02h)
  5495  0D10  00F5               	movwf	(??_SYS_Ctrl+0)+0
  5496  0D11  0875               	movf	(??_SYS_Ctrl+0)+0,w
  5497  0D12  00CB               	movwf	(_sysLevel)
  5498                           	line	184
  5499                           ;System.c: 184: mtrSpeedRef = 3000;
  5500  0D13  30B8               	movlw	low(0BB8h)
  5501  0D14  00B6               	movwf	(_mtrSpeedRef)
  5502  0D15  300B               	movlw	high(0BB8h)
  5503  0D16  00B7               	movwf	((_mtrSpeedRef))+1
  5504                           	line	185
  5505                           ;System.c: 185: break;
  5506  0D17  2D8B               	goto	l8313
  5507                           	line	186
  5508                           ;System.c: 186: case 3:
  5509                           	
  5510  0D18                     l8303:	
  5511                           	line	187
  5512                           	
  5513  0D18                     l19025:	
  5514                           ;System.c: 187: sysLevel = 2;
  5515  0D18  3002               	movlw	(02h)
  5516  0D19  00F5               	movwf	(??_SYS_Ctrl+0)+0
  5517  0D1A  0875               	movf	(??_SYS_Ctrl+0)+0,w
  5518  0D1B  00CB               	movwf	(_sysLevel)
  5519                           	line	188
  5520                           ;System.c: 188: mtrSpeedRef = 4000;
  5521  0D1C  30A0               	movlw	low(0FA0h)
  5522  0D1D  00B6               	movwf	(_mtrSpeedRef)
  5523  0D1E  300F               	movlw	high(0FA0h)
  5524  0D1F  00B7               	movwf	((_mtrSpeedRef))+1
  5525                           	line	189
  5526                           ;System.c: 189: break;
  5527  0D20  2D8B               	goto	l8313
  5528                           	line	190
  5529                           ;System.c: 190: case 4:
  5530                           	
  5531  0D21                     l8304:	
  5532                           	line	191
  5533                           	
  5534  0D21                     l19027:	
  5535                           ;System.c: 191: sysLevel = 3;
  5536  0D21  3003               	movlw	(03h)
  5537  0D22  00F5               	movwf	(??_SYS_Ctrl+0)+0
  5538  0D23  0875               	movf	(??_SYS_Ctrl+0)+0,w
  5539  0D24  00CB               	movwf	(_sysLevel)
  5540                           	line	192
  5541                           ;System.c: 192: mtrSpeedRef = 6000;
  5542  0D25  3070               	movlw	low(01770h)
  5543  0D26  00B6               	movwf	(_mtrSpeedRef)
  5544  0D27  3017               	movlw	high(01770h)
  5545  0D28  00B7               	movwf	((_mtrSpeedRef))+1
  5546                           	line	193
  5547                           ;System.c: 193: break;
  5548  0D29  2D8B               	goto	l8313
  5549                           	line	194
  5550                           ;System.c: 194: case 5:
  5551                           	
  5552  0D2A                     l8305:	
  5553                           	line	195
  5554                           	
  5555  0D2A                     l19029:	
  5556                           ;System.c: 195: sysLevel = 4;
  5557  0D2A  3004               	movlw	(04h)
  5558  0D2B  00F5               	movwf	(??_SYS_Ctrl+0)+0
  5559  0D2C  0875               	movf	(??_SYS_Ctrl+0)+0,w
  5560  0D2D  00CB               	movwf	(_sysLevel)
  5561                           	line	196
  5562                           ;System.c: 196: mtrSpeedRef = 8000;
  5563  0D2E  3040               	movlw	low(01F40h)
  5564  0D2F  00B6               	movwf	(_mtrSpeedRef)
  5565  0D30  301F               	movlw	high(01F40h)
  5566  0D31  00B7               	movwf	((_mtrSpeedRef))+1
  5567                           	line	197
  5568                           ;System.c: 197: break;
  5569  0D32  2D8B               	goto	l8313
  5570                           	line	198
  5571                           ;System.c: 198: case 6:
  5572                           	
  5573  0D33                     l8306:	
  5574                           	line	199
  5575                           	
  5576  0D33                     l19031:	
  5577                           ;System.c: 199: sysLevel = 5;
  5578  0D33  3005               	movlw	(05h)
  5579  0D34  00F5               	movwf	(??_SYS_Ctrl+0)+0
  5580  0D35  0875               	movf	(??_SYS_Ctrl+0)+0,w
  5581  0D36  00CB               	movwf	(_sysLevel)
  5582                           	line	200
  5583                           ;System.c: 200: mtrSpeedRef = 9500;
  5584  0D37  301C               	movlw	low(0251Ch)
  5585  0D38  00B6               	movwf	(_mtrSpeedRef)
  5586  0D39  3025               	movlw	high(0251Ch)
  5587  0D3A  00B7               	movwf	((_mtrSpeedRef))+1
  5588                           	line	201
  5589                           ;System.c: 201: break;
  5590  0D3B  2D8B               	goto	l8313
  5591                           	line	202
  5592                           ;System.c: 202: case 7:
  5593                           	
  5594  0D3C                     l8307:	
  5595                           	line	203
  5596                           	
  5597  0D3C                     l19033:	
  5598                           ;System.c: 203: sysLevel = 6;
  5599  0D3C  3006               	movlw	(06h)
  5600  0D3D  00F5               	movwf	(??_SYS_Ctrl+0)+0
  5601  0D3E  0875               	movf	(??_SYS_Ctrl+0)+0,w
  5602  0D3F  00CB               	movwf	(_sysLevel)
  5603                           	line	204
  5604                           ;System.c: 204: mtrSpeedRef = 10500;
  5605  0D40  3004               	movlw	low(02904h)
  5606  0D41  00B6               	movwf	(_mtrSpeedRef)
  5607  0D42  3029               	movlw	high(02904h)
  5608  0D43  00B7               	movwf	((_mtrSpeedRef))+1
  5609                           	line	205
  5610                           ;System.c: 205: break;
  5611  0D44  2D8B               	goto	l8313
  5612                           	line	206
  5613                           ;System.c: 206: case 8:
  5614                           	
  5615  0D45                     l8308:	
  5616                           	line	207
  5617                           	
  5618  0D45                     l19035:	
  5619                           ;System.c: 207: sysLevel = 7;
  5620  0D45  3007               	movlw	(07h)
  5621  0D46  00F5               	movwf	(??_SYS_Ctrl+0)+0
  5622  0D47  0875               	movf	(??_SYS_Ctrl+0)+0,w
  5623  0D48  00CB               	movwf	(_sysLevel)
  5624                           	line	208
  5625                           ;System.c: 208: mtrSpeedRef = 12000;
  5626  0D49  30E0               	movlw	low(02EE0h)
  5627  0D4A  00B6               	movwf	(_mtrSpeedRef)
  5628  0D4B  302E               	movlw	high(02EE0h)
  5629  0D4C  00B7               	movwf	((_mtrSpeedRef))+1
  5630                           	line	209
  5631                           ;System.c: 209: break;
  5632  0D4D  2D8B               	goto	l8313
  5633                           	line	210
  5634                           ;System.c: 210: case 9:
  5635                           	
  5636  0D4E                     l8309:	
  5637                           	line	211
  5638                           	
  5639  0D4E                     l19037:	
  5640                           ;System.c: 211: sysLevel = 7;
  5641  0D4E  3007               	movlw	(07h)
  5642  0D4F  00F5               	movwf	(??_SYS_Ctrl+0)+0
  5643  0D50  0875               	movf	(??_SYS_Ctrl+0)+0,w
  5644  0D51  00CB               	movwf	(_sysLevel)
  5645                           	line	212
  5646                           ;System.c: 212: mtrSpeedRef = 13500;
  5647  0D52  30BC               	movlw	low(034BCh)
  5648  0D53  00B6               	movwf	(_mtrSpeedRef)
  5649  0D54  3034               	movlw	high(034BCh)
  5650  0D55  00B7               	movwf	((_mtrSpeedRef))+1
  5651                           	line	213
  5652                           ;System.c: 213: break;
  5653  0D56  2D8B               	goto	l8313
  5654                           	line	214
  5655                           ;System.c: 214: case 10:
  5656                           	
  5657  0D57                     l8310:	
  5658                           	line	215
  5659                           	
  5660  0D57                     l19039:	
  5661                           ;System.c: 215: sysLevel = 1;
  5662  0D57  01CB               	clrf	(_sysLevel)
  5663  0D58  1403               	bsf	status,0
  5664  0D59  0DCB               	rlf	(_sysLevel),f
  5665                           	line	216
  5666                           	
  5667  0D5A                     l19041:	
  5668                           ;System.c: 216: mtrSpeedRef = 13501;
  5669  0D5A  30BD               	movlw	low(034BDh)
  5670  0D5B  00B6               	movwf	(_mtrSpeedRef)
  5671  0D5C  3034               	movlw	high(034BDh)
  5672  0D5D  00B7               	movwf	((_mtrSpeedRef))+1
  5673                           	line	217
  5674                           ;System.c: 217: break;
  5675  0D5E  2D8B               	goto	l8313
  5676                           	line	218
  5677                           	
  5678  0D5F                     l19043:	
  5679                           ;System.c: 218: }
  5680  0D5F  2D8B               	goto	l8313
  5681                           	line	172
  5682                           	
  5683  0D60                     l8298:	
  5684                           	
  5685  0D60                     l19045:	
  5686  0D60  087D               	movf	(_mtrLevel),w
  5687                           	; Switch size 1, requested type "space"
  5688                           ; Number of cases is 10, Range of values is 1 to 10
  5689                           ; switch strategies available:
  5690                           ; Name         Instructions Cycles
  5691                           ; direct_byte           29     9 (fixed)
  5692                           ; simple_byte           31    16 (average)
  5693                           ; jumptable            263     9 (fixed)
  5694                           ;	Chosen strategy is direct_byte
  5695                           
  5696  0D61  3EFF               	addlw	-1
  5697  0D62  1C03               	skipc
  5698  0D63  2D02               goto l8299
  5699  0D64  0084               	movwf fsr0l
  5700  0D65  300A               	movlw	10
  5701  0D66  0204               	subwf	fsr0l,w
  5702  0D67  1803               skipnc
  5703  0D68  2D02               goto l8299
  5704  0D69  3198               movlp high(S19339)
  5705  0D6A  3504               	lslf fsr0l,w
  5706  0D6B  3E00               	addlw low(S19339)
  5707  0D6C  0082               	movwf pc
  5708                           psect	swtext1,local,class=CONST,delta=2
  5709                           global __pswtext1
  5710  1800                     __pswtext1:
  5711  1800                     S19339:
  5712  1800  318D  2D06         	ljmp	l19021
  5713  1802  318D  2D0F         	ljmp	l19023
  5714  1804  318D  2D18         	ljmp	l19025
  5715  1806  318D  2D21         	ljmp	l19027
  5716  1808  318D  2D2A         	ljmp	l19029
  5717  180A  318D  2D33         	ljmp	l19031
  5718  180C  318D  2D3C         	ljmp	l19033
  5719  180E  318D  2D45         	ljmp	l19035
  5720  1810  318D  2D4E         	ljmp	l19037
  5721  1812  318D  2D57         	ljmp	l19039
  5722                           psect	text978
  5723                           
  5724                           	line	218
  5725                           	
  5726  0D6D                     l8300:	
  5727  0D6D  2D8B               	goto	l8313
  5728                           	
  5729  0D6E                     l8297:	
  5730                           	line	219
  5731                           ;System.c: 219: break;
  5732  0D6E  2D8B               	goto	l8313
  5733                           	line	220
  5734                           ;System.c: 220: default:
  5735                           	
  5736  0D6F                     l8311:	
  5737                           	line	221
  5738                           	
  5739  0D6F                     l19047:	
  5740                           ;System.c: 221: mtrSpeedRef = 0;
  5741  0D6F  01B6               	clrf	(_mtrSpeedRef)
  5742  0D70  01B7               	clrf	(_mtrSpeedRef+1)
  5743                           	line	222
  5744                           	
  5745  0D71                     l19049:	
  5746                           ;System.c: 222: if ( !time ) sysStatus = 4;
  5747  0D71  0827               	movf	(SYS_Ctrl@time+3),w
  5748  0D72  0426               	iorwf	(SYS_Ctrl@time+2),w
  5749  0D73  0425               	iorwf	(SYS_Ctrl@time+1),w
  5750  0D74  0424               	iorwf	(SYS_Ctrl@time),w
  5751  0D75  1D03               	skipz
  5752  0D76  2D78               	goto	u6371
  5753  0D77  2D79               	goto	u6370
  5754  0D78                     u6371:
  5755  0D78  2D8B               	goto	l8313
  5756  0D79                     u6370:
  5757                           	
  5758  0D79                     l19051:	
  5759  0D79  3004               	movlw	(04h)
  5760  0D7A  00F5               	movwf	(??_SYS_Ctrl+0)+0
  5761  0D7B  0875               	movf	(??_SYS_Ctrl+0)+0,w
  5762  0D7C  00CC               	movwf	(_sysStatus)
  5763  0D7D  2D8B               	goto	l8313
  5764                           	
  5765  0D7E                     l8312:	
  5766                           	line	223
  5767                           ;System.c: 223: break;
  5768  0D7E  2D8B               	goto	l8313
  5769                           	line	224
  5770                           	
  5771  0D7F                     l19053:	
  5772                           ;System.c: 224: }
  5773  0D7F  2D8B               	goto	l8313
  5774                           	line	143
  5775                           	
  5776  0D80                     l8284:	
  5777                           	
  5778  0D80                     l19055:	
  5779  0D80  084C               	movf	(_sysStatus),w
  5780                           	; Switch size 1, requested type "space"
  5781                           ; Number of cases is 3, Range of values is 0 to 2
  5782                           ; switch strategies available:
  5783                           ; Name         Instructions Cycles
  5784                           ; simple_byte           10     6 (average)
  5785                           ; direct_byte           12     6 (fixed)
  5786                           ; jumptable            260     6 (fixed)
  5787                           ; rangetable             7     4 (fixed)
  5788                           ; spacedrange           11     6 (fixed)
  5789                           ; locatedrange           3     3 (fixed)
  5790                           ;	Chosen strategy is simple_byte
  5791                           
  5792                           	opt asmopt_off
  5793  0D81  3A00               	xorlw	0^0	; case 0
  5794  0D82  1903               	skipnz
  5795  0D83  2C90               	goto	l18985
  5796  0D84  3A01               	xorlw	1^0	; case 1
  5797  0D85  1903               	skipnz
  5798  0D86  2C9E               	goto	l18991
  5799  0D87  3A03               	xorlw	2^1	; case 2
  5800  0D88  1903               	skipnz
  5801  0D89  2CE0               	goto	l19007
  5802  0D8A  2D6F               	goto	l19047
  5803                           	opt asmopt_on
  5804                           
  5805                           	line	224
  5806                           	
  5807  0D8B                     l8286:	
  5808                           	line	225
  5809                           	
  5810  0D8B                     l8313:	
  5811  0D8B  0008               	return
  5812                           	opt stack 0
  5813                           GLOBAL	__end_of_SYS_Ctrl
  5814  0D8C                     	__end_of_SYS_Ctrl:
  5815 ;; =============== function _SYS_Ctrl ends ============
  5816                           
  5817                           	signat	_SYS_Ctrl,88
  5818                           	global	_SVC_Init
  5819                           psect	text979,local,class=CODE,delta=2
  5820                           global __ptext979
  5821  0657                     __ptext979:
  5822                           
  5823 ;; *************** function _SVC_Init *****************
  5824 ;; Defined at:
  5825 ;;		line 332 in file "D:\project\baratheon-winnie\baratheon\Service.c"
  5826 ;; Parameters:    Size  Location     Type
  5827 ;;		None
  5828 ;; Auto vars:     Size  Location     Type
  5829 ;;  cmp             1   10[COMMON] char 
  5830 ;; Return value:  Size  Location     Type
  5831 ;;		None               void
  5832 ;; Registers used:
  5833 ;;		wreg, fsr0l, fsr0h, fsr1l, fsr1h, status,2, status,0, pclath, cstack
  5834 ;; Tracked objects:
  5835 ;;		On entry : 0/0
  5836 ;;		On exit  : 0/0
  5837 ;;		Unchanged: 0/0
  5838 ;; Data sizes:     COMMON   BANK0   BANK1   BANK2   BANK3   BANK4   BANK5   BANK7 BANK8hh BANK8hl  BANK8l BANK9hh BANK9h
       l  BANK9l BANK10h BANK10l  BANK11  BANK12
  5839 ;;      Params:         0       0       0       0       0       0       0       0       0       0       0       0       
       0       0       0       0       0       0
  5840 ;;      Locals:         1       0       0       0       0       0       0       0       0       0       0       0       
       0       0       0       0       0       0
  5841 ;;      Temps:          3       0       0       0       0       0       0       0       0       0       0       0       
       0       0       0       0       0       0
  5842 ;;      Totals:         4       0       0       0       0       0       0       0       0       0       0       0       
       0       0       0       0       0       0
  5843 ;;Total ram usage:        4 bytes
  5844 ;; Hardware stack levels used:    1
  5845 ;; Hardware stack levels required when called:    3
  5846 ;; This function calls:
  5847 ;;		_E2P_RD
  5848 ;;		_MEM_Cmp
  5849 ;; This function is called by:
  5850 ;;		_main
  5851 ;; This function uses a non-reentrant model
  5852 ;;
  5853                           psect	text979
  5854                           	file	"D:\project\baratheon-winnie\baratheon\Service.c"
  5855                           	line	332
  5856                           	global	__size_of_SVC_Init
  5857  0155                     	__size_of_SVC_Init	equ	__end_of_SVC_Init-_SVC_Init
  5858                           	
  5859  0657                     _SVC_Init:	
  5860                           	opt	stack 12
  5861                           ; Regs used in _SVC_Init: [wreg-status,0+pclath+cstack]
  5862                           	line	334
  5863                           	
  5864  0657                     l18907:	
  5865                           ;Service.c: 333: S8 cmp;
  5866                           ;Service.c: 334: e2pWrFlags = 0x00;
  5867  0657  0020               	movlb 0	; select bank0
  5868  0658  01C8               	clrf	(_e2pWrFlags)
  5869                           	line	335
  5870                           	
  5871  0659                     l18909:	
  5872                           ;Service.c: 335: powerOnTime.s = 30;
  5873  0659  301E               	movlw	(01Eh)
  5874  065A  00F7               	movwf	(??_SVC_Init+0)+0
  5875  065B  0877               	movf	(??_SVC_Init+0)+0,w
  5876  065C  0021               	movlb 1	; select bank1
  5877  065D  00DE               	movwf	(_powerOnTime)^080h
  5878                           	line	336
  5879                           	
  5880  065E                     l18911:	
  5881                           ;Service.c: 336: powerOnTime.h3m1.m = 0;
  5882  065E  01DF               	clrf	0+(_powerOnTime)^080h+01h
  5883                           	line	337
  5884                           	
  5885  065F                     l18913:	
  5886                           ;Service.c: 337: powerOnTime.h3m1.h = 0;
  5887  065F  01E0               	clrf	0+(_powerOnTime)^080h+02h
  5888                           	line	338
  5889                           	
  5890  0660                     l18915:	
  5891                           ;Service.c: 338: powerOnTime.h3m1.h1 = 0;
  5892  0660  01E1               	clrf	0+(_powerOnTime)^080h+03h
  5893                           	line	339
  5894                           	
  5895  0661                     l18917:	
  5896                           ;Service.c: 339: powerOnTime.h3m1.h2 = 0;
  5897  0661  01E2               	clrf	0+(_powerOnTime)^080h+04h
  5898                           	line	340
  5899                           	
  5900  0662                     l18919:	
  5901                           ;Service.c: 340: E2P_RD( 0X23, ( U8* )&lastSpeedSetting, sizeof( lastSpeedSetting ) );
  5902  0662  3020               	movlw	(1056&0ffh)
  5903  0663  00F2               	movwf	(?_E2P_RD)
  5904  0664  3004               	movlw	0x8/2
  5905  0665  00F3               	movwf	(?_E2P_RD+1)
  5906  0666  3007               	movlw	(07h)
  5907  0667  00F7               	movwf	(??_SVC_Init+0)+0
  5908  0668  0877               	movf	(??_SVC_Init+0)+0,w
  5909  0669  00F4               	movwf	0+(?_E2P_RD)+02h
  5910  066A  3023               	movlw	(023h)
  5911  066B  3191  2134  3186   	fcall	_E2P_RD
  5912                           	line	341
  5913                           	
  5914  066E                     l18921:	
  5915                           ;Service.c: 341: E2P_RD( 0X38, ( U8* )&lastSpeedWorkingTime, sizeof( lastSpeedWorkingTim
                                 e ) );
  5916  066E  3028               	movlw	(1064&0ffh)
  5917  066F  00F2               	movwf	(?_E2P_RD)
  5918  0670  3004               	movlw	0x8/2
  5919  0671  00F3               	movwf	(?_E2P_RD+1)
  5920  0672  3015               	movlw	(015h)
  5921  0673  00F7               	movwf	(??_SVC_Init+0)+0
  5922  0674  0877               	movf	(??_SVC_Init+0)+0,w
  5923  0675  00F4               	movwf	0+(?_E2P_RD)+02h
  5924  0676  3038               	movlw	(038h)
  5925  0677  3191  2134  3186   	fcall	_E2P_RD
  5926                           	line	342
  5927                           	
  5928  067A                     l18923:	
  5929                           ;Service.c: 342: E2P_RD( 0X8F, ( U8* )&totalSpeedWorkingTime, sizeof( totalSpeedWorkingT
                                 ime ) );
  5930  067A  3040               	movlw	(1088&0ffh)
  5931  067B  00F2               	movwf	(?_E2P_RD)
  5932  067C  3004               	movlw	0x8/2
  5933  067D  00F3               	movwf	(?_E2P_RD+1)
  5934  067E  301C               	movlw	(01Ch)
  5935  067F  00F7               	movwf	(??_SVC_Init+0)+0
  5936  0680  0877               	movf	(??_SVC_Init+0)+0,w
  5937  0681  00F4               	movwf	0+(?_E2P_RD)+02h
  5938  0682  308F               	movlw	(08Fh)
  5939  0683  3191  2134  3186   	fcall	_E2P_RD
  5940                           	line	343
  5941                           	
  5942  0686                     l18925:	
  5943                           ;Service.c: 343: E2P_RD( 0X2A, ( U8* )&lastUseMaxPower, sizeof( lastUseMaxPower ) );
  5944  0686  30A0               	movlw	(1184&0ffh)
  5945  0687  00F2               	movwf	(?_E2P_RD)
  5946  0688  3004               	movlw	0x9/2
  5947  0689  00F3               	movwf	(?_E2P_RD+1)
  5948  068A  3007               	movlw	(07h)
  5949  068B  00F7               	movwf	(??_SVC_Init+0)+0
  5950  068C  0877               	movf	(??_SVC_Init+0)+0,w
  5951  068D  00F4               	movwf	0+(?_E2P_RD)+02h
  5952  068E  302A               	movlw	(02Ah)
  5953  068F  3191  2134  3186   	fcall	_E2P_RD
  5954                           	line	344
  5955                           	
  5956  0692                     l18927:	
  5957                           ;Service.c: 344: E2P_RD( 0X31, ( U8* )&lastUseAvePower, sizeof( lastUseAvePower ) );
  5958  0692  30A8               	movlw	(1192&0ffh)
  5959  0693  00F2               	movwf	(?_E2P_RD)
  5960  0694  3004               	movlw	0x9/2
  5961  0695  00F3               	movwf	(?_E2P_RD+1)
  5962  0696  3007               	movlw	(07h)
  5963  0697  00F7               	movwf	(??_SVC_Init+0)+0
  5964  0698  0877               	movf	(??_SVC_Init+0)+0,w
  5965  0699  00F4               	movwf	0+(?_E2P_RD)+02h
  5966  069A  3031               	movlw	(031h)
  5967  069B  3191  2134  3186   	fcall	_E2P_RD
  5968                           	line	345
  5969                           	
  5970  069E                     l18929:	
  5971                           ;Service.c: 345: E2P_RD( 0X54, ( U8* )&lastUseReadyTime, sizeof( lastUseReadyTime ) );
  5972  069E  30B0               	movlw	(1200&0ffh)
  5973  069F  00F2               	movwf	(?_E2P_RD)
  5974  06A0  3004               	movlw	0x9/2
  5975  06A1  00F3               	movwf	(?_E2P_RD+1)
  5976  06A2  300E               	movlw	(0Eh)
  5977  06A3  00F7               	movwf	(??_SVC_Init+0)+0
  5978  06A4  0877               	movf	(??_SVC_Init+0)+0,w
  5979  06A5  00F4               	movwf	0+(?_E2P_RD)+02h
  5980  06A6  3054               	movlw	(054h)
  5981  06A7  3191  2134  3186   	fcall	_E2P_RD
  5982                           	line	346
  5983                           	
  5984  06AA                     l18931:	
  5985                           ;Service.c: 346: E2P_RD( 0X1C, ( U8* )&faultCode, sizeof( faultCode ) );
  5986  06AA  3020               	movlw	(1312&0ffh)
  5987  06AB  00F2               	movwf	(?_E2P_RD)
  5988  06AC  3005               	movlw	0xA/2
  5989  06AD  00F3               	movwf	(?_E2P_RD+1)
  5990  06AE  3007               	movlw	(07h)
  5991  06AF  00F7               	movwf	(??_SVC_Init+0)+0
  5992  06B0  0877               	movf	(??_SVC_Init+0)+0,w
  5993  06B1  00F4               	movwf	0+(?_E2P_RD)+02h
  5994  06B2  301C               	movlw	(01Ch)
  5995  06B3  3191  2134  3186   	fcall	_E2P_RD
  5996                           	line	347
  5997                           	
  5998  06B6                     l18933:	
  5999                           ;Service.c: 347: E2P_RD( 0X86, ( U8* )&faultTotalCount, sizeof( faultTotalCount ) );
  6000  06B6  3027               	movlw	(1319&0ffh)
  6001  06B7  00F2               	movwf	(?_E2P_RD)
  6002  06B8  3005               	movlw	0xA/2
  6003  06B9  00F3               	movwf	(?_E2P_RD+1)
  6004  06BA  3009               	movlw	(09h)
  6005  06BB  00F7               	movwf	(??_SVC_Init+0)+0
  6006  06BC  0877               	movf	(??_SVC_Init+0)+0,w
  6007  06BD  00F4               	movwf	0+(?_E2P_RD)+02h
  6008  06BE  3086               	movlw	(086h)
  6009  06BF  3191  2134  3186   	fcall	_E2P_RD
  6010                           	line	348
  6011                           	
  6012  06C2                     l18935:	
  6013                           ;Service.c: 348: E2P_RD( 0X62, ( U8* )&faultTimeStamp, sizeof( faultTimeStamp ) );
  6014  06C2  3030               	movlw	(1328&0ffh)
  6015  06C3  00F2               	movwf	(?_E2P_RD)
  6016  06C4  3005               	movlw	0xA/2
  6017  06C5  00F3               	movwf	(?_E2P_RD+1)
  6018  06C6  301C               	movlw	(01Ch)
  6019  06C7  00F7               	movwf	(??_SVC_Init+0)+0
  6020  06C8  0877               	movf	(??_SVC_Init+0)+0,w
  6021  06C9  00F4               	movwf	0+(?_E2P_RD)+02h
  6022  06CA  3062               	movlw	(062h)
  6023  06CB  3191  2134  3186   	fcall	_E2P_RD
  6024                           	line	349
  6025                           	
  6026  06CE                     l18937:	
  6027                           ;Service.c: 349: E2P_RD( 0X7E, ( U8* )&maxMcuTemp, sizeof( maxMcuTemp ) );
  6028  06CE  3050               	movlw	(1360&0ffh)
  6029  06CF  00F2               	movwf	(?_E2P_RD)
  6030  06D0  3005               	movlw	0xA/2
  6031  06D1  00F3               	movwf	(?_E2P_RD+1)
  6032  06D2  3007               	movlw	(07h)
  6033  06D3  00F7               	movwf	(??_SVC_Init+0)+0
  6034  06D4  0877               	movf	(??_SVC_Init+0)+0,w
  6035  06D5  00F4               	movwf	0+(?_E2P_RD)+02h
  6036  06D6  307E               	movlw	(07Eh)
  6037  06D7  3191  2134  3186   	fcall	_E2P_RD
  6038                           	line	350
  6039                           	
  6040  06DA                     l18939:	
  6041                           ;Service.c: 350: E2P_RD( 0X85, ( U8* )&maxMotorHistoryTemp, sizeof( maxMotorHistoryTemp 
                                 ) );
  6042  06DA  3057               	movlw	(1367&0ffh)
  6043  06DB  00F2               	movwf	(?_E2P_RD)
  6044  06DC  3005               	movlw	0xA/2
  6045  06DD  00F3               	movwf	(?_E2P_RD+1)
  6046  06DE  01F4               	clrf	0+(?_E2P_RD)+02h
  6047  06DF  1403               	bsf	status,0
  6048  06E0  0DF4               	rlf	0+(?_E2P_RD)+02h,f
  6049  06E1  3085               	movlw	(085h)
  6050  06E2  3191  2134  3186   	fcall	_E2P_RD
  6051                           	line	351
  6052                           	
  6053  06E5                     l18941:	
  6054                           ;Service.c: 351: E2P_RD( 0X4D, ( U8* )&lastUseMaxMotorTemp, sizeof( lastUseMaxMotorTemp 
                                 ) );
  6055  06E5  3058               	movlw	(1368&0ffh)
  6056  06E6  00F2               	movwf	(?_E2P_RD)
  6057  06E7  3005               	movlw	0xA/2
  6058  06E8  00F3               	movwf	(?_E2P_RD+1)
  6059  06E9  3007               	movlw	(07h)
  6060  06EA  00F7               	movwf	(??_SVC_Init+0)+0
  6061  06EB  0877               	movf	(??_SVC_Init+0)+0,w
  6062  06EC  00F4               	movwf	0+(?_E2P_RD)+02h
  6063  06ED  304D               	movlw	(04Dh)
  6064  06EE  3191  2134  3186   	fcall	_E2P_RD
  6065                           	line	352
  6066                           	
  6067  06F1                     l18943:	
  6068                           ;Service.c: 352: E2P_RD( 0XD7, ( U8* )&totalPowerOnTime, sizeof( totalPowerOnTime ) );
  6069  06F1  30A0               	movlw	(1440&0ffh)
  6070  06F2  00F2               	movwf	(?_E2P_RD)
  6071  06F3  3005               	movlw	0xB/2
  6072  06F4  00F3               	movwf	(?_E2P_RD+1)
  6073  06F5  3004               	movlw	(04h)
  6074  06F6  00F7               	movwf	(??_SVC_Init+0)+0
  6075  06F7  0877               	movf	(??_SVC_Init+0)+0,w
  6076  06F8  00F4               	movwf	0+(?_E2P_RD)+02h
  6077  06F9  30D7               	movlw	(0D7h)
  6078  06FA  3191  2134  3186   	fcall	_E2P_RD
  6079                           	line	353
  6080                           	
  6081  06FD                     l18945:	
  6082                           ;Service.c: 353: E2P_RD( 0XDF, ( U8* )&totalStandbyTime, sizeof( totalStandbyTime ) );
  6083  06FD  30A4               	movlw	(1444&0ffh)
  6084  06FE  00F2               	movwf	(?_E2P_RD)
  6085  06FF  3005               	movlw	0xB/2
  6086  0700  00F3               	movwf	(?_E2P_RD+1)
  6087  0701  3004               	movlw	(04h)
  6088  0702  00F7               	movwf	(??_SVC_Init+0)+0
  6089  0703  0877               	movf	(??_SVC_Init+0)+0,w
  6090  0704  00F4               	movwf	0+(?_E2P_RD)+02h
  6091  0705  30DF               	movlw	(0DFh)
  6092  0706  3191  2134  3186   	fcall	_E2P_RD
  6093                           	line	354
  6094                           	
  6095  0709                     l18947:	
  6096                           ;Service.c: 354: E2P_RD( 0XD3, ( U8* )&totalWorkingTime, sizeof( totalWorkingTime ) );
  6097  0709  30A8               	movlw	(1448&0ffh)
  6098  070A  00F2               	movwf	(?_E2P_RD)
  6099  070B  3005               	movlw	0xB/2
  6100  070C  00F3               	movwf	(?_E2P_RD+1)
  6101  070D  3004               	movlw	(04h)
  6102  070E  00F7               	movwf	(??_SVC_Init+0)+0
  6103  070F  0877               	movf	(??_SVC_Init+0)+0,w
  6104  0710  00F4               	movwf	0+(?_E2P_RD)+02h
  6105  0711  30D3               	movlw	(0D3h)
  6106  0712  3191  2134  3186   	fcall	_E2P_RD
  6107                           	line	355
  6108                           	
  6109  0715                     l18949:	
  6110                           ;Service.c: 355: E2P_RD( 0XAB, ( U8* )&autoWorkingTime, sizeof( autoWorkingTime ) );
  6111  0715  3020               	movlw	(1568&0ffh)
  6112  0716  00F2               	movwf	(?_E2P_RD)
  6113  0717  3006               	movlw	0xC/2
  6114  0718  00F3               	movwf	(?_E2P_RD+1)
  6115  0719  3004               	movlw	(04h)
  6116  071A  00F7               	movwf	(??_SVC_Init+0)+0
  6117  071B  0877               	movf	(??_SVC_Init+0)+0,w
  6118  071C  00F4               	movwf	0+(?_E2P_RD)+02h
  6119  071D  30AB               	movlw	(0ABh)
  6120  071E  3191  2134  3186   	fcall	_E2P_RD
  6121                           	line	356
  6122                           	
  6123  0721                     l18951:	
  6124                           ;Service.c: 356: E2P_RD( 0XAF, ( U8* )&keyWorkingTime, sizeof( keyWorkingTime ) );
  6125  0721  3024               	movlw	(1572&0ffh)
  6126  0722  00F2               	movwf	(?_E2P_RD)
  6127  0723  3006               	movlw	0xC/2
  6128  0724  00F3               	movwf	(?_E2P_RD+1)
  6129  0725  3024               	movlw	(024h)
  6130  0726  00F7               	movwf	(??_SVC_Init+0)+0
  6131  0727  0877               	movf	(??_SVC_Init+0)+0,w
  6132  0728  00F4               	movwf	0+(?_E2P_RD)+02h
  6133  0729  30AF               	movlw	(0AFh)
  6134  072A  3191  2134  3186   	fcall	_E2P_RD
  6135                           	line	357
  6136                           	
  6137  072D                     l18953:	
  6138                           ;Service.c: 357: E2P_RD( 0XE5, ( U8* )&totalAutoPressedCount, sizeof( totalAutoPressedCo
                                 unt ) );
  6139  072D  3050               	movlw	(1616&0ffh)
  6140  072E  00F2               	movwf	(?_E2P_RD)
  6141  072F  3006               	movlw	0xC/2
  6142  0730  00F3               	movwf	(?_E2P_RD+1)
  6143  0731  3002               	movlw	(02h)
  6144  0732  00F7               	movwf	(??_SVC_Init+0)+0
  6145  0733  0877               	movf	(??_SVC_Init+0)+0,w
  6146  0734  00F4               	movwf	0+(?_E2P_RD)+02h
  6147  0735  30E5               	movlw	(0E5h)
  6148  0736  3191  2134  3186   	fcall	_E2P_RD
  6149                           	line	358
  6150                           	
  6151  0739                     l18955:	
  6152                           ;Service.c: 358: E2P_RD( 0XE7, ( U8* )&totalKeyPressedCount, sizeof( totalKeyPressedCoun
                                 t ) );
  6153  0739  3054               	movlw	(1620&0ffh)
  6154  073A  00F2               	movwf	(?_E2P_RD)
  6155  073B  3006               	movlw	0xC/2
  6156  073C  00F3               	movwf	(?_E2P_RD+1)
  6157  073D  3012               	movlw	(012h)
  6158  073E  00F7               	movwf	(??_SVC_Init+0)+0
  6159  073F  0877               	movf	(??_SVC_Init+0)+0,w
  6160  0740  00F4               	movwf	0+(?_E2P_RD)+02h
  6161  0741  30E7               	movlw	(0E7h)
  6162  0742  3191  2134  3186   	fcall	_E2P_RD
  6163                           	line	359
  6164                           	
  6165  0745                     l18957:	
  6166                           ;Service.c: 359: E2P_RD( 0XDB, ( U8* )&totalNoInterlockTime, sizeof( totalNoInterlockTim
                                 e ) );
  6167  0745  3058               	movlw	(1624&0ffh)
  6168  0746  00F2               	movwf	(?_E2P_RD)
  6169  0747  3006               	movlw	0xC/2
  6170  0748  00F3               	movwf	(?_E2P_RD+1)
  6171  0749  3004               	movlw	(04h)
  6172  074A  00F7               	movwf	(??_SVC_Init+0)+0
  6173  074B  0877               	movf	(??_SVC_Init+0)+0,w
  6174  074C  00F4               	movwf	0+(?_E2P_RD)+02h
  6175  074D  30DB               	movlw	(0DBh)
  6176  074E  3191  2134  3186   	fcall	_E2P_RD
  6177                           	line	360
  6178                           	
  6179  0751                     l18959:	
  6180                           ;Service.c: 360: E2P_RD( 0XE3, ( U8* )&totalInterlockOpenCount, sizeof( totalInterlockOp
                                 enCount ) );
  6181  0751  305C               	movlw	(1628&0ffh)
  6182  0752  00F2               	movwf	(?_E2P_RD)
  6183  0753  3006               	movlw	0xC/2
  6184  0754  00F3               	movwf	(?_E2P_RD+1)
  6185  0755  3002               	movlw	(02h)
  6186  0756  00F7               	movwf	(??_SVC_Init+0)+0
  6187  0757  0877               	movf	(??_SVC_Init+0)+0,w
  6188  0758  00F4               	movwf	0+(?_E2P_RD)+02h
  6189  0759  30E3               	movlw	(0E3h)
  6190  075A  3191  2134  3186   	fcall	_E2P_RD
  6191                           	line	361
  6192                           	
  6193  075D                     l18961:	
  6194                           ;Service.c: 361: E2P_RD( 0XFE, ( U8* )&tuneValue, sizeof( tuneValue ) );
  6195  075D  3051               	movlw	(_tuneValue&0ffh)
  6196  075E  00F2               	movwf	(?_E2P_RD)
  6197  075F  3000               	movlw	0x0/2
  6198  0760  00F3               	movwf	(?_E2P_RD+1)
  6199  0761  01F4               	clrf	0+(?_E2P_RD)+02h
  6200  0762  1403               	bsf	status,0
  6201  0763  0DF4               	rlf	0+(?_E2P_RD)+02h,f
  6202  0764  30FE               	movlw	(0FEh)
  6203  0765  3191  2134  3186   	fcall	_E2P_RD
  6204                           	line	362
  6205                           	
  6206  0768                     l18963:	
  6207                           ;Service.c: 362: cmp = MEM_Cmp( ( U8* )&totalPowerOnTime, ( U8* )&totalWorkingTime, size
                                 of( H3M1 ) );
  6208  0768  30A8               	movlw	(1448)&0ffh
  6209  0769  00F7               	movwf	(??_SVC_Init+0)+0
  6210  076A  0877               	movf	(??_SVC_Init+0)+0,w
  6211  076B  00F1               	movwf	(?_MEM_Cmp)
  6212  076C  3004               	movlw	(04h)
  6213  076D  00F8               	movwf	(??_SVC_Init+1)+0
  6214  076E  0878               	movf	(??_SVC_Init+1)+0,w
  6215  076F  00F2               	movwf	0+(?_MEM_Cmp)+01h
  6216  0770  30A0               	movlw	(1440)&0ffh
  6217  0771  3192  2285  3186   	fcall	_MEM_Cmp
  6218  0774  00F9               	movwf	(??_SVC_Init+2)+0
  6219  0775  0879               	movf	(??_SVC_Init+2)+0,w
  6220  0776  00FA               	movwf	(SVC_Init@cmp)
  6221                           	line	363
  6222                           	
  6223  0777                     l18965:	
  6224                           ;Service.c: 363: if ( cmp < 0 )
  6225  0777  1FFA               	btfss	(SVC_Init@cmp),7
  6226  0778  2F7A               	goto	u6271
  6227  0779  2F7B               	goto	u6270
  6228  077A                     u6271:
  6229  077A  2F8F               	goto	l18971
  6230  077B                     u6270:
  6231                           	line	365
  6232                           	
  6233  077B                     l18967:	
  6234                           ;Service.c: 364: {
  6235                           ;Service.c: 365: totalPowerOnTime.h2 = totalWorkingTime.h2;
  6236  077B  002B               	movlb 11	; select bank11
  6237  077C  082B               	movf	0+(1448)^0580h+03h,w
  6238  077D  00F7               	movwf	(??_SVC_Init+0)+0
  6239  077E  0877               	movf	(??_SVC_Init+0)+0,w
  6240  077F  00A3               	movwf	0+(1440)^0580h+03h
  6241                           	line	366
  6242                           ;Service.c: 366: totalPowerOnTime.h1 = totalWorkingTime.h1;
  6243  0780  082A               	movf	0+(1448)^0580h+02h,w
  6244  0781  00F7               	movwf	(??_SVC_Init+0)+0
  6245  0782  0877               	movf	(??_SVC_Init+0)+0,w
  6246  0783  00A2               	movwf	0+(1440)^0580h+02h
  6247                           	line	367
  6248                           ;Service.c: 367: totalPowerOnTime.h = totalWorkingTime.h;
  6249  0784  0829               	movf	0+(1448)^0580h+01h,w
  6250  0785  00F7               	movwf	(??_SVC_Init+0)+0
  6251  0786  0877               	movf	(??_SVC_Init+0)+0,w
  6252  0787  00A1               	movwf	0+(1440)^0580h+01h
  6253                           	line	368
  6254                           ;Service.c: 368: totalPowerOnTime.m = totalWorkingTime.m;
  6255  0788  0828               	movf	(1448)^0580h,w
  6256  0789  00F7               	movwf	(??_SVC_Init+0)+0
  6257  078A  0877               	movf	(??_SVC_Init+0)+0,w
  6258  078B  00A0               	movwf	(1440)^0580h
  6259                           	line	369
  6260                           	
  6261  078C                     l18969:	
  6262                           ;Service.c: 369: e2pWrFlags |= 0X10;
  6263  078C  0020               	movlb 0	; select bank0
  6264  078D  1648               	bsf	(_e2pWrFlags)+(4/8),(4)&7
  6265                           	line	370
  6266                           ;Service.c: 370: }
  6267  078E  2FAB               	goto	l13180
  6268                           	line	371
  6269                           	
  6270  078F                     l13177:	
  6271                           	
  6272  078F                     l18971:	
  6273                           ;Service.c: 371: else if ( cmp > 0 )
  6274  078F  087A               	movf	(SVC_Init@cmp),w
  6275  0790  3A80               	xorlw	80h
  6276  0791  3E7F               	addlw	-((01h)^80h)
  6277  0792  1C03               	skipc
  6278  0793  2F95               	goto	u6281
  6279  0794  2F96               	goto	u6280
  6280  0795                     u6281:
  6281  0795  2FAB               	goto	l13180
  6282  0796                     u6280:
  6283                           	line	373
  6284                           	
  6285  0796                     l18973:	
  6286                           ;Service.c: 372: {
  6287                           ;Service.c: 373: totalWorkingTime.h2 = totalPowerOnTime.h2;
  6288  0796  002B               	movlb 11	; select bank11
  6289  0797  0823               	movf	0+(1440)^0580h+03h,w
  6290  0798  00F7               	movwf	(??_SVC_Init+0)+0
  6291  0799  0877               	movf	(??_SVC_Init+0)+0,w
  6292  079A  00AB               	movwf	0+(1448)^0580h+03h
  6293                           	line	374
  6294                           ;Service.c: 374: totalWorkingTime.h1 = totalPowerOnTime.h1;
  6295  079B  0822               	movf	0+(1440)^0580h+02h,w
  6296  079C  00F7               	movwf	(??_SVC_Init+0)+0
  6297  079D  0877               	movf	(??_SVC_Init+0)+0,w
  6298  079E  00AA               	movwf	0+(1448)^0580h+02h
  6299                           	line	375
  6300                           ;Service.c: 375: totalWorkingTime.h = totalPowerOnTime.h;
  6301  079F  0821               	movf	0+(1440)^0580h+01h,w
  6302  07A0  00F7               	movwf	(??_SVC_Init+0)+0
  6303  07A1  0877               	movf	(??_SVC_Init+0)+0,w
  6304  07A2  00A9               	movwf	0+(1448)^0580h+01h
  6305                           	line	376
  6306                           ;Service.c: 376: totalWorkingTime.m = totalPowerOnTime.m;
  6307  07A3  0820               	movf	(1440)^0580h,w
  6308  07A4  00F7               	movwf	(??_SVC_Init+0)+0
  6309  07A5  0877               	movf	(??_SVC_Init+0)+0,w
  6310  07A6  00A8               	movwf	(1448)^0580h
  6311                           	line	377
  6312                           	
  6313  07A7                     l18975:	
  6314                           ;Service.c: 377: e2pWrFlags |= 0X10;
  6315  07A7  0020               	movlb 0	; select bank0
  6316  07A8  1648               	bsf	(_e2pWrFlags)+(4/8),(4)&7
  6317  07A9  2FAB               	goto	l13180
  6318                           	line	378
  6319                           	
  6320  07AA                     l13179:	
  6321  07AA  2FAB               	goto	l13180
  6322                           	line	379
  6323                           	
  6324  07AB                     l13178:	
  6325                           	
  6326  07AB                     l13180:	
  6327  07AB  0008               	return
  6328                           	opt stack 0
  6329                           GLOBAL	__end_of_SVC_Init
  6330  07AC                     	__end_of_SVC_Init:
  6331 ;; =============== function _SVC_Init ends ============
  6332                           
  6333                           	signat	_SVC_Init,88
  6334                           	global	_COM_Ctrl
  6335                           psect	text980,local,class=CODE,delta=2
  6336                           global __ptext980
  6337  15A4                     __ptext980:
  6338                           
  6339 ;; *************** function _COM_Ctrl *****************
  6340 ;; Defined at:
  6341 ;;		line 49 in file "D:\project\baratheon-winnie\baratheon\COM.c"
  6342 ;; Parameters:    Size  Location     Type
  6343 ;;		None
  6344 ;; Auto vars:     Size  Location     Type
  6345 ;;		None
  6346 ;; Return value:  Size  Location     Type
  6347 ;;		None               void
  6348 ;; Registers used:
  6349 ;;		wreg, fsr1l, fsr1h, status,2, status,0, pclath, cstack
  6350 ;; Tracked objects:
  6351 ;;		On entry : 0/0
  6352 ;;		On exit  : 0/0
  6353 ;;		Unchanged: 0/0
  6354 ;; Data sizes:     COMMON   BANK0   BANK1   BANK2   BANK3   BANK4   BANK5   BANK7 BANK8hh BANK8hl  BANK8l BANK9hh BANK9h
       l  BANK9l BANK10h BANK10l  BANK11  BANK12
  6355 ;;      Params:         0       0       0       0       0       0       0       0       0       0       0       0       
       0       0       0       0       0       0
  6356 ;;      Locals:         0       0       0       0       0       0       0       0       0       0       0       0       
       0       0       0       0       0       0
  6357 ;;      Temps:          0       2       0       0       0       0       0       0       0       0       0       0       
       0       0       0       0       0       0
  6358 ;;      Totals:         0       2       0       0       0       0       0       0       0       0       0       0       
       0       0       0       0       0       0
  6359 ;;Total ram usage:        2 bytes
  6360 ;; Hardware stack levels used:    1
  6361 ;; Hardware stack levels required when called:    3
  6362 ;; This function calls:
  6363 ;;		_COM_Print
  6364 ;;		_SRL_Putc
  6365 ;;		_E2P_ReadByte
  6366 ;; This function is called by:
  6367 ;;		_main
  6368 ;; This function uses a non-reentrant model
  6369 ;;
  6370                           psect	text980
  6371                           	file	"D:\project\baratheon-winnie\baratheon\COM.c"
  6372                           	line	49
  6373                           	global	__size_of_COM_Ctrl
  6374  0089                     	__size_of_COM_Ctrl	equ	__end_of_COM_Ctrl-_COM_Ctrl
  6375                           	
  6376  15A4                     _COM_Ctrl:	
  6377                           	opt	stack 12
  6378                           ; Regs used in _COM_Ctrl: [wreg+fsr1l-status,0+pclath+cstack]
  6379                           	line	51
  6380                           	
  6381  15A4                     l18901:	
  6382                           ;COM.c: 50: static  U8 t = 0;
  6383                           ;COM.c: 51: if ( ++t >= 50 )
  6384  15A4  3001               	movlw	(01h)
  6385  15A5  0020               	movlb 0	; select bank0
  6386  15A6  00D2               	movwf	(??_COM_Ctrl+0)+0
  6387  15A7  0852               	movf	(??_COM_Ctrl+0)+0,w
  6388  15A8  07BE               	addwf	(COM_Ctrl@t),f
  6389  15A9  3032               	movlw	(032h)
  6390  15AA  023E               	subwf	((COM_Ctrl@t)),w
  6391  15AB  1C03               	skipc
  6392  15AC  2DAE               	goto	u6261
  6393  15AD  2DAF               	goto	u6260
  6394  15AE                     u6261:
  6395  15AE  2E2C               	goto	l1594
  6396  15AF                     u6260:
  6397                           	line	53
  6398                           	
  6399  15AF                     l18903:	
  6400                           ;COM.c: 52: {
  6401                           ;COM.c: 53: t = 0;
  6402  15AF  01BE               	clrf	(COM_Ctrl@t)
  6403                           	line	54
  6404                           	
  6405  15B0                     l18905:	
  6406                           ;COM.c: 54: COM_Print( ( U16 )mtrLevel );
  6407  15B0  087D               	movf	(_mtrLevel),w
  6408  15B1  00D2               	movwf	(??_COM_Ctrl+0)+0
  6409  15B2  01D3               	clrf	(??_COM_Ctrl+0)+0+1
  6410  15B3  0852               	movf	0+(??_COM_Ctrl+0)+0,w
  6411  15B4  00F9               	movwf	(?_COM_Print)
  6412  15B5  0853               	movf	1+(??_COM_Ctrl+0)+0,w
  6413  15B6  00FA               	movwf	(?_COM_Print+1)
  6414  15B7  318A  2282  3195   	fcall	_COM_Print
  6415                           	line	55
  6416                           ;COM.c: 55: SRL_Putc( ',' );
  6417  15BA  302C               	movlw	(02Ch)
  6418  15BB  319C  24E2  3195   	fcall	_SRL_Putc
  6419                           	line	56
  6420                           ;COM.c: 56: COM_Print( ( U16 )adVrs );
  6421  15BE  0021               	movlb 1	; select bank1
  6422  15BF  083D               	movf	(_adVrs)^080h,w
  6423  15C0  0020               	movlb 0	; select bank0
  6424  15C1  00D2               	movwf	(??_COM_Ctrl+0)+0
  6425  15C2  01D3               	clrf	(??_COM_Ctrl+0)+0+1
  6426  15C3  0852               	movf	0+(??_COM_Ctrl+0)+0,w
  6427  15C4  00F9               	movwf	(?_COM_Print)
  6428  15C5  0853               	movf	1+(??_COM_Ctrl+0)+0,w
  6429  15C6  00FA               	movwf	(?_COM_Print+1)
  6430  15C7  318A  2282  3195   	fcall	_COM_Print
  6431                           	line	57
  6432                           ;COM.c: 57: SRL_Putc( ',' );
  6433  15CA  302C               	movlw	(02Ch)
  6434  15CB  319C  24E2  3195   	fcall	_SRL_Putc
  6435                           	line	58
  6436                           ;COM.c: 58: COM_Print( ( U16 )adNtc );
  6437  15CE  0021               	movlb 1	; select bank1
  6438  15CF  083B               	movf	(_adNtc)^080h,w
  6439  15D0  0020               	movlb 0	; select bank0
  6440  15D1  00D2               	movwf	(??_COM_Ctrl+0)+0
  6441  15D2  01D3               	clrf	(??_COM_Ctrl+0)+0+1
  6442  15D3  0852               	movf	0+(??_COM_Ctrl+0)+0,w
  6443  15D4  00F9               	movwf	(?_COM_Print)
  6444  15D5  0853               	movf	1+(??_COM_Ctrl+0)+0,w
  6445  15D6  00FA               	movwf	(?_COM_Print+1)
  6446  15D7  318A  2282  3195   	fcall	_COM_Print
  6447                           	line	59
  6448                           ;COM.c: 59: SRL_Putc( ',' );
  6449  15DA  302C               	movlw	(02Ch)
  6450  15DB  319C  24E2  3195   	fcall	_SRL_Putc
  6451                           	line	60
  6452                           ;COM.c: 60: COM_Print( mtrSpeedRef );
  6453  15DE  0020               	movlb 0	; select bank0
  6454  15DF  0837               	movf	(_mtrSpeedRef+1),w
  6455  15E0  01FA               	clrf	(?_COM_Print+1)
  6456  15E1  07FA               	addwf	(?_COM_Print+1)
  6457  15E2  0836               	movf	(_mtrSpeedRef),w
  6458  15E3  01F9               	clrf	(?_COM_Print)
  6459  15E4  07F9               	addwf	(?_COM_Print)
  6460                           
  6461  15E5  318A  2282  3195   	fcall	_COM_Print
  6462                           	line	61
  6463                           ;COM.c: 61: SRL_Putc( ',' );
  6464  15E8  302C               	movlw	(02Ch)
  6465  15E9  319C  24E2  3195   	fcall	_SRL_Putc
  6466                           	line	62
  6467                           ;COM.c: 62: COM_Print( mtrSpeed );
  6468  15EC  0020               	movlb 0	; select bank0
  6469  15ED  0835               	movf	(_mtrSpeed+1),w
  6470  15EE  01FA               	clrf	(?_COM_Print+1)
  6471  15EF  07FA               	addwf	(?_COM_Print+1)
  6472  15F0  0834               	movf	(_mtrSpeed),w
  6473  15F1  01F9               	clrf	(?_COM_Print)
  6474  15F2  07F9               	addwf	(?_COM_Print)
  6475                           
  6476  15F3  318A  2282  3195   	fcall	_COM_Print
  6477                           	line	63
  6478                           ;COM.c: 63: SRL_Putc( ',' );
  6479  15F6  302C               	movlw	(02Ch)
  6480  15F7  319C  24E2  3195   	fcall	_SRL_Putc
  6481                           	line	64
  6482                           ;COM.c: 64: COM_Print( mtrCurrent );
  6483  15FA  0020               	movlb 0	; select bank0
  6484  15FB  0833               	movf	(_mtrCurrent+1),w
  6485  15FC  01FA               	clrf	(?_COM_Print+1)
  6486  15FD  07FA               	addwf	(?_COM_Print+1)
  6487  15FE  0832               	movf	(_mtrCurrent),w
  6488  15FF  01F9               	clrf	(?_COM_Print)
  6489  1600  07F9               	addwf	(?_COM_Print)
  6490                           
  6491  1601  318A  2282  3195   	fcall	_COM_Print
  6492                           	line	65
  6493                           ;COM.c: 65: SRL_Putc( ',' );
  6494  1604  302C               	movlw	(02Ch)
  6495  1605  319C  24E2  3195   	fcall	_SRL_Putc
  6496                           	line	66
  6497                           ;COM.c: 66: COM_Print( ( U16 )mtrTemp );
  6498  1608  0020               	movlb 0	; select bank0
  6499  1609  086E               	movf	(_mtrTemp),w
  6500  160A  00F9               	movwf	(?_COM_Print)
  6501  160B  01FA               	clrf	(?_COM_Print+1)
  6502  160C  1BF9               	btfsc	(?_COM_Print),7
  6503  160D  03FA               	decf	(?_COM_Print+1),f
  6504  160E  318A  2282  3195   	fcall	_COM_Print
  6505                           	line	67
  6506                           ;COM.c: 67: SRL_Putc( ',' );
  6507  1611  302C               	movlw	(02Ch)
  6508  1612  319C  24E2  3195   	fcall	_SRL_Putc
  6509                           	line	68
  6510                           ;COM.c: 68: COM_Print( ( U16 )E2P_ReadByte( 0xFE ) );
  6511  1615  30FE               	movlw	(0FEh)
  6512  1616  319C  2480  3195   	fcall	_E2P_ReadByte
  6513  1619  0020               	movlb 0	; select bank0
  6514  161A  00D2               	movwf	(??_COM_Ctrl+0)+0
  6515  161B  01D3               	clrf	(??_COM_Ctrl+0)+0+1
  6516  161C  0852               	movf	0+(??_COM_Ctrl+0)+0,w
  6517  161D  00F9               	movwf	(?_COM_Print)
  6518  161E  0853               	movf	1+(??_COM_Ctrl+0)+0,w
  6519  161F  00FA               	movwf	(?_COM_Print+1)
  6520  1620  318A  2282  3195   	fcall	_COM_Print
  6521                           	line	69
  6522                           ;COM.c: 69: SRL_Putc( '\r' );
  6523  1623  300D               	movlw	(0Dh)
  6524  1624  319C  24E2  3195   	fcall	_SRL_Putc
  6525                           	line	70
  6526                           ;COM.c: 70: SRL_Putc( '\n' );
  6527  1627  300A               	movlw	(0Ah)
  6528  1628  319C  24E2  3195   	fcall	_SRL_Putc
  6529  162B  2E2C               	goto	l1594
  6530                           	line	71
  6531                           	
  6532  162C                     l1593:	
  6533                           	line	72
  6534                           	
  6535  162C                     l1594:	
  6536  162C  0008               	return
  6537                           	opt stack 0
  6538                           GLOBAL	__end_of_COM_Ctrl
  6539  162D                     	__end_of_COM_Ctrl:
  6540 ;; =============== function _COM_Ctrl ends ============
  6541                           
  6542                           	signat	_COM_Ctrl,88
  6543                           	global	_REC_Faults
  6544                           psect	text981,local,class=CODE,delta=2
  6545                           global __ptext981
  6546  083E                     __ptext981:
  6547                           
  6548 ;; *************** function _REC_Faults *****************
  6549 ;; Defined at:
  6550 ;;		line 517 in file "D:\project\baratheon-winnie\baratheon\Service.c"
  6551 ;; Parameters:    Size  Location     Type
  6552 ;;		None
  6553 ;; Auto vars:     Size  Location     Type
  6554 ;;		None
  6555 ;; Return value:  Size  Location     Type
  6556 ;;		None               void
  6557 ;; Registers used:
  6558 ;;		wreg, fsr1l, fsr1h, status,2, status,0, pclath, cstack
  6559 ;; Tracked objects:
  6560 ;;		On entry : 0/0
  6561 ;;		On exit  : 0/0
  6562 ;;		Unchanged: 0/0
  6563 ;; Data sizes:     COMMON   BANK0   BANK1   BANK2   BANK3   BANK4   BANK5   BANK7 BANK8hh BANK8hl  BANK8l BANK9hh BANK9h
       l  BANK9l BANK10h BANK10l  BANK11  BANK12
  6564 ;;      Params:         0       0       0       0       0       0       0       0       0       0       0       0       
       0       0       0       0       0       0
  6565 ;;      Locals:         0       0       0       0       0       0       0       0       0       0       0       0       
       0       0       0       0       0       0
  6566 ;;      Temps:          1       0       0       0       0       0       0       0       0       0       0       0       
       0       0       0       0       0       0
  6567 ;;      Totals:         1       0       0       0       0       0       0       0       0       0       0       0       
       0       0       0       0       0       0
  6568 ;;Total ram usage:        1 bytes
  6569 ;; Hardware stack levels used:    1
  6570 ;; Hardware stack levels required when called:    2
  6571 ;; This function calls:
  6572 ;;		_MEM_Cpy
  6573 ;; This function is called by:
  6574 ;;		_SVC_Ctrl
  6575 ;; This function uses a non-reentrant model
  6576 ;;
  6577                           psect	text981
  6578                           	file	"D:\project\baratheon-winnie\baratheon\Service.c"
  6579                           	line	517
  6580                           	global	__size_of_REC_Faults
  6581  00B0                     	__size_of_REC_Faults	equ	__end_of_REC_Faults-_REC_Faults
  6582                           	
  6583  083E                     _REC_Faults:	
  6584                           	opt	stack 12
  6585                           ; Regs used in _REC_Faults: [wreg+fsr1l-status,0+pclath+cstack]
  6586                           	line	519
  6587                           	
  6588  083E                     l18873:	
  6589                           ;Service.c: 518: static  U8 fault = 0;
  6590                           ;Service.c: 519: if ( !sysFault || sysFault >= 10 )
  6591  083E  0020               	movlb 0	; select bank0
  6592  083F  084A               	movf	(_sysFault),w
  6593  0840  1D03               	skipz
  6594  0841  2843               	goto	u6230
  6595  0842  2849               	goto	l13236
  6596  0843                     u6230:
  6597                           	
  6598  0843                     l18875:	
  6599  0843  300A               	movlw	(0Ah)
  6600  0844  024A               	subwf	(_sysFault),w
  6601  0845  1C03               	skipc
  6602  0846  2848               	goto	u6241
  6603  0847  2849               	goto	u6240
  6604  0848                     u6241:
  6605  0848  284B               	goto	l18877
  6606  0849                     u6240:
  6607                           	
  6608  0849                     l13236:	
  6609                           	line	521
  6610                           ;Service.c: 520: {
  6611                           ;Service.c: 521: fault = 0;
  6612  0849  01C1               	clrf	(REC_Faults@fault)
  6613                           	line	522
  6614                           ;Service.c: 522: }
  6615  084A  28ED               	goto	l13239
  6616                           	line	523
  6617                           	
  6618  084B                     l13234:	
  6619                           	
  6620  084B                     l18877:	
  6621                           ;Service.c: 523: else if ( fault != sysFault )
  6622  084B  0841               	movf	(REC_Faults@fault),w
  6623  084C  064A               	xorwf	(_sysFault),w
  6624  084D  1903               	skipnz
  6625  084E  2850               	goto	u6251
  6626  084F  2851               	goto	u6250
  6627  0850                     u6251:
  6628  0850  28ED               	goto	l13239
  6629  0851                     u6250:
  6630                           	line	525
  6631                           	
  6632  0851                     l18879:	
  6633                           ;Service.c: 524: {
  6634                           ;Service.c: 525: fault = sysFault;
  6635  0851  084A               	movf	(_sysFault),w
  6636  0852  00F7               	movwf	(??_REC_Faults+0)+0
  6637  0853  0877               	movf	(??_REC_Faults+0)+0,w
  6638  0854  00C1               	movwf	(REC_Faults@fault)
  6639                           	line	526
  6640                           ;Service.c: 526: faultCode[ 6 ] = faultCode[ 5 ];
  6641  0855  002A               	movlb 10	; select bank10
  6642  0856  0825               	movf	0+(1312)^0500h+05h,w
  6643  0857  00F7               	movwf	(??_REC_Faults+0)+0
  6644  0858  0877               	movf	(??_REC_Faults+0)+0,w
  6645  0859  00A6               	movwf	0+(1312)^0500h+06h
  6646                           	line	527
  6647                           ;Service.c: 527: faultCode[ 5 ] = faultCode[ 4 ];
  6648  085A  0824               	movf	0+(1312)^0500h+04h,w
  6649  085B  00F7               	movwf	(??_REC_Faults+0)+0
  6650  085C  0877               	movf	(??_REC_Faults+0)+0,w
  6651  085D  00A5               	movwf	0+(1312)^0500h+05h
  6652                           	line	528
  6653                           ;Service.c: 528: faultCode[ 4 ] = faultCode[ 3 ];
  6654  085E  0823               	movf	0+(1312)^0500h+03h,w
  6655  085F  00F7               	movwf	(??_REC_Faults+0)+0
  6656  0860  0877               	movf	(??_REC_Faults+0)+0,w
  6657  0861  00A4               	movwf	0+(1312)^0500h+04h
  6658                           	line	529
  6659                           ;Service.c: 529: faultCode[ 3 ] = faultCode[ 2 ];
  6660  0862  0822               	movf	0+(1312)^0500h+02h,w
  6661  0863  00F7               	movwf	(??_REC_Faults+0)+0
  6662  0864  0877               	movf	(??_REC_Faults+0)+0,w
  6663  0865  00A3               	movwf	0+(1312)^0500h+03h
  6664                           	line	530
  6665                           ;Service.c: 530: faultCode[ 2 ] = faultCode[ 1 ];
  6666  0866  0821               	movf	0+(1312)^0500h+01h,w
  6667  0867  00F7               	movwf	(??_REC_Faults+0)+0
  6668  0868  0877               	movf	(??_REC_Faults+0)+0,w
  6669  0869  00A2               	movwf	0+(1312)^0500h+02h
  6670                           	line	531
  6671                           ;Service.c: 531: faultCode[ 1 ] = faultCode[ 0 ];
  6672  086A  0820               	movf	(1312)^0500h,w
  6673  086B  00F7               	movwf	(??_REC_Faults+0)+0
  6674  086C  0877               	movf	(??_REC_Faults+0)+0,w
  6675  086D  00A1               	movwf	0+(1312)^0500h+01h
  6676                           	line	532
  6677                           	
  6678  086E                     l18881:	
  6679                           ;Service.c: 532: faultCode[ 0 ] = 0xE0 + sysFault;
  6680  086E  0020               	movlb 0	; select bank0
  6681  086F  084A               	movf	(_sysFault),w
  6682  0870  3EE0               	addlw	0E0h
  6683  0871  00F7               	movwf	(??_REC_Faults+0)+0
  6684  0872  0877               	movf	(??_REC_Faults+0)+0,w
  6685  0873  002A               	movlb 10	; select bank10
  6686  0874  00A0               	movwf	(1312)^0500h
  6687                           	line	533
  6688                           	
  6689  0875                     l18883:	
  6690                           ;Service.c: 533: faultTotalCount[ sysFault - 1 ]++;
  6691  0875  3001               	movlw	(01h)
  6692  0876  00F7               	movwf	(??_REC_Faults+0)+0
  6693  0877  0020               	movlb 0	; select bank0
  6694  0878  084A               	movf	(_sysFault),w
  6695  0879  3EFF               	addlw	0FFh
  6696  087A  3E27               	addlw	1319&0ffh
  6697  087B  0086               	movwf	fsr1l
  6698  087C  3005               	movlw 5	; select bank10/11
  6699  087D  0087               	movwf fsr1h	
  6700                           	
  6701  087E  0877               	movf	(??_REC_Faults+0)+0,w
  6702  087F  0781               	addwf	indf1,f
  6703                           	line	534
  6704                           	
  6705  0880                     l18885:	
  6706                           ;Service.c: 534: MEM_Cpy( ( U8* )&faultTimeStamp[ 6 ], ( U8* )&faultTimeStamp[ 5 ], size
                                 of( H3M1 ) );
  6707  0880  3048               	movlw	(1328+018h&0ffh)
  6708  0881  00F1               	movwf	(?_MEM_Cpy)
  6709  0882  3005               	movlw	0xA/2
  6710  0883  00F2               	movwf	(?_MEM_Cpy+1)
  6711  0884  3044               	movlw	(1328+014h&0ffh)
  6712  0885  00F3               	movwf	0+(?_MEM_Cpy)+02h
  6713  0886  3005               	movlw	0xA/2
  6714  0887  00F4               	movwf	1+(?_MEM_Cpy)+02h
  6715  0888  3004               	movlw	(04h)
  6716  0889  00F7               	movwf	(??_REC_Faults+0)+0
  6717  088A  0877               	movf	(??_REC_Faults+0)+0,w
  6718  088B  00F5               	movwf	0+(?_MEM_Cpy)+04h
  6719  088C  3191  2114  3188   	fcall	_MEM_Cpy
  6720                           	line	535
  6721                           	
  6722  088F                     l18887:	
  6723                           ;Service.c: 535: MEM_Cpy( ( U8* )&faultTimeStamp[ 5 ], ( U8* )&faultTimeStamp[ 4 ], size
                                 of( H3M1 ) );
  6724  088F  3044               	movlw	(1328+014h&0ffh)
  6725  0890  00F1               	movwf	(?_MEM_Cpy)
  6726  0891  3005               	movlw	0xA/2
  6727  0892  00F2               	movwf	(?_MEM_Cpy+1)
  6728  0893  3040               	movlw	(1328+010h&0ffh)
  6729  0894  00F3               	movwf	0+(?_MEM_Cpy)+02h
  6730  0895  3005               	movlw	0xA/2
  6731  0896  00F4               	movwf	1+(?_MEM_Cpy)+02h
  6732  0897  3004               	movlw	(04h)
  6733  0898  00F7               	movwf	(??_REC_Faults+0)+0
  6734  0899  0877               	movf	(??_REC_Faults+0)+0,w
  6735  089A  00F5               	movwf	0+(?_MEM_Cpy)+04h
  6736  089B  3191  2114  3188   	fcall	_MEM_Cpy
  6737                           	line	536
  6738                           	
  6739  089E                     l18889:	
  6740                           ;Service.c: 536: MEM_Cpy( ( U8* )&faultTimeStamp[ 4 ], ( U8* )&faultTimeStamp[ 3 ], size
                                 of( H3M1 ) );
  6741  089E  3040               	movlw	(1328+010h&0ffh)
  6742  089F  00F1               	movwf	(?_MEM_Cpy)
  6743  08A0  3005               	movlw	0xA/2
  6744  08A1  00F2               	movwf	(?_MEM_Cpy+1)
  6745  08A2  303C               	movlw	(1328+0Ch&0ffh)
  6746  08A3  00F3               	movwf	0+(?_MEM_Cpy)+02h
  6747  08A4  3005               	movlw	0xA/2
  6748  08A5  00F4               	movwf	1+(?_MEM_Cpy)+02h
  6749  08A6  3004               	movlw	(04h)
  6750  08A7  00F7               	movwf	(??_REC_Faults+0)+0
  6751  08A8  0877               	movf	(??_REC_Faults+0)+0,w
  6752  08A9  00F5               	movwf	0+(?_MEM_Cpy)+04h
  6753  08AA  3191  2114  3188   	fcall	_MEM_Cpy
  6754                           	line	537
  6755                           	
  6756  08AD                     l18891:	
  6757                           ;Service.c: 537: MEM_Cpy( ( U8* )&faultTimeStamp[ 3 ], ( U8* )&faultTimeStamp[ 2 ], size
                                 of( H3M1 ) );
  6758  08AD  303C               	movlw	(1328+0Ch&0ffh)
  6759  08AE  00F1               	movwf	(?_MEM_Cpy)
  6760  08AF  3005               	movlw	0xA/2
  6761  08B0  00F2               	movwf	(?_MEM_Cpy+1)
  6762  08B1  3038               	movlw	(1328+08h&0ffh)
  6763  08B2  00F3               	movwf	0+(?_MEM_Cpy)+02h
  6764  08B3  3005               	movlw	0xA/2
  6765  08B4  00F4               	movwf	1+(?_MEM_Cpy)+02h
  6766  08B5  3004               	movlw	(04h)
  6767  08B6  00F7               	movwf	(??_REC_Faults+0)+0
  6768  08B7  0877               	movf	(??_REC_Faults+0)+0,w
  6769  08B8  00F5               	movwf	0+(?_MEM_Cpy)+04h
  6770  08B9  3191  2114  3188   	fcall	_MEM_Cpy
  6771                           	line	538
  6772                           	
  6773  08BC                     l18893:	
  6774                           ;Service.c: 538: MEM_Cpy( ( U8* )&faultTimeStamp[ 2 ], ( U8* )&faultTimeStamp[ 1 ], size
                                 of( H3M1 ) );
  6775  08BC  3038               	movlw	(1328+08h&0ffh)
  6776  08BD  00F1               	movwf	(?_MEM_Cpy)
  6777  08BE  3005               	movlw	0xA/2
  6778  08BF  00F2               	movwf	(?_MEM_Cpy+1)
  6779  08C0  3034               	movlw	(1328+04h&0ffh)
  6780  08C1  00F3               	movwf	0+(?_MEM_Cpy)+02h
  6781  08C2  3005               	movlw	0xA/2
  6782  08C3  00F4               	movwf	1+(?_MEM_Cpy)+02h
  6783  08C4  3004               	movlw	(04h)
  6784  08C5  00F7               	movwf	(??_REC_Faults+0)+0
  6785  08C6  0877               	movf	(??_REC_Faults+0)+0,w
  6786  08C7  00F5               	movwf	0+(?_MEM_Cpy)+04h
  6787  08C8  3191  2114  3188   	fcall	_MEM_Cpy
  6788                           	line	539
  6789                           	
  6790  08CB                     l18895:	
  6791                           ;Service.c: 539: MEM_Cpy( ( U8* )&faultTimeStamp[ 1 ], ( U8* )&faultTimeStamp[ 0 ], size
                                 of( H3M1 ) );
  6792  08CB  3034               	movlw	(1328+04h&0ffh)
  6793  08CC  00F1               	movwf	(?_MEM_Cpy)
  6794  08CD  3005               	movlw	0xA/2
  6795  08CE  00F2               	movwf	(?_MEM_Cpy+1)
  6796  08CF  3030               	movlw	(1328&0ffh)
  6797  08D0  00F3               	movwf	0+(?_MEM_Cpy)+02h
  6798  08D1  3005               	movlw	0xA/2
  6799  08D2  00F4               	movwf	1+(?_MEM_Cpy)+02h
  6800  08D3  3004               	movlw	(04h)
  6801  08D4  00F7               	movwf	(??_REC_Faults+0)+0
  6802  08D5  0877               	movf	(??_REC_Faults+0)+0,w
  6803  08D6  00F5               	movwf	0+(?_MEM_Cpy)+04h
  6804  08D7  3191  2114  3188   	fcall	_MEM_Cpy
  6805                           	line	540
  6806                           	
  6807  08DA                     l18897:	
  6808                           ;Service.c: 540: MEM_Cpy( ( U8* )&faultTimeStamp[ 0 ], ( U8* )&powerOnTime.h3m1, sizeof(
                                  H3M1 ) );
  6809  08DA  3030               	movlw	(1328&0ffh)
  6810  08DB  00F1               	movwf	(?_MEM_Cpy)
  6811  08DC  3005               	movlw	0xA/2
  6812  08DD  00F2               	movwf	(?_MEM_Cpy+1)
  6813  08DE  30DF               	movlw	(_powerOnTime+01h&0ffh)
  6814  08DF  00F3               	movwf	0+(?_MEM_Cpy)+02h
  6815  08E0  3000               	movlw	0x1/2
  6816  08E1  00F4               	movwf	1+(?_MEM_Cpy)+02h
  6817  08E2  3004               	movlw	(04h)
  6818  08E3  00F7               	movwf	(??_REC_Faults+0)+0
  6819  08E4  0877               	movf	(??_REC_Faults+0)+0,w
  6820  08E5  00F5               	movwf	0+(?_MEM_Cpy)+04h
  6821  08E6  3191  2114  3188   	fcall	_MEM_Cpy
  6822                           	line	541
  6823                           	
  6824  08E9                     l18899:	
  6825                           ;Service.c: 541: e2pWrFlags |= 0X04;
  6826  08E9  0020               	movlb 0	; select bank0
  6827  08EA  1548               	bsf	(_e2pWrFlags)+(2/8),(2)&7
  6828  08EB  28ED               	goto	l13239
  6829                           	line	542
  6830                           	
  6831  08EC                     l13238:	
  6832  08EC  28ED               	goto	l13239
  6833                           	line	543
  6834                           	
  6835  08ED                     l13237:	
  6836                           	
  6837  08ED                     l13239:	
  6838  08ED  0008               	return
  6839                           	opt stack 0
  6840                           GLOBAL	__end_of_REC_Faults
  6841  08EE                     	__end_of_REC_Faults:
  6842 ;; =============== function _REC_Faults ends ============
  6843                           
  6844                           	signat	_REC_Faults,88
  6845                           	global	_REC_SpeedWorking
  6846                           psect	text982,local,class=CODE,delta=2
  6847                           global __ptext982
  6848  04CC                     __ptext982:
  6849                           
  6850 ;; *************** function _REC_SpeedWorking *****************
  6851 ;; Defined at:
  6852 ;;		line 401 in file "D:\project\baratheon-winnie\baratheon\Service.c"
  6853 ;; Parameters:    Size  Location     Type
  6854 ;;		None
  6855 ;; Auto vars:     Size  Location     Type
  6856 ;;		None
  6857 ;; Return value:  Size  Location     Type
  6858 ;;		None               void
  6859 ;; Registers used:
  6860 ;;		wreg, fsr1l, fsr1h, status,2, status,0, pclath, cstack
  6861 ;; Tracked objects:
  6862 ;;		On entry : 0/0
  6863 ;;		On exit  : 0/0
  6864 ;;		Unchanged: 0/0
  6865 ;; Data sizes:     COMMON   BANK0   BANK1   BANK2   BANK3   BANK4   BANK5   BANK7 BANK8hh BANK8hl  BANK8l BANK9hh BANK9h
       l  BANK9l BANK10h BANK10l  BANK11  BANK12
  6866 ;;      Params:         0       0       0       0       0       0       0       0       0       0       0       0       
       0       0       0       0       0       0
  6867 ;;      Locals:         0       0       0       0       0       0       0       0       0       0       0       0       
       0       0       0       0       0       0
  6868 ;;      Temps:          2       0       0       0       0       0       0       0       0       0       0       0       
       0       0       0       0       0       0
  6869 ;;      Totals:         2       0       0       0       0       0       0       0       0       0       0       0       
       0       0       0       0       0       0
  6870 ;;Total ram usage:        2 bytes
  6871 ;; Hardware stack levels used:    1
  6872 ;; Hardware stack levels required when called:    2
  6873 ;; This function calls:
  6874 ;;		_H1M1S1_ADD
  6875 ;;		_H1M1S1_SUB
  6876 ;;		_MEM_Cpy
  6877 ;;		_H2M1S1_ADD
  6878 ;; This function is called by:
  6879 ;;		_SVC_Ctrl
  6880 ;; This function uses a non-reentrant model
  6881 ;;
  6882                           psect	text982
  6883                           	file	"D:\project\baratheon-winnie\baratheon\Service.c"
  6884                           	line	401
  6885                           	global	__size_of_REC_SpeedWorking
  6886  018B                     	__size_of_REC_SpeedWorking	equ	__end_of_REC_SpeedWorking-_REC_SpeedWorking
  6887                           	
  6888  04CC                     _REC_SpeedWorking:	
  6889                           	opt	stack 12
  6890                           ; Regs used in _REC_SpeedWorking: [wreg+fsr1l-status,0+pclath+cstack]
  6891                           	line	406
  6892                           	
  6893  04CC                     l18787:	
  6894                           ;Service.c: 402: static  U8 level = 0;
  6895                           ;Service.c: 403: static  U8 lsLvl = 0;
  6896                           ;Service.c: 404: static  U8 cnLvl = 0;
  6897                           ;Service.c: 405: static  H1M1S1 tmLvl = { 0, 0, 0 };
  6898                           ;Service.c: 406: H1M1S1_ADD( &tmLvl, 1 );
  6899  04CC  01F1               	clrf	(?_H1M1S1_ADD)
  6900  04CD  1403               	bsf	status,0
  6901  04CE  0DF1               	rlf	(?_H1M1S1_ADD),f
  6902  04CF  304E               	movlw	(REC_SpeedWorking@tmLvl)&0ffh
  6903  04D0  3192  224C  3184   	fcall	_H1M1S1_ADD
  6904                           	line	407
  6905                           	
  6906  04D3                     l18789:	
  6907                           ;Service.c: 407: if ( sysLevel != lsLvl )
  6908  04D3  0020               	movlb 0	; select bank0
  6909  04D4  084B               	movf	(_sysLevel),w
  6910  04D5  0644               	xorwf	(REC_SpeedWorking@lsLvl),w
  6911  04D6  1903               	skipnz
  6912  04D7  2CD9               	goto	u6031
  6913  04D8  2CDA               	goto	u6030
  6914  04D9                     u6031:
  6915  04D9  2CE0               	goto	l18795
  6916  04DA                     u6030:
  6917                           	line	409
  6918                           	
  6919  04DA                     l18791:	
  6920                           ;Service.c: 408: {
  6921                           ;Service.c: 409: lsLvl = sysLevel;
  6922  04DA  084B               	movf	(_sysLevel),w
  6923  04DB  00F7               	movwf	(??_REC_SpeedWorking+0)+0
  6924  04DC  0877               	movf	(??_REC_SpeedWorking+0)+0,w
  6925  04DD  00C4               	movwf	(REC_SpeedWorking@lsLvl)
  6926                           	line	410
  6927                           	
  6928  04DE                     l18793:	
  6929                           ;Service.c: 410: cnLvl = 0;
  6930  04DE  01C2               	clrf	(REC_SpeedWorking@cnLvl)
  6931                           	line	411
  6932                           ;Service.c: 411: }
  6933  04DF  2E56               	goto	l13213
  6934                           	line	412
  6935                           	
  6936  04E0                     l13198:	
  6937                           	
  6938  04E0                     l18795:	
  6939                           ;Service.c: 412: else if ( cnLvl < 2 )
  6940  04E0  3002               	movlw	(02h)
  6941  04E1  0242               	subwf	(REC_SpeedWorking@cnLvl),w
  6942  04E2  1803               	skipnc
  6943  04E3  2CE5               	goto	u6041
  6944  04E4  2CE6               	goto	u6040
  6945  04E5                     u6041:
  6946  04E5  2CEB               	goto	l18799
  6947  04E6                     u6040:
  6948                           	line	414
  6949                           	
  6950  04E6                     l18797:	
  6951                           ;Service.c: 413: {
  6952                           ;Service.c: 414: cnLvl++;
  6953  04E6  3001               	movlw	(01h)
  6954  04E7  00F7               	movwf	(??_REC_SpeedWorking+0)+0
  6955  04E8  0877               	movf	(??_REC_SpeedWorking+0)+0,w
  6956  04E9  07C2               	addwf	(REC_SpeedWorking@cnLvl),f
  6957                           	line	415
  6958                           ;Service.c: 415: }
  6959  04EA  2E56               	goto	l13213
  6960                           	line	416
  6961                           	
  6962  04EB                     l13200:	
  6963                           	
  6964  04EB                     l18799:	
  6965                           ;Service.c: 416: else if ( sysLevel != level )
  6966  04EB  084B               	movf	(_sysLevel),w
  6967  04EC  0643               	xorwf	(REC_SpeedWorking@level),w
  6968  04ED  1903               	skipnz
  6969  04EE  2CF0               	goto	u6051
  6970  04EF  2CF1               	goto	u6050
  6971  04F0                     u6051:
  6972  04F0  2DF6               	goto	l18851
  6973  04F1                     u6050:
  6974                           	line	418
  6975                           	
  6976  04F1                     l18801:	
  6977                           ;Service.c: 417: {
  6978                           ;Service.c: 418: H1M1S1_SUB( &tmLvl, 3 );
  6979  04F1  3003               	movlw	(03h)
  6980  04F2  00F7               	movwf	(??_REC_SpeedWorking+0)+0
  6981  04F3  0877               	movf	(??_REC_SpeedWorking+0)+0,w
  6982  04F4  00F1               	movwf	(?_H1M1S1_SUB)
  6983  04F5  304E               	movlw	(REC_SpeedWorking@tmLvl)&0ffh
  6984  04F6  3191  21A6  3184   	fcall	_H1M1S1_SUB
  6985                           	line	419
  6986                           	
  6987  04F9                     l18803:	
  6988                           ;Service.c: 419: if ( level && level < 8 )
  6989  04F9  0020               	movlb 0	; select bank0
  6990  04FA  0843               	movf	(REC_SpeedWorking@level),w
  6991  04FB  1D03               	skipz
  6992  04FC  2CFE               	goto	u6060
  6993  04FD  2D43               	goto	l18817
  6994  04FE                     u6060:
  6995                           	
  6996  04FE                     l18805:	
  6997  04FE  3008               	movlw	(08h)
  6998  04FF  0243               	subwf	(REC_SpeedWorking@level),w
  6999  0500  1803               	skipnc
  7000  0501  2D03               	goto	u6071
  7001  0502  2D04               	goto	u6070
  7002  0503                     u6071:
  7003  0503  2D43               	goto	l18817
  7004  0504                     u6070:
  7005                           	line	421
  7006                           	
  7007  0504                     l18807:	
  7008                           ;Service.c: 420: {
  7009                           ;Service.c: 421: MEM_Cpy( ( U8* )&lastSpeedWorkingTime[ 0 ], ( U8* )&tmLvl, sizeof( H1M1
                                 S1 ) );
  7010  0504  3028               	movlw	(1064&0ffh)
  7011  0505  00F1               	movwf	(?_MEM_Cpy)
  7012  0506  3004               	movlw	0x8/2
  7013  0507  00F2               	movwf	(?_MEM_Cpy+1)
  7014  0508  304E               	movlw	(REC_SpeedWorking@tmLvl&0ffh)
  7015  0509  00F3               	movwf	0+(?_MEM_Cpy)+02h
  7016  050A  3000               	movlw	0x0/2
  7017  050B  00F4               	movwf	1+(?_MEM_Cpy)+02h
  7018  050C  3003               	movlw	(03h)
  7019  050D  00F7               	movwf	(??_REC_SpeedWorking+0)+0
  7020  050E  0877               	movf	(??_REC_SpeedWorking+0)+0,w
  7021  050F  00F5               	movwf	0+(?_MEM_Cpy)+04h
  7022  0510  3191  2114  3184   	fcall	_MEM_Cpy
  7023                           	line	422
  7024                           	
  7025  0513                     l18809:	
  7026                           ;Service.c: 422: if ( tmLvl.s < 30 )
  7027  0513  301E               	movlw	(01Eh)
  7028  0514  0020               	movlb 0	; select bank0
  7029  0515  024E               	subwf	(REC_SpeedWorking@tmLvl),w
  7030  0516  1803               	skipnc
  7031  0517  2D19               	goto	u6081
  7032  0518  2D1A               	goto	u6080
  7033  0519                     u6081:
  7034  0519  2D2C               	goto	l18813
  7035  051A                     u6080:
  7036                           	line	424
  7037                           	
  7038  051A                     l18811:	
  7039                           ;Service.c: 423: {
  7040                           ;Service.c: 424: H2M1S1_ADD( &totalSpeedWorkingTime[ level - 1 ], tmLvl.s );
  7041  051A  084E               	movf	(REC_SpeedWorking@tmLvl),w
  7042  051B  00F7               	movwf	(??_REC_SpeedWorking+0)+0
  7043  051C  0877               	movf	(??_REC_SpeedWorking+0)+0,w
  7044  051D  00F1               	movwf	(?_H2M1S1_ADD)
  7045  051E  0843               	movf	(REC_SpeedWorking@level),w
  7046  051F  00F8               	movwf	(??_REC_SpeedWorking+1)+0
  7047  0520  3001               	movlw	(02h)-1
  7048  0521                     u6095:
  7049  0521  35F8               	lslf	(??_REC_SpeedWorking+1)+0,f
  7050  0522  3EFF               	addlw	-1
  7051  0523  1D03               	skipz
  7052  0524  2D21               	goto	u6095
  7053  0525  3578               	lslf	(??_REC_SpeedWorking+1)+0,w
  7054  0526  3EFC               	addlw	0FCh
  7055  0527  3E40               	addlw	1088&0ffh
  7056  0528  3187  27AC  3184   	fcall	_H2M1S1_ADD
  7057                           	line	425
  7058                           ;Service.c: 425: }
  7059  052B  2D40               	goto	l18815
  7060                           	line	426
  7061                           	
  7062  052C                     l13204:	
  7063                           	line	428
  7064                           	
  7065  052C                     l18813:	
  7066                           ;Service.c: 426: else
  7067                           ;Service.c: 427: {
  7068                           ;Service.c: 428: H2M1S1_ADD( &totalSpeedWorkingTime[ level - 1 ], tmLvl.s - 30 );
  7069  052C  0020               	movlb 0	; select bank0
  7070  052D  084E               	movf	(REC_SpeedWorking@tmLvl),w
  7071  052E  3EE2               	addlw	0E2h
  7072  052F  00F7               	movwf	(??_REC_SpeedWorking+0)+0
  7073  0530  0877               	movf	(??_REC_SpeedWorking+0)+0,w
  7074  0531  00F1               	movwf	(?_H2M1S1_ADD)
  7075  0532  0843               	movf	(REC_SpeedWorking@level),w
  7076  0533  00F8               	movwf	(??_REC_SpeedWorking+1)+0
  7077  0534  3001               	movlw	(02h)-1
  7078  0535                     u6105:
  7079  0535  35F8               	lslf	(??_REC_SpeedWorking+1)+0,f
  7080  0536  3EFF               	addlw	-1
  7081  0537  1D03               	skipz
  7082  0538  2D35               	goto	u6105
  7083  0539  3578               	lslf	(??_REC_SpeedWorking+1)+0,w
  7084  053A  3EFC               	addlw	0FCh
  7085  053B  3E40               	addlw	1088&0ffh
  7086  053C  3187  27AC  3184   	fcall	_H2M1S1_ADD
  7087  053F  2D40               	goto	l18815
  7088                           	line	429
  7089                           	
  7090  0540                     l13205:	
  7091                           	line	430
  7092                           	
  7093  0540                     l18815:	
  7094                           ;Service.c: 429: }
  7095                           ;Service.c: 430: e2pWrFlags |= 0X01;
  7096  0540  0020               	movlb 0	; select bank0
  7097  0541  1448               	bsf	(_e2pWrFlags)+(0/8),(0)&7
  7098  0542  2D43               	goto	l18817
  7099                           	line	431
  7100                           	
  7101  0543                     l13203:	
  7102                           	line	432
  7103                           	
  7104  0543                     l18817:	
  7105                           ;Service.c: 431: }
  7106                           ;Service.c: 432: level = sysLevel;
  7107  0543  084B               	movf	(_sysLevel),w
  7108  0544  00F7               	movwf	(??_REC_SpeedWorking+0)+0
  7109  0545  0877               	movf	(??_REC_SpeedWorking+0)+0,w
  7110  0546  00C3               	movwf	(REC_SpeedWorking@level)
  7111                           	line	433
  7112                           	
  7113  0547                     l18819:	
  7114                           ;Service.c: 433: tmLvl.s = 3;
  7115  0547  3003               	movlw	(03h)
  7116  0548  00F7               	movwf	(??_REC_SpeedWorking+0)+0
  7117  0549  0877               	movf	(??_REC_SpeedWorking+0)+0,w
  7118  054A  00CE               	movwf	(REC_SpeedWorking@tmLvl)
  7119                           	line	434
  7120                           	
  7121  054B                     l18821:	
  7122                           ;Service.c: 434: tmLvl.m = 0;
  7123  054B  01CF               	clrf	0+(REC_SpeedWorking@tmLvl)+01h
  7124                           	line	435
  7125                           	
  7126  054C                     l18823:	
  7127                           ;Service.c: 435: tmLvl.h = 0;
  7128  054C  01D0               	clrf	0+(REC_SpeedWorking@tmLvl)+02h
  7129                           	line	436
  7130                           	
  7131  054D                     l18825:	
  7132                           ;Service.c: 436: if ( level && level < 8 )
  7133  054D  0843               	movf	(REC_SpeedWorking@level),w
  7134  054E  1D03               	skipz
  7135  054F  2D51               	goto	u6110
  7136  0550  2E56               	goto	l13213
  7137  0551                     u6110:
  7138                           	
  7139  0551                     l18827:	
  7140  0551  3008               	movlw	(08h)
  7141  0552  0243               	subwf	(REC_SpeedWorking@level),w
  7142  0553  1803               	skipnc
  7143  0554  2D56               	goto	u6121
  7144  0555  2D57               	goto	u6120
  7145  0556                     u6121:
  7146  0556  2E56               	goto	l13213
  7147  0557                     u6120:
  7148                           	line	438
  7149                           	
  7150  0557                     l18829:	
  7151                           ;Service.c: 437: {
  7152                           ;Service.c: 438: lastSpeedSetting[ 6 ] = lastSpeedSetting[ 5 ];
  7153  0557  0028               	movlb 8	; select bank8
  7154  0558  0825               	movf	0+(1056)^0400h+05h,w
  7155  0559  00F7               	movwf	(??_REC_SpeedWorking+0)+0
  7156  055A  0877               	movf	(??_REC_SpeedWorking+0)+0,w
  7157  055B  00A6               	movwf	0+(1056)^0400h+06h
  7158                           	line	439
  7159                           ;Service.c: 439: lastSpeedSetting[ 5 ] = lastSpeedSetting[ 4 ];
  7160  055C  0824               	movf	0+(1056)^0400h+04h,w
  7161  055D  00F7               	movwf	(??_REC_SpeedWorking+0)+0
  7162  055E  0877               	movf	(??_REC_SpeedWorking+0)+0,w
  7163  055F  00A5               	movwf	0+(1056)^0400h+05h
  7164                           	line	440
  7165                           ;Service.c: 440: lastSpeedSetting[ 4 ] = lastSpeedSetting[ 3 ];
  7166  0560  0823               	movf	0+(1056)^0400h+03h,w
  7167  0561  00F7               	movwf	(??_REC_SpeedWorking+0)+0
  7168  0562  0877               	movf	(??_REC_SpeedWorking+0)+0,w
  7169  0563  00A4               	movwf	0+(1056)^0400h+04h
  7170                           	line	441
  7171                           ;Service.c: 441: lastSpeedSetting[ 3 ] = lastSpeedSetting[ 2 ];
  7172  0564  0822               	movf	0+(1056)^0400h+02h,w
  7173  0565  00F7               	movwf	(??_REC_SpeedWorking+0)+0
  7174  0566  0877               	movf	(??_REC_SpeedWorking+0)+0,w
  7175  0567  00A3               	movwf	0+(1056)^0400h+03h
  7176                           	line	442
  7177                           ;Service.c: 442: lastSpeedSetting[ 2 ] = lastSpeedSetting[ 1 ];
  7178  0568  0821               	movf	0+(1056)^0400h+01h,w
  7179  0569  00F7               	movwf	(??_REC_SpeedWorking+0)+0
  7180  056A  0877               	movf	(??_REC_SpeedWorking+0)+0,w
  7181  056B  00A2               	movwf	0+(1056)^0400h+02h
  7182                           	line	443
  7183                           ;Service.c: 443: lastSpeedSetting[ 1 ] = lastSpeedSetting[ 0 ];
  7184  056C  0820               	movf	(1056)^0400h,w
  7185  056D  00F7               	movwf	(??_REC_SpeedWorking+0)+0
  7186  056E  0877               	movf	(??_REC_SpeedWorking+0)+0,w
  7187  056F  00A1               	movwf	0+(1056)^0400h+01h
  7188                           	line	444
  7189                           	
  7190  0570                     l18831:	
  7191                           ;Service.c: 444: lastSpeedSetting[ 0 ] = 0XF0 + level;
  7192  0570  0020               	movlb 0	; select bank0
  7193  0571  0843               	movf	(REC_SpeedWorking@level),w
  7194  0572  3EF0               	addlw	0F0h
  7195  0573  00F7               	movwf	(??_REC_SpeedWorking+0)+0
  7196  0574  0877               	movf	(??_REC_SpeedWorking+0)+0,w
  7197  0575  0028               	movlb 8	; select bank8
  7198  0576  00A0               	movwf	(1056)^0400h
  7199                           	line	445
  7200                           	
  7201  0577                     l18833:	
  7202                           ;Service.c: 445: MEM_Cpy( ( U8* )&lastSpeedWorkingTime[ 6 ], ( U8* )&lastSpeedWorkingTim
                                 e[ 5 ], sizeof( H1M1S1 ) );
  7203  0577  303A               	movlw	(1064+012h&0ffh)
  7204  0578  00F1               	movwf	(?_MEM_Cpy)
  7205  0579  3004               	movlw	0x8/2
  7206  057A  00F2               	movwf	(?_MEM_Cpy+1)
  7207  057B  3037               	movlw	(1064+0Fh&0ffh)
  7208  057C  00F3               	movwf	0+(?_MEM_Cpy)+02h
  7209  057D  3004               	movlw	0x8/2
  7210  057E  00F4               	movwf	1+(?_MEM_Cpy)+02h
  7211  057F  3003               	movlw	(03h)
  7212  0580  00F7               	movwf	(??_REC_SpeedWorking+0)+0
  7213  0581  0877               	movf	(??_REC_SpeedWorking+0)+0,w
  7214  0582  00F5               	movwf	0+(?_MEM_Cpy)+04h
  7215  0583  3191  2114  3184   	fcall	_MEM_Cpy
  7216                           	line	446
  7217                           	
  7218  0586                     l18835:	
  7219                           ;Service.c: 446: MEM_Cpy( ( U8* )&lastSpeedWorkingTime[ 5 ], ( U8* )&lastSpeedWorkingTim
                                 e[ 4 ], sizeof( H1M1S1 ) );
  7220  0586  3037               	movlw	(1064+0Fh&0ffh)
  7221  0587  00F1               	movwf	(?_MEM_Cpy)
  7222  0588  3004               	movlw	0x8/2
  7223  0589  00F2               	movwf	(?_MEM_Cpy+1)
  7224  058A  3034               	movlw	(1064+0Ch&0ffh)
  7225  058B  00F3               	movwf	0+(?_MEM_Cpy)+02h
  7226  058C  3004               	movlw	0x8/2
  7227  058D  00F4               	movwf	1+(?_MEM_Cpy)+02h
  7228  058E  3003               	movlw	(03h)
  7229  058F  00F7               	movwf	(??_REC_SpeedWorking+0)+0
  7230  0590  0877               	movf	(??_REC_SpeedWorking+0)+0,w
  7231  0591  00F5               	movwf	0+(?_MEM_Cpy)+04h
  7232  0592  3191  2114  3184   	fcall	_MEM_Cpy
  7233                           	line	447
  7234                           	
  7235  0595                     l18837:	
  7236                           ;Service.c: 447: MEM_Cpy( ( U8* )&lastSpeedWorkingTime[ 4 ], ( U8* )&lastSpeedWorkingTim
                                 e[ 3 ], sizeof( H1M1S1 ) );
  7237  0595  3034               	movlw	(1064+0Ch&0ffh)
  7238  0596  00F1               	movwf	(?_MEM_Cpy)
  7239  0597  3004               	movlw	0x8/2
  7240  0598  00F2               	movwf	(?_MEM_Cpy+1)
  7241  0599  3031               	movlw	(1064+09h&0ffh)
  7242  059A  00F3               	movwf	0+(?_MEM_Cpy)+02h
  7243  059B  3004               	movlw	0x8/2
  7244  059C  00F4               	movwf	1+(?_MEM_Cpy)+02h
  7245  059D  3003               	movlw	(03h)
  7246  059E  00F7               	movwf	(??_REC_SpeedWorking+0)+0
  7247  059F  0877               	movf	(??_REC_SpeedWorking+0)+0,w
  7248  05A0  00F5               	movwf	0+(?_MEM_Cpy)+04h
  7249  05A1  3191  2114  3184   	fcall	_MEM_Cpy
  7250                           	line	448
  7251                           	
  7252  05A4                     l18839:	
  7253                           ;Service.c: 448: MEM_Cpy( ( U8* )&lastSpeedWorkingTime[ 3 ], ( U8* )&lastSpeedWorkingTim
                                 e[ 2 ], sizeof( H1M1S1 ) );
  7254  05A4  3031               	movlw	(1064+09h&0ffh)
  7255  05A5  00F1               	movwf	(?_MEM_Cpy)
  7256  05A6  3004               	movlw	0x8/2
  7257  05A7  00F2               	movwf	(?_MEM_Cpy+1)
  7258  05A8  302E               	movlw	(1064+06h&0ffh)
  7259  05A9  00F3               	movwf	0+(?_MEM_Cpy)+02h
  7260  05AA  3004               	movlw	0x8/2
  7261  05AB  00F4               	movwf	1+(?_MEM_Cpy)+02h
  7262  05AC  3003               	movlw	(03h)
  7263  05AD  00F7               	movwf	(??_REC_SpeedWorking+0)+0
  7264  05AE  0877               	movf	(??_REC_SpeedWorking+0)+0,w
  7265  05AF  00F5               	movwf	0+(?_MEM_Cpy)+04h
  7266  05B0  3191  2114  3184   	fcall	_MEM_Cpy
  7267                           	line	449
  7268                           	
  7269  05B3                     l18841:	
  7270                           ;Service.c: 449: MEM_Cpy( ( U8* )&lastSpeedWorkingTime[ 2 ], ( U8* )&lastSpeedWorkingTim
                                 e[ 1 ], sizeof( H1M1S1 ) );
  7271  05B3  302E               	movlw	(1064+06h&0ffh)
  7272  05B4  00F1               	movwf	(?_MEM_Cpy)
  7273  05B5  3004               	movlw	0x8/2
  7274  05B6  00F2               	movwf	(?_MEM_Cpy+1)
  7275  05B7  302B               	movlw	(1064+03h&0ffh)
  7276  05B8  00F3               	movwf	0+(?_MEM_Cpy)+02h
  7277  05B9  3004               	movlw	0x8/2
  7278  05BA  00F4               	movwf	1+(?_MEM_Cpy)+02h
  7279  05BB  3003               	movlw	(03h)
  7280  05BC  00F7               	movwf	(??_REC_SpeedWorking+0)+0
  7281  05BD  0877               	movf	(??_REC_SpeedWorking+0)+0,w
  7282  05BE  00F5               	movwf	0+(?_MEM_Cpy)+04h
  7283  05BF  3191  2114  3184   	fcall	_MEM_Cpy
  7284                           	line	450
  7285                           	
  7286  05C2                     l18843:	
  7287                           ;Service.c: 450: MEM_Cpy( ( U8* )&lastSpeedWorkingTime[ 1 ], ( U8* )&lastSpeedWorkingTim
                                 e[ 0 ], sizeof( H1M1S1 ) );
  7288  05C2  302B               	movlw	(1064+03h&0ffh)
  7289  05C3  00F1               	movwf	(?_MEM_Cpy)
  7290  05C4  3004               	movlw	0x8/2
  7291  05C5  00F2               	movwf	(?_MEM_Cpy+1)
  7292  05C6  3028               	movlw	(1064&0ffh)
  7293  05C7  00F3               	movwf	0+(?_MEM_Cpy)+02h
  7294  05C8  3004               	movlw	0x8/2
  7295  05C9  00F4               	movwf	1+(?_MEM_Cpy)+02h
  7296  05CA  3003               	movlw	(03h)
  7297  05CB  00F7               	movwf	(??_REC_SpeedWorking+0)+0
  7298  05CC  0877               	movf	(??_REC_SpeedWorking+0)+0,w
  7299  05CD  00F5               	movwf	0+(?_MEM_Cpy)+04h
  7300  05CE  3191  2114  3184   	fcall	_MEM_Cpy
  7301                           	line	451
  7302                           	
  7303  05D1                     l18845:	
  7304                           ;Service.c: 451: MEM_Cpy( ( U8* )&lastSpeedWorkingTime[ 0 ], ( U8* )&tmLvl, sizeof( H1M1
                                 S1 ) );
  7305  05D1  3028               	movlw	(1064&0ffh)
  7306  05D2  00F1               	movwf	(?_MEM_Cpy)
  7307  05D3  3004               	movlw	0x8/2
  7308  05D4  00F2               	movwf	(?_MEM_Cpy+1)
  7309  05D5  304E               	movlw	(REC_SpeedWorking@tmLvl&0ffh)
  7310  05D6  00F3               	movwf	0+(?_MEM_Cpy)+02h
  7311  05D7  3000               	movlw	0x0/2
  7312  05D8  00F4               	movwf	1+(?_MEM_Cpy)+02h
  7313  05D9  3003               	movlw	(03h)
  7314  05DA  00F7               	movwf	(??_REC_SpeedWorking+0)+0
  7315  05DB  0877               	movf	(??_REC_SpeedWorking+0)+0,w
  7316  05DC  00F5               	movwf	0+(?_MEM_Cpy)+04h
  7317  05DD  3191  2114  3184   	fcall	_MEM_Cpy
  7318                           	line	452
  7319                           	
  7320  05E0                     l18847:	
  7321                           ;Service.c: 452: H2M1S1_ADD( &totalSpeedWorkingTime[ level - 1 ], 3 );
  7322  05E0  3003               	movlw	(03h)
  7323  05E1  00F7               	movwf	(??_REC_SpeedWorking+0)+0
  7324  05E2  0877               	movf	(??_REC_SpeedWorking+0)+0,w
  7325  05E3  00F1               	movwf	(?_H2M1S1_ADD)
  7326  05E4  0020               	movlb 0	; select bank0
  7327  05E5  0843               	movf	(REC_SpeedWorking@level),w
  7328  05E6  00F8               	movwf	(??_REC_SpeedWorking+1)+0
  7329  05E7  3001               	movlw	(02h)-1
  7330  05E8                     u6135:
  7331  05E8  35F8               	lslf	(??_REC_SpeedWorking+1)+0,f
  7332  05E9  3EFF               	addlw	-1
  7333  05EA  1D03               	skipz
  7334  05EB  2DE8               	goto	u6135
  7335  05EC  3578               	lslf	(??_REC_SpeedWorking+1)+0,w
  7336  05ED  3EFC               	addlw	0FCh
  7337  05EE  3E40               	addlw	1088&0ffh
  7338  05EF  3187  27AC  3184   	fcall	_H2M1S1_ADD
  7339                           	line	453
  7340                           	
  7341  05F2                     l18849:	
  7342                           ;Service.c: 453: e2pWrFlags |= 0X01;
  7343  05F2  0020               	movlb 0	; select bank0
  7344  05F3  1448               	bsf	(_e2pWrFlags)+(0/8),(0)&7
  7345  05F4  2E56               	goto	l13213
  7346                           	line	454
  7347                           	
  7348  05F5                     l13206:	
  7349                           	line	455
  7350                           ;Service.c: 454: }
  7351                           ;Service.c: 455: }
  7352  05F5  2E56               	goto	l13213
  7353                           	line	456
  7354                           	
  7355  05F6                     l13202:	
  7356                           	line	458
  7357                           	
  7358  05F6                     l18851:	
  7359                           ;Service.c: 456: else
  7360                           ;Service.c: 457: {
  7361                           ;Service.c: 458: if ( level && level < 8 && ( tmLvl.s == 0 || tmLvl.s == 30 ) )
  7362  05F6  0843               	movf	(REC_SpeedWorking@level),w
  7363  05F7  1D03               	skipz
  7364  05F8  2DFA               	goto	u6140
  7365  05F9  2E56               	goto	l13213
  7366  05FA                     u6140:
  7367                           	
  7368  05FA                     l18853:	
  7369  05FA  3008               	movlw	(08h)
  7370  05FB  0243               	subwf	(REC_SpeedWorking@level),w
  7371  05FC  1803               	skipnc
  7372  05FD  2DFF               	goto	u6151
  7373  05FE  2E00               	goto	u6150
  7374  05FF                     u6151:
  7375  05FF  2E56               	goto	l13213
  7376  0600                     u6150:
  7377                           	
  7378  0600                     l18855:	
  7379  0600  084E               	movf	(REC_SpeedWorking@tmLvl),w
  7380  0601  1D03               	skipz
  7381  0602  2E04               	goto	u6160
  7382  0603  2E0B               	goto	l18859
  7383  0604                     u6160:
  7384                           	
  7385  0604                     l18857:	
  7386  0604  084E               	movf	(REC_SpeedWorking@tmLvl),w
  7387  0605  3A1E               	xorlw	01Eh&0ffh
  7388  0606  1D03               	skipz
  7389  0607  2E09               	goto	u6171
  7390  0608  2E0A               	goto	u6170
  7391  0609                     u6171:
  7392  0609  2E56               	goto	l13213
  7393  060A                     u6170:
  7394  060A  2E0B               	goto	l18859
  7395                           	
  7396  060B                     l13210:	
  7397                           	line	460
  7398                           	
  7399  060B                     l18859:	
  7400                           ;Service.c: 459: {
  7401                           ;Service.c: 460: MEM_Cpy( ( U8* )&lastSpeedWorkingTime[ 0 ], ( U8* )&tmLvl, sizeof( H1M1
                                 S1 ) );
  7402  060B  3028               	movlw	(1064&0ffh)
  7403  060C  00F1               	movwf	(?_MEM_Cpy)
  7404  060D  3004               	movlw	0x8/2
  7405  060E  00F2               	movwf	(?_MEM_Cpy+1)
  7406  060F  304E               	movlw	(REC_SpeedWorking@tmLvl&0ffh)
  7407  0610  00F3               	movwf	0+(?_MEM_Cpy)+02h
  7408  0611  3000               	movlw	0x0/2
  7409  0612  00F4               	movwf	1+(?_MEM_Cpy)+02h
  7410  0613  3003               	movlw	(03h)
  7411  0614  00F7               	movwf	(??_REC_SpeedWorking+0)+0
  7412  0615  0877               	movf	(??_REC_SpeedWorking+0)+0,w
  7413  0616  00F5               	movwf	0+(?_MEM_Cpy)+04h
  7414  0617  3191  2114  3184   	fcall	_MEM_Cpy
  7415                           	line	461
  7416                           	
  7417  061A                     l18861:	
  7418                           ;Service.c: 461: if ( tmLvl.h == 0 && tmLvl.m == 0 && tmLvl.s == 30 )
  7419  061A  0020               	movlb 0	; select bank0
  7420  061B  08D0               	movf	0+(REC_SpeedWorking@tmLvl)+02h,f
  7421  061C  1D03               	skipz
  7422  061D  2E1F               	goto	u6181
  7423  061E  2E20               	goto	u6180
  7424  061F                     u6181:
  7425  061F  2E3D               	goto	l18869
  7426  0620                     u6180:
  7427                           	
  7428  0620                     l18863:	
  7429  0620  08CF               	movf	0+(REC_SpeedWorking@tmLvl)+01h,f
  7430  0621  1D03               	skipz
  7431  0622  2E24               	goto	u6191
  7432  0623  2E25               	goto	u6190
  7433  0624                     u6191:
  7434  0624  2E3D               	goto	l18869
  7435  0625                     u6190:
  7436                           	
  7437  0625                     l18865:	
  7438  0625  084E               	movf	(REC_SpeedWorking@tmLvl),w
  7439  0626  3A1E               	xorlw	01Eh&0ffh
  7440  0627  1D03               	skipz
  7441  0628  2E2A               	goto	u6201
  7442  0629  2E2B               	goto	u6200
  7443  062A                     u6201:
  7444  062A  2E3D               	goto	l18869
  7445  062B                     u6200:
  7446                           	line	463
  7447                           	
  7448  062B                     l18867:	
  7449                           ;Service.c: 462: {
  7450                           ;Service.c: 463: H2M1S1_ADD( &totalSpeedWorkingTime[ level - 1 ], 27 );
  7451  062B  301B               	movlw	(01Bh)
  7452  062C  00F7               	movwf	(??_REC_SpeedWorking+0)+0
  7453  062D  0877               	movf	(??_REC_SpeedWorking+0)+0,w
  7454  062E  00F1               	movwf	(?_H2M1S1_ADD)
  7455  062F  0843               	movf	(REC_SpeedWorking@level),w
  7456  0630  00F8               	movwf	(??_REC_SpeedWorking+1)+0
  7457  0631  3001               	movlw	(02h)-1
  7458  0632                     u6215:
  7459  0632  35F8               	lslf	(??_REC_SpeedWorking+1)+0,f
  7460  0633  3EFF               	addlw	-1
  7461  0634  1D03               	skipz
  7462  0635  2E32               	goto	u6215
  7463  0636  3578               	lslf	(??_REC_SpeedWorking+1)+0,w
  7464  0637  3EFC               	addlw	0FCh
  7465  0638  3E40               	addlw	1088&0ffh
  7466  0639  3187  27AC  3184   	fcall	_H2M1S1_ADD
  7467                           	line	464
  7468                           ;Service.c: 464: }
  7469  063C  2E50               	goto	l18871
  7470                           	line	465
  7471                           	
  7472  063D                     l13211:	
  7473                           	line	467
  7474                           	
  7475  063D                     l18869:	
  7476                           ;Service.c: 465: else
  7477                           ;Service.c: 466: {
  7478                           ;Service.c: 467: H2M1S1_ADD( &totalSpeedWorkingTime[ level - 1 ], 30 );
  7479  063D  301E               	movlw	(01Eh)
  7480  063E  00F7               	movwf	(??_REC_SpeedWorking+0)+0
  7481  063F  0877               	movf	(??_REC_SpeedWorking+0)+0,w
  7482  0640  00F1               	movwf	(?_H2M1S1_ADD)
  7483  0641  0020               	movlb 0	; select bank0
  7484  0642  0843               	movf	(REC_SpeedWorking@level),w
  7485  0643  00F8               	movwf	(??_REC_SpeedWorking+1)+0
  7486  0644  3001               	movlw	(02h)-1
  7487  0645                     u6225:
  7488  0645  35F8               	lslf	(??_REC_SpeedWorking+1)+0,f
  7489  0646  3EFF               	addlw	-1
  7490  0647  1D03               	skipz
  7491  0648  2E45               	goto	u6225
  7492  0649  3578               	lslf	(??_REC_SpeedWorking+1)+0,w
  7493  064A  3EFC               	addlw	0FCh
  7494  064B  3E40               	addlw	1088&0ffh
  7495  064C  3187  27AC  3184   	fcall	_H2M1S1_ADD
  7496  064F  2E50               	goto	l18871
  7497                           	line	468
  7498                           	
  7499  0650                     l13212:	
  7500                           	line	469
  7501                           	
  7502  0650                     l18871:	
  7503                           ;Service.c: 468: }
  7504                           ;Service.c: 469: e2pWrFlags |= 0X01;
  7505  0650  0020               	movlb 0	; select bank0
  7506  0651  1448               	bsf	(_e2pWrFlags)+(0/8),(0)&7
  7507  0652  2E56               	goto	l13213
  7508                           	line	470
  7509                           	
  7510  0653                     l13208:	
  7511  0653  2E56               	goto	l13213
  7512                           	line	471
  7513                           	
  7514  0654                     l13207:	
  7515  0654  2E56               	goto	l13213
  7516                           	
  7517  0655                     l13201:	
  7518  0655  2E56               	goto	l13213
  7519                           	
  7520  0656                     l13199:	
  7521                           	line	472
  7522                           	
  7523  0656                     l13213:	
  7524  0656  0008               	return
  7525                           	opt stack 0
  7526                           GLOBAL	__end_of_REC_SpeedWorking
  7527  0657                     	__end_of_REC_SpeedWorking:
  7528 ;; =============== function _REC_SpeedWorking ends ============
  7529                           
  7530                           	signat	_REC_SpeedWorking,88
  7531                           	global	_SVC_Timer
  7532                           psect	text983,local,class=CODE,delta=2
  7533                           global __ptext983
  7534  12C1                     __ptext983:
  7535                           
  7536 ;; *************** function _SVC_Timer *****************
  7537 ;; Defined at:
  7538 ;;		line 382 in file "D:\project\baratheon-winnie\baratheon\Service.c"
  7539 ;; Parameters:    Size  Location     Type
  7540 ;;		None
  7541 ;; Auto vars:     Size  Location     Type
  7542 ;;		None
  7543 ;; Return value:  Size  Location     Type
  7544 ;;                  1    wreg      unsigned char 
  7545 ;; Registers used:
  7546 ;;		wreg, fsr1l, fsr1h, status,2, status,0, pclath, cstack
  7547 ;; Tracked objects:
  7548 ;;		On entry : 0/0
  7549 ;;		On exit  : 0/0
  7550 ;;		Unchanged: 0/0
  7551 ;; Data sizes:     COMMON   BANK0   BANK1   BANK2   BANK3   BANK4   BANK5   BANK7 BANK8hh BANK8hl  BANK8l BANK9hh BANK9h
       l  BANK9l BANK10h BANK10l  BANK11  BANK12
  7552 ;;      Params:         0       0       0       0       0       0       0       0       0       0       0       0       
       0       0       0       0       0       0
  7553 ;;      Locals:         0       0       0       0       0       0       0       0       0       0       0       0       
       0       0       0       0       0       0
  7554 ;;      Temps:          1       0       0       0       0       0       0       0       0       0       0       0       
       0       0       0       0       0       0
  7555 ;;      Totals:         1       0       0       0       0       0       0       0       0       0       0       0       
       0       0       0       0       0       0
  7556 ;;Total ram usage:        1 bytes
  7557 ;; Hardware stack levels used:    1
  7558 ;; Hardware stack levels required when called:    2
  7559 ;; This function calls:
  7560 ;;		_H3M1_ADD
  7561 ;;		_MEM_Cpy
  7562 ;; This function is called by:
  7563 ;;		_SVC_Ctrl
  7564 ;; This function uses a non-reentrant model
  7565 ;;
  7566                           psect	text983
  7567                           	file	"D:\project\baratheon-winnie\baratheon\Service.c"
  7568                           	line	382
  7569                           	global	__size_of_SVC_Timer
  7570  0044                     	__size_of_SVC_Timer	equ	__end_of_SVC_Timer-_SVC_Timer
  7571                           	
  7572  12C1                     _SVC_Timer:	
  7573                           	opt	stack 12
  7574                           ; Regs used in _SVC_Timer: [wreg+fsr1l-status,0+pclath+cstack]
  7575                           	line	384
  7576                           	
  7577  12C1                     l18767:	
  7578                           ;Service.c: 383: static  U8 tmSEC = 0;
  7579                           ;Service.c: 384: if ( ++tmSEC >= 100 )
  7580  12C1  3001               	movlw	(01h)
  7581  12C2  00F7               	movwf	(??_SVC_Timer+0)+0
  7582  12C3  0877               	movf	(??_SVC_Timer+0)+0,w
  7583  12C4  0020               	movlb 0	; select bank0
  7584  12C5  07C7               	addwf	(SVC_Timer@tmSEC),f
  7585  12C6  3064               	movlw	(064h)
  7586  12C7  0247               	subwf	((SVC_Timer@tmSEC)),w
  7587  12C8  1C03               	skipc
  7588  12C9  2ACB               	goto	u6011
  7589  12CA  2ACC               	goto	u6010
  7590  12CB                     u6011:
  7591  12CB  2B02               	goto	l18783
  7592  12CC                     u6010:
  7593                           	line	386
  7594                           	
  7595  12CC                     l18769:	
  7596                           ;Service.c: 385: {
  7597                           ;Service.c: 386: tmSEC = 0;
  7598  12CC  01C7               	clrf	(SVC_Timer@tmSEC)
  7599                           	line	387
  7600                           	
  7601  12CD                     l18771:	
  7602                           ;Service.c: 387: if ( ++powerOnTime.s >= 60 )
  7603  12CD  3001               	movlw	(01h)
  7604  12CE  00F7               	movwf	(??_SVC_Timer+0)+0
  7605  12CF  0877               	movf	(??_SVC_Timer+0)+0,w
  7606  12D0  0021               	movlb 1	; select bank1
  7607  12D1  07DE               	addwf	(_powerOnTime)^080h,f
  7608  12D2  303C               	movlw	(03Ch)
  7609  12D3  025E               	subwf	((_powerOnTime)^080h),w
  7610  12D4  1C03               	skipc
  7611  12D5  2AD7               	goto	u6021
  7612  12D6  2AD8               	goto	u6020
  7613  12D7                     u6021:
  7614  12D7  2AFF               	goto	l18779
  7615  12D8                     u6020:
  7616                           	line	389
  7617                           	
  7618  12D8                     l18773:	
  7619                           ;Service.c: 388: {
  7620                           ;Service.c: 389: powerOnTime.s = 0;
  7621  12D8  01DE               	clrf	(_powerOnTime)^080h
  7622                           	line	390
  7623                           	
  7624  12D9                     l18775:	
  7625                           ;Service.c: 390: H3M1_ADD( &powerOnTime.h3m1, 1 );
  7626  12D9  30DF               	movlw	(_powerOnTime+01h&0ffh)
  7627  12DA  00F1               	movwf	(?_H3M1_ADD)
  7628  12DB  3000               	movlw	0x1/2
  7629  12DC  00F2               	movwf	(?_H3M1_ADD+1)
  7630  12DD  01F3               	clrf	0+(?_H3M1_ADD)+02h
  7631  12DE  1403               	bsf	status,0
  7632  12DF  0DF3               	rlf	0+(?_H3M1_ADD)+02h,f
  7633  12E0  3194  2450  3192   	fcall	_H3M1_ADD
  7634                           	line	391
  7635                           ;Service.c: 391: H3M1_ADD( &totalPowerOnTime, 1 );
  7636  12E3  30A0               	movlw	(1440&0ffh)
  7637  12E4  00F1               	movwf	(?_H3M1_ADD)
  7638  12E5  3005               	movlw	0xB/2
  7639  12E6  00F2               	movwf	(?_H3M1_ADD+1)
  7640  12E7  01F3               	clrf	0+(?_H3M1_ADD)+02h
  7641  12E8  1403               	bsf	status,0
  7642  12E9  0DF3               	rlf	0+(?_H3M1_ADD)+02h,f
  7643  12EA  3194  2450  3192   	fcall	_H3M1_ADD
  7644                           	line	392
  7645                           ;Service.c: 392: MEM_Cpy( ( U8* )&totalWorkingTime, ( U8* )&totalPowerOnTime, sizeof( H3
                                 M1 ) );
  7646  12ED  30A8               	movlw	(1448&0ffh)
  7647  12EE  00F1               	movwf	(?_MEM_Cpy)
  7648  12EF  3005               	movlw	0xB/2
  7649  12F0  00F2               	movwf	(?_MEM_Cpy+1)
  7650  12F1  30A0               	movlw	(1440&0ffh)
  7651  12F2  00F3               	movwf	0+(?_MEM_Cpy)+02h
  7652  12F3  3005               	movlw	0xB/2
  7653  12F4  00F4               	movwf	1+(?_MEM_Cpy)+02h
  7654  12F5  3004               	movlw	(04h)
  7655  12F6  00F7               	movwf	(??_SVC_Timer+0)+0
  7656  12F7  0877               	movf	(??_SVC_Timer+0)+0,w
  7657  12F8  00F5               	movwf	0+(?_MEM_Cpy)+04h
  7658  12F9  3191  2114  3192   	fcall	_MEM_Cpy
  7659                           	line	393
  7660                           	
  7661  12FC                     l18777:	
  7662                           ;Service.c: 393: e2pWrFlags |= 0X10;
  7663  12FC  0020               	movlb 0	; select bank0
  7664  12FD  1648               	bsf	(_e2pWrFlags)+(4/8),(4)&7
  7665  12FE  2AFF               	goto	l18779
  7666                           	line	394
  7667                           	
  7668  12FF                     l13186:	
  7669                           	line	395
  7670                           	
  7671  12FF                     l18779:	
  7672                           ;Service.c: 394: }
  7673                           ;Service.c: 395: return 1;
  7674  12FF  3001               	movlw	(01h)
  7675  1300  2B04               	goto	l13187
  7676                           	
  7677  1301                     l18781:	
  7678  1301  2B04               	goto	l13187
  7679                           	line	396
  7680                           	
  7681  1302                     l13185:	
  7682                           	line	397
  7683                           	
  7684  1302                     l18783:	
  7685                           ;Service.c: 396: }
  7686                           ;Service.c: 397: return 0;
  7687  1302  3000               	movlw	(0)
  7688  1303  2B04               	goto	l13187
  7689                           	
  7690  1304                     l18785:	
  7691                           	line	398
  7692                           	
  7693  1304                     l13187:	
  7694  1304  0008               	return
  7695                           	opt stack 0
  7696                           GLOBAL	__end_of_SVC_Timer
  7697  1305                     	__end_of_SVC_Timer:
  7698 ;; =============== function _SVC_Timer ends ============
  7699                           
  7700                           	signat	_SVC_Timer,89
  7701                           	global	_E2P_WR
  7702                           psect	text984,local,class=CODE,delta=2
  7703                           global __ptext984
  7704  1214                     __ptext984:
  7705                           
  7706 ;; *************** function _E2P_WR *****************
  7707 ;; Defined at:
  7708 ;;		line 167 in file "D:\project\baratheon-winnie\baratheon\Service.c"
  7709 ;; Parameters:    Size  Location     Type
  7710 ;;  addr            1    wreg     unsigned char 
  7711 ;;  p               2    3[COMMON] PTR unsigned char 
  7712 ;;		 -> tuneValue(1), totalInterlockOpenCount(2), totalNoInterlockTime(4), totalKeyPressedCount(18), 
  7713 ;;		 -> totalAutoPressedCount(2), keyWorkingTime(36), autoWorkingTime(4), totalWorkingTime(4), 
  7714 ;;		 -> totalStandbyTime(4), totalPowerOnTime(4), lastUseMaxMotorTemp(7), maxMotorHistoryTemp(1), 
  7715 ;;		 -> maxMcuTemp(7), faultTimeStamp(28), faultTotalCount(9), faultCode(7), 
  7716 ;;		 -> lastUseReadyTime(14), lastUseAvePower(7), lastUseMaxPower(7), totalSpeedWorkingTime(28), 
  7717 ;;		 -> lastSpeedWorkingTime(21), lastSpeedSetting(7), 
  7718 ;;  n               1    5[COMMON] unsigned char 
  7719 ;; Auto vars:     Size  Location     Type
  7720 ;;  addr            1    7[COMMON] unsigned char 
  7721 ;; Return value:  Size  Location     Type
  7722 ;;                  1    wreg      unsigned char 
  7723 ;; Registers used:
  7724 ;;		wreg, fsr1l, fsr1h, status,2, status,0, pclath, cstack
  7725 ;; Tracked objects:
  7726 ;;		On entry : 0/0
  7727 ;;		On exit  : 0/0
  7728 ;;		Unchanged: 0/0
  7729 ;; Data sizes:     COMMON   BANK0   BANK1   BANK2   BANK3   BANK4   BANK5   BANK7 BANK8hh BANK8hl  BANK8l BANK9hh BANK9h
       l  BANK9l BANK10h BANK10l  BANK11  BANK12
  7730 ;;      Params:         3       0       0       0       0       0       0       0       0       0       0       0       
       0       0       0       0       0       0
  7731 ;;      Locals:         1       0       0       0       0       0       0       0       0       0       0       0       
       0       0       0       0       0       0
  7732 ;;      Temps:          1       0       0       0       0       0       0       0       0       0       0       0       
       0       0       0       0       0       0
  7733 ;;      Totals:         5       0       0       0       0       0       0       0       0       0       0       0       
       0       0       0       0       0       0
  7734 ;;Total ram usage:        5 bytes
  7735 ;; Hardware stack levels used:    1
  7736 ;; Hardware stack levels required when called:    2
  7737 ;; This function calls:
  7738 ;;		_E2P_ReadByte
  7739 ;;		_E2P_WriteByte
  7740 ;; This function is called by:
  7741 ;;		_SVC_Ctrl
  7742 ;; This function uses a non-reentrant model
  7743 ;;
  7744                           psect	text984
  7745                           	file	"D:\project\baratheon-winnie\baratheon\Service.c"
  7746                           	line	167
  7747                           	global	__size_of_E2P_WR
  7748  0038                     	__size_of_E2P_WR	equ	__end_of_E2P_WR-_E2P_WR
  7749                           	
  7750  1214                     _E2P_WR:	
  7751                           	opt	stack 12
  7752                           ; Regs used in _E2P_WR: [wreg+fsr1l-status,0+pclath+cstack]
  7753                           ;E2P_WR@addr stored from wreg
  7754  1214  00F7               	movwf	(E2P_WR@addr)
  7755                           	line	168
  7756                           	
  7757  1215                     l18743:	
  7758                           ;Service.c: 168: while ( n )
  7759  1215  2A3C               	goto	l18755
  7760                           	
  7761  1216                     l13107:	
  7762                           	line	170
  7763                           	
  7764  1216                     l18745:	
  7765                           ;Service.c: 169: {
  7766                           ;Service.c: 170: n--;
  7767  1216  3001               	movlw	low(01h)
  7768  1217  02F5               	subwf	(E2P_WR@n),f
  7769                           	line	171
  7770                           	
  7771  1218                     l18747:	
  7772                           ;Service.c: 171: if ( *p == E2P_ReadByte( addr ) )
  7773  1218  0873               	movf	(E2P_WR@p),w
  7774  1219  0086               	movwf	fsr1l
  7775  121A  0874               	movf	(E2P_WR@p+1),w
  7776  121B  0087               	movwf	fsr1h
  7777                           
  7778  121C  0877               	movf	(E2P_WR@addr),w
  7779  121D  319C  2480  3192   	fcall	_E2P_ReadByte
  7780  1220  0601               	xorwf	indf1,w
  7781  1221  1D03               	skipz
  7782  1222  2A24               	goto	u5981
  7783  1223  2A25               	goto	u5980
  7784  1224                     u5981:
  7785  1224  2A2E               	goto	l18753
  7786  1225                     u5980:
  7787                           	line	173
  7788                           	
  7789  1225                     l18749:	
  7790                           ;Service.c: 172: {
  7791                           ;Service.c: 173: addr++;
  7792  1225  3001               	movlw	(01h)
  7793  1226  00F6               	movwf	(??_E2P_WR+0)+0
  7794  1227  0876               	movf	(??_E2P_WR+0)+0,w
  7795  1228  07F7               	addwf	(E2P_WR@addr),f
  7796                           	line	174
  7797                           	
  7798  1229                     l18751:	
  7799                           ;Service.c: 174: p++;
  7800  1229  3001               	movlw	low(01h)
  7801  122A  07F3               	addwf	(E2P_WR@p),f
  7802  122B  3000               	movlw	high(01h)
  7803  122C  3DF4               	addwfc	(E2P_WR@p+1),f
  7804                           	line	175
  7805                           ;Service.c: 175: }
  7806  122D  2A3C               	goto	l18755
  7807                           	line	176
  7808                           	
  7809  122E                     l13108:	
  7810                           	line	178
  7811                           	
  7812  122E                     l18753:	
  7813                           ;Service.c: 176: else
  7814                           ;Service.c: 177: {
  7815                           ;Service.c: 178: E2P_WriteByte( addr, *p );
  7816  122E  0873               	movf	(E2P_WR@p),w
  7817  122F  0086               	movwf	fsr1l
  7818  1230  0874               	movf	(E2P_WR@p+1),w
  7819  1231  0087               	movwf	fsr1h
  7820                           
  7821  1232  0801               	movf	indf1,w
  7822  1233  00F6               	movwf	(??_E2P_WR+0)+0
  7823  1234  0876               	movf	(??_E2P_WR+0)+0,w
  7824  1235  00F1               	movwf	(?_E2P_WriteByte)
  7825  1236  0877               	movf	(E2P_WR@addr),w
  7826  1237  3191  2102  3192   	fcall	_E2P_WriteByte
  7827                           	line	179
  7828                           ;Service.c: 179: break;
  7829  123A  2A42               	goto	l18757
  7830                           	line	180
  7831                           	
  7832  123B                     l13109:	
  7833  123B  2A3C               	goto	l18755
  7834                           	line	181
  7835                           	
  7836  123C                     l13106:	
  7837                           	line	168
  7838                           	
  7839  123C                     l18755:	
  7840  123C  08F5               	movf	(E2P_WR@n),f
  7841  123D  1D03               	skipz
  7842  123E  2A40               	goto	u5991
  7843  123F  2A41               	goto	u5990
  7844  1240                     u5991:
  7845  1240  2A16               	goto	l18745
  7846  1241                     u5990:
  7847  1241  2A42               	goto	l18757
  7848                           	
  7849  1242                     l13110:	
  7850                           	line	182
  7851                           	
  7852  1242                     l18757:	
  7853                           ;Service.c: 180: }
  7854                           ;Service.c: 181: }
  7855                           ;Service.c: 182: if ( n ) return 0;
  7856  1242  0875               	movf	(E2P_WR@n),w
  7857  1243  1D03               	skipz
  7858  1244  2A46               	goto	u6000
  7859  1245  2A49               	goto	l18763
  7860  1246                     u6000:
  7861                           	
  7862  1246                     l18759:	
  7863  1246  3000               	movlw	(0)
  7864  1247  2A4B               	goto	l13112
  7865                           	
  7866  1248                     l18761:	
  7867  1248  2A4B               	goto	l13112
  7868                           	
  7869  1249                     l13111:	
  7870                           	line	183
  7871                           	
  7872  1249                     l18763:	
  7873                           ;Service.c: 183: return 1;
  7874  1249  3001               	movlw	(01h)
  7875  124A  2A4B               	goto	l13112
  7876                           	
  7877  124B                     l18765:	
  7878                           	line	184
  7879                           	
  7880  124B                     l13112:	
  7881  124B  0008               	return
  7882                           	opt stack 0
  7883                           GLOBAL	__end_of_E2P_WR
  7884  124C                     	__end_of_E2P_WR:
  7885 ;; =============== function _E2P_WR ends ============
  7886                           
  7887                           	signat	_E2P_WR,12409
  7888                           	global	_E2P_RD
  7889                           psect	text985,local,class=CODE,delta=2
  7890                           global __ptext985
  7891  1134                     __ptext985:
  7892                           
  7893 ;; *************** function _E2P_RD *****************
  7894 ;; Defined at:
  7895 ;;		line 158 in file "D:\project\baratheon-winnie\baratheon\Service.c"
  7896 ;; Parameters:    Size  Location     Type
  7897 ;;  addr            1    wreg     unsigned char 
  7898 ;;  p               2    2[COMMON] PTR unsigned char 
  7899 ;;		 -> tuneValue(1), totalInterlockOpenCount(2), totalNoInterlockTime(4), totalKeyPressedCount(18), 
  7900 ;;		 -> totalAutoPressedCount(2), keyWorkingTime(36), autoWorkingTime(4), totalWorkingTime(4), 
  7901 ;;		 -> totalStandbyTime(4), totalPowerOnTime(4), lastUseMaxMotorTemp(7), maxMotorHistoryTemp(1), 
  7902 ;;		 -> maxMcuTemp(7), faultTimeStamp(28), faultTotalCount(9), faultCode(7), 
  7903 ;;		 -> lastUseReadyTime(14), lastUseAvePower(7), lastUseMaxPower(7), totalSpeedWorkingTime(28), 
  7904 ;;		 -> lastSpeedWorkingTime(21), lastSpeedSetting(7), 
  7905 ;;  n               1    4[COMMON] unsigned char 
  7906 ;; Auto vars:     Size  Location     Type
  7907 ;;  addr            1    6[COMMON] unsigned char 
  7908 ;; Return value:  Size  Location     Type
  7909 ;;		None               void
  7910 ;; Registers used:
  7911 ;;		wreg, fsr1l, fsr1h, status,2, status,0, pclath, cstack
  7912 ;; Tracked objects:
  7913 ;;		On entry : 0/0
  7914 ;;		On exit  : 0/0
  7915 ;;		Unchanged: 0/0
  7916 ;; Data sizes:     COMMON   BANK0   BANK1   BANK2   BANK3   BANK4   BANK5   BANK7 BANK8hh BANK8hl  BANK8l BANK9hh BANK9h
       l  BANK9l BANK10h BANK10l  BANK11  BANK12
  7917 ;;      Params:         3       0       0       0       0       0       0       0       0       0       0       0       
       0       0       0       0       0       0
  7918 ;;      Locals:         1       0       0       0       0       0       0       0       0       0       0       0       
       0       0       0       0       0       0
  7919 ;;      Temps:          1       0       0       0       0       0       0       0       0       0       0       0       
       0       0       0       0       0       0
  7920 ;;      Totals:         5       0       0       0       0       0       0       0       0       0       0       0       
       0       0       0       0       0       0
  7921 ;;Total ram usage:        5 bytes
  7922 ;; Hardware stack levels used:    1
  7923 ;; Hardware stack levels required when called:    2
  7924 ;; This function calls:
  7925 ;;		_E2P_ReadByte
  7926 ;; This function is called by:
  7927 ;;		_SVC_Init
  7928 ;; This function uses a non-reentrant model
  7929 ;;
  7930                           psect	text985
  7931                           	file	"D:\project\baratheon-winnie\baratheon\Service.c"
  7932                           	line	158
  7933                           	global	__size_of_E2P_RD
  7934  0020                     	__size_of_E2P_RD	equ	__end_of_E2P_RD-_E2P_RD
  7935                           	
  7936  1134                     _E2P_RD:	
  7937                           	opt	stack 12
  7938                           ; Regs used in _E2P_RD: [wreg+fsr1l-status,0+pclath+cstack]
  7939                           ;E2P_RD@addr stored from wreg
  7940  1134  00F6               	movwf	(E2P_RD@addr)
  7941                           	line	159
  7942                           	
  7943  1135                     l18733:	
  7944                           ;Service.c: 159: while ( n-- )
  7945  1135  294A               	goto	l18741
  7946                           	
  7947  1136                     l13101:	
  7948                           	line	161
  7949                           	
  7950  1136                     l18735:	
  7951                           ;Service.c: 160: {
  7952                           ;Service.c: 161: *p = E2P_ReadByte( addr++ );
  7953  1136  0876               	movf	(E2P_RD@addr),w
  7954  1137  319C  2480  3191   	fcall	_E2P_ReadByte
  7955  113A  00F5               	movwf	(??_E2P_RD+0)+0
  7956  113B  0872               	movf	(E2P_RD@p),w
  7957  113C  0086               	movwf	fsr1l
  7958  113D  0873               	movf	(E2P_RD@p+1),w
  7959  113E  0087               	movwf	fsr1h
  7960                           
  7961  113F  0875               	movf	(??_E2P_RD+0)+0,w
  7962  1140  0081               	movwf	indf1
  7963                           	
  7964  1141                     l18737:	
  7965  1141  3001               	movlw	(01h)
  7966  1142  00F5               	movwf	(??_E2P_RD+0)+0
  7967  1143  0875               	movf	(??_E2P_RD+0)+0,w
  7968  1144  07F6               	addwf	(E2P_RD@addr),f
  7969                           	line	162
  7970                           	
  7971  1145                     l18739:	
  7972                           ;Service.c: 162: p++;
  7973  1145  3001               	movlw	low(01h)
  7974  1146  07F2               	addwf	(E2P_RD@p),f
  7975  1147  3000               	movlw	high(01h)
  7976  1148  3DF3               	addwfc	(E2P_RD@p+1),f
  7977  1149  294A               	goto	l18741
  7978                           	line	163
  7979                           	
  7980  114A                     l13100:	
  7981                           	line	159
  7982                           	
  7983  114A                     l18741:	
  7984  114A  3001               	movlw	low(01h)
  7985  114B  02F4               	subwf	(E2P_RD@n),f
  7986  114C  0874               	movf	((E2P_RD@n)),w
  7987  114D  3AFF               	xorlw	0FFh&0ffh
  7988  114E  1D03               	skipz
  7989  114F  2951               	goto	u5971
  7990  1150  2952               	goto	u5970
  7991  1151                     u5971:
  7992  1151  2936               	goto	l18735
  7993  1152                     u5970:
  7994  1152  2953               	goto	l13103
  7995                           	
  7996  1153                     l13102:	
  7997                           	line	164
  7998                           	
  7999  1153                     l13103:	
  8000  1153  0008               	return
  8001                           	opt stack 0
  8002                           GLOBAL	__end_of_E2P_RD
  8003  1154                     	__end_of_E2P_RD:
  8004 ;; =============== function _E2P_RD ends ============
  8005                           
  8006                           	signat	_E2P_RD,12408
  8007                           	global	_CAL_TuneValue
  8008                           psect	text986,local,class=CODE,delta=2
  8009                           global __ptext986
  8010  08EE                     __ptext986:
  8011                           
  8012 ;; *************** function _CAL_TuneValue *****************
  8013 ;; Defined at:
  8014 ;;		line 58 in file "D:\project\baratheon-winnie\baratheon\System.c"
  8015 ;; Parameters:    Size  Location     Type
  8016 ;;		None
  8017 ;; Auto vars:     Size  Location     Type
  8018 ;;		None
  8019 ;; Return value:  Size  Location     Type
  8020 ;;		None               void
  8021 ;; Registers used:
  8022 ;;		wreg, fsr0l, fsr0h, status,2, status,0, btemp+1, pclath, cstack
  8023 ;; Tracked objects:
  8024 ;;		On entry : 0/0
  8025 ;;		On exit  : 0/0
  8026 ;;		Unchanged: 0/0
  8027 ;; Data sizes:     COMMON   BANK0   BANK1   BANK2   BANK3   BANK4   BANK5   BANK7 BANK8hh BANK8hl  BANK8l BANK9hh BANK9h
       l  BANK9l BANK10h BANK10l  BANK11  BANK12
  8028 ;;      Params:         0       0       0       0       0       0       0       0       0       0       0       0       
       0       0       0       0       0       0
  8029 ;;      Locals:         0       0       0       0       0       0       0       0       0       0       0       0       
       0       0       0       0       0       0
  8030 ;;      Temps:          2       0       0       0       0       0       0       0       0       0       0       0       
       0       0       0       0       0       0
  8031 ;;      Totals:         2       0       0       0       0       0       0       0       0       0       0       0       
       0       0       0       0       0       0
  8032 ;;Total ram usage:        2 bytes
  8033 ;; Hardware stack levels used:    1
  8034 ;; Hardware stack levels required when called:    2
  8035 ;; This function calls:
  8036 ;;		_SVC_SetTuneValue
  8037 ;; This function is called by:
  8038 ;;		_SYS_Ctrl
  8039 ;; This function uses a non-reentrant model
  8040 ;;
  8041                           psect	text986
  8042                           	file	"D:\project\baratheon-winnie\baratheon\System.c"
  8043                           	line	58
  8044                           	global	__size_of_CAL_TuneValue
  8045  00C5                     	__size_of_CAL_TuneValue	equ	__end_of_CAL_TuneValue-_CAL_TuneValue
  8046                           	
  8047  08EE                     _CAL_TuneValue:	
  8048                           	opt	stack 12
  8049                           ; Regs used in _CAL_TuneValue: [wreg-fsr0h+status,2+status,0+btemp+1+pclath+cstack]
  8050                           	line	63
  8051                           	
  8052  08EE                     l18671:	
  8053                           ;System.c: 59: static  U8 state = 0;
  8054                           ;System.c: 60: static  U16 time = 0;
  8055                           ;System.c: 61: static  U8 min = 0;
  8056                           ;System.c: 62: static  U8 max = 0;
  8057                           ;System.c: 63: if ( time ) time--;
  8058  08EE  0020               	movlb 0	; select bank0
  8059  08EF  082F               	movf	(CAL_TuneValue@time+1),w
  8060  08F0  042E               	iorwf	(CAL_TuneValue@time),w
  8061  08F1  1903               	skipnz
  8062  08F2  28F4               	goto	u5841
  8063  08F3  28F5               	goto	u5840
  8064  08F4                     u5841:
  8065  08F4  29A8               	goto	l18725
  8066  08F5                     u5840:
  8067                           	
  8068  08F5                     l18673:	
  8069  08F5  3001               	movlw	low(01h)
  8070  08F6  02AE               	subwf	(CAL_TuneValue@time),f
  8071  08F7  3000               	movlw	high(01h)
  8072  08F8  3BAF               	subwfb	(CAL_TuneValue@time+1),f
  8073  08F9  29A8               	goto	l18725
  8074                           	
  8075  08FA                     l8250:	
  8076                           	line	64
  8077                           ;System.c: 64: switch ( state )
  8078  08FA  29A8               	goto	l18725
  8079                           	line	66
  8080                           ;System.c: 65: {
  8081                           ;System.c: 66: case 0:
  8082                           	
  8083  08FB                     l8252:	
  8084                           	line	67
  8085                           	
  8086  08FB                     l18675:	
  8087                           ;System.c: 67: if ( acCycleHalf )
  8088  08FB  0021               	movlb 1	; select bank1
  8089  08FC  0838               	movf	(_acCycleHalf)^080h,w
  8090  08FD  1D03               	skipz
  8091  08FE  2900               	goto	u5850
  8092  08FF  29B2               	goto	l8275
  8093  0900                     u5850:
  8094                           	line	69
  8095                           	
  8096  0900                     l18677:	
  8097                           ;System.c: 68: {
  8098                           ;System.c: 69: state++;
  8099  0900  3001               	movlw	(01h)
  8100  0901  00F3               	movwf	(??_CAL_TuneValue+0)+0
  8101  0902  0873               	movf	(??_CAL_TuneValue+0)+0,w
  8102  0903  0020               	movlb 0	; select bank0
  8103  0904  07BD               	addwf	(CAL_TuneValue@state),f
  8104                           	line	70
  8105                           	
  8106  0905                     l18679:	
  8107                           ;System.c: 70: time = 6;
  8108  0905  3006               	movlw	low(06h)
  8109  0906  00AE               	movwf	(CAL_TuneValue@time)
  8110  0907  3000               	movlw	high(06h)
  8111  0908  00AF               	movwf	((CAL_TuneValue@time))+1
  8112  0909  29B2               	goto	l8275
  8113                           	line	71
  8114                           	
  8115  090A                     l8253:	
  8116                           	line	72
  8117                           ;System.c: 71: }
  8118                           ;System.c: 72: break;
  8119  090A  29B2               	goto	l8275
  8120                           	line	73
  8121                           ;System.c: 73: case 1:
  8122                           	
  8123  090B                     l8255:	
  8124                           	line	74
  8125                           	
  8126  090B                     l18681:	
  8127                           ;System.c: 74: if ( !time )
  8128  090B  082F               	movf	((CAL_TuneValue@time+1)),w
  8129  090C  042E               	iorwf	((CAL_TuneValue@time)),w
  8130  090D  1D03               	skipz
  8131  090E  2910               	goto	u5861
  8132  090F  2911               	goto	u5860
  8133  0910                     u5861:
  8134  0910  29B2               	goto	l8275
  8135  0911                     u5860:
  8136                           	line	76
  8137                           	
  8138  0911                     l18683:	
  8139                           ;System.c: 75: {
  8140                           ;System.c: 76: if ( mtrLevel == 10 )
  8141  0911  087D               	movf	(_mtrLevel),w
  8142  0912  3A0A               	xorlw	0Ah&0ffh
  8143  0913  1D03               	skipz
  8144  0914  2916               	goto	u5871
  8145  0915  2917               	goto	u5870
  8146  0916                     u5871:
  8147  0916  291C               	goto	l18687
  8148  0917                     u5870:
  8149                           	line	78
  8150                           	
  8151  0917                     l18685:	
  8152                           ;System.c: 77: {
  8153                           ;System.c: 78: state++;
  8154  0917  3001               	movlw	(01h)
  8155  0918  00F3               	movwf	(??_CAL_TuneValue+0)+0
  8156  0919  0873               	movf	(??_CAL_TuneValue+0)+0,w
  8157  091A  07BD               	addwf	(CAL_TuneValue@state),f
  8158                           	line	79
  8159                           ;System.c: 79: }
  8160  091B  29B2               	goto	l8275
  8161                           	line	80
  8162                           	
  8163  091C                     l8257:	
  8164                           	line	82
  8165                           	
  8166  091C                     l18687:	
  8167                           ;System.c: 80: else
  8168                           ;System.c: 81: {
  8169                           ;System.c: 82: state = 255;
  8170  091C  30FF               	movlw	(0FFh)
  8171  091D  00F3               	movwf	(??_CAL_TuneValue+0)+0
  8172  091E  0873               	movf	(??_CAL_TuneValue+0)+0,w
  8173  091F  00BD               	movwf	(CAL_TuneValue@state)
  8174  0920  29B2               	goto	l8275
  8175                           	line	83
  8176                           	
  8177  0921                     l8258:	
  8178  0921  29B2               	goto	l8275
  8179                           	line	84
  8180                           	
  8181  0922                     l8256:	
  8182                           	line	85
  8183                           ;System.c: 83: }
  8184                           ;System.c: 84: }
  8185                           ;System.c: 85: break;
  8186  0922  29B2               	goto	l8275
  8187                           	line	86
  8188                           ;System.c: 86: case 2:
  8189                           	
  8190  0923                     l8259:	
  8191                           	line	87
  8192                           	
  8193  0923                     l18689:	
  8194                           ;System.c: 87: if ( mtrLevel == 1 )
  8195  0923  087D               	movf	(_mtrLevel),w
  8196  0924  3A01               	xorlw	01h&0ffh
  8197  0925  1D03               	skipz
  8198  0926  2928               	goto	u5881
  8199  0927  2929               	goto	u5880
  8200  0928                     u5881:
  8201  0928  29B2               	goto	l8275
  8202  0929                     u5880:
  8203                           	line	89
  8204                           	
  8205  0929                     l18691:	
  8206                           ;System.c: 88: {
  8207                           ;System.c: 89: state++;
  8208  0929  3001               	movlw	(01h)
  8209  092A  00F3               	movwf	(??_CAL_TuneValue+0)+0
  8210  092B  0873               	movf	(??_CAL_TuneValue+0)+0,w
  8211  092C  07BD               	addwf	(CAL_TuneValue@state),f
  8212                           	line	90
  8213                           	
  8214  092D                     l18693:	
  8215                           ;System.c: 90: time = 300;
  8216  092D  302C               	movlw	low(012Ch)
  8217  092E  00AE               	movwf	(CAL_TuneValue@time)
  8218  092F  3001               	movlw	high(012Ch)
  8219  0930  00AF               	movwf	((CAL_TuneValue@time))+1
  8220  0931  29B2               	goto	l8275
  8221                           	line	91
  8222                           	
  8223  0932                     l8260:	
  8224                           	line	92
  8225                           ;System.c: 91: }
  8226                           ;System.c: 92: break;
  8227  0932  29B2               	goto	l8275
  8228                           	line	93
  8229                           ;System.c: 93: case 3:
  8230                           	
  8231  0933                     l8261:	
  8232                           	line	94
  8233                           	
  8234  0933                     l18695:	
  8235                           ;System.c: 94: if ( mtrLevel != 1 )
  8236  0933  087D               	movf	(_mtrLevel),w
  8237  0934  3A01               	xorlw	01h&0ffh
  8238  0935  1903               	skipnz
  8239  0936  2938               	goto	u5891
  8240  0937  2939               	goto	u5890
  8241  0938                     u5891:
  8242  0938  293E               	goto	l18699
  8243  0939                     u5890:
  8244                           	line	96
  8245                           	
  8246  0939                     l18697:	
  8247                           ;System.c: 95: {
  8248                           ;System.c: 96: state = 255;
  8249  0939  30FF               	movlw	(0FFh)
  8250  093A  00F3               	movwf	(??_CAL_TuneValue+0)+0
  8251  093B  0873               	movf	(??_CAL_TuneValue+0)+0,w
  8252  093C  00BD               	movwf	(CAL_TuneValue@state)
  8253                           	line	97
  8254                           ;System.c: 97: }
  8255  093D  29B2               	goto	l8275
  8256                           	line	98
  8257                           	
  8258  093E                     l8262:	
  8259                           	
  8260  093E                     l18699:	
  8261                           ;System.c: 98: else if ( time >= 100 )
  8262  093E  3000               	movlw	high(064h)
  8263  093F  022F               	subwf	(CAL_TuneValue@time+1),w
  8264  0940  3064               	movlw	low(064h)
  8265  0941  1903               	skipnz
  8266  0942  022E               	subwf	(CAL_TuneValue@time),w
  8267  0943  1C03               	skipc
  8268  0944  2946               	goto	u5901
  8269  0945  2947               	goto	u5900
  8270  0946                     u5901:
  8271  0946  2954               	goto	l18703
  8272  0947                     u5900:
  8273                           	line	100
  8274                           	
  8275  0947                     l18701:	
  8276                           ;System.c: 99: {
  8277                           ;System.c: 100: min = adVrs;
  8278  0947  0021               	movlb 1	; select bank1
  8279  0948  083D               	movf	(_adVrs)^080h,w
  8280  0949  00F3               	movwf	(??_CAL_TuneValue+0)+0
  8281  094A  0873               	movf	(??_CAL_TuneValue+0)+0,w
  8282  094B  0020               	movlb 0	; select bank0
  8283  094C  00BC               	movwf	(CAL_TuneValue@min)
  8284                           	line	101
  8285                           ;System.c: 101: max = adVrs;
  8286  094D  0021               	movlb 1	; select bank1
  8287  094E  083D               	movf	(_adVrs)^080h,w
  8288  094F  00F3               	movwf	(??_CAL_TuneValue+0)+0
  8289  0950  0873               	movf	(??_CAL_TuneValue+0)+0,w
  8290  0951  0020               	movlb 0	; select bank0
  8291  0952  00BB               	movwf	(CAL_TuneValue@max)
  8292                           	line	102
  8293                           ;System.c: 102: }
  8294  0953  29B2               	goto	l8275
  8295                           	line	103
  8296                           	
  8297  0954                     l8264:	
  8298                           	line	105
  8299                           	
  8300  0954                     l18703:	
  8301                           ;System.c: 103: else
  8302                           ;System.c: 104: {
  8303                           ;System.c: 105: if ( adVrs < min ) min = adVrs;
  8304  0954  083C               	movf	(CAL_TuneValue@min),w
  8305  0955  0021               	movlb 1	; select bank1
  8306  0956  023D               	subwf	(_adVrs)^080h,w
  8307  0957  1803               	skipnc
  8308  0958  295A               	goto	u5911
  8309  0959  295B               	goto	u5910
  8310  095A                     u5911:
  8311  095A  2960               	goto	l8266
  8312  095B                     u5910:
  8313                           	
  8314  095B                     l18705:	
  8315  095B  083D               	movf	(_adVrs)^080h,w
  8316  095C  00F3               	movwf	(??_CAL_TuneValue+0)+0
  8317  095D  0873               	movf	(??_CAL_TuneValue+0)+0,w
  8318  095E  0020               	movlb 0	; select bank0
  8319  095F  00BC               	movwf	(CAL_TuneValue@min)
  8320                           	
  8321  0960                     l8266:	
  8322                           	line	106
  8323                           ;System.c: 106: if ( adVrs > max ) max = adVrs;
  8324  0960  0021               	movlb 1	; select bank1
  8325  0961  083D               	movf	(_adVrs)^080h,w
  8326  0962  0020               	movlb 0	; select bank0
  8327  0963  023B               	subwf	(CAL_TuneValue@max),w
  8328  0964  1803               	skipnc
  8329  0965  2967               	goto	u5921
  8330  0966  2968               	goto	u5920
  8331  0967                     u5921:
  8332  0967  296F               	goto	l18709
  8333  0968                     u5920:
  8334                           	
  8335  0968                     l18707:	
  8336  0968  0021               	movlb 1	; select bank1
  8337  0969  083D               	movf	(_adVrs)^080h,w
  8338  096A  00F3               	movwf	(??_CAL_TuneValue+0)+0
  8339  096B  0873               	movf	(??_CAL_TuneValue+0)+0,w
  8340  096C  0020               	movlb 0	; select bank0
  8341  096D  00BB               	movwf	(CAL_TuneValue@max)
  8342  096E  296F               	goto	l18709
  8343                           	
  8344  096F                     l8267:	
  8345                           	line	107
  8346                           	
  8347  096F                     l18709:	
  8348                           ;System.c: 107: if ( !time )
  8349  096F  082F               	movf	((CAL_TuneValue@time+1)),w
  8350  0970  042E               	iorwf	((CAL_TuneValue@time)),w
  8351  0971  1D03               	skipz
  8352  0972  2974               	goto	u5931
  8353  0973  2975               	goto	u5930
  8354  0974                     u5931:
  8355  0974  29B2               	goto	l8275
  8356  0975                     u5930:
  8357                           	line	109
  8358                           	
  8359  0975                     l18711:	
  8360                           ;System.c: 108: {
  8361                           ;System.c: 109: if ( min < 10 || max >= 30 )
  8362  0975  300A               	movlw	(0Ah)
  8363  0976  023C               	subwf	(CAL_TuneValue@min),w
  8364  0977  1C03               	skipc
  8365  0978  297A               	goto	u5941
  8366  0979  297B               	goto	u5940
  8367  097A                     u5941:
  8368  097A  2982               	goto	l18715
  8369  097B                     u5940:
  8370                           	
  8371  097B                     l18713:	
  8372  097B  301E               	movlw	(01Eh)
  8373  097C  023B               	subwf	(CAL_TuneValue@max),w
  8374  097D  1C03               	skipc
  8375  097E  2980               	goto	u5951
  8376  097F  2981               	goto	u5950
  8377  0980                     u5951:
  8378  0980  2987               	goto	l18717
  8379  0981                     u5950:
  8380  0981  2982               	goto	l18715
  8381                           	
  8382  0982                     l8271:	
  8383                           	line	111
  8384                           	
  8385  0982                     l18715:	
  8386                           ;System.c: 110: {
  8387                           ;System.c: 111: state = 255;
  8388  0982  30FF               	movlw	(0FFh)
  8389  0983  00F3               	movwf	(??_CAL_TuneValue+0)+0
  8390  0984  0873               	movf	(??_CAL_TuneValue+0)+0,w
  8391  0985  00BD               	movwf	(CAL_TuneValue@state)
  8392                           	line	112
  8393                           ;System.c: 112: }
  8394  0986  29B2               	goto	l8275
  8395                           	line	113
  8396                           	
  8397  0987                     l8269:	
  8398                           	line	115
  8399                           	
  8400  0987                     l18717:	
  8401                           ;System.c: 113: else
  8402                           ;System.c: 114: {
  8403                           ;System.c: 115: state++;
  8404  0987  3001               	movlw	(01h)
  8405  0988  00F3               	movwf	(??_CAL_TuneValue+0)+0
  8406  0989  0873               	movf	(??_CAL_TuneValue+0)+0,w
  8407  098A  07BD               	addwf	(CAL_TuneValue@state),f
  8408  098B  29B2               	goto	l8275
  8409                           	line	116
  8410                           	
  8411  098C                     l8272:	
  8412  098C  29B2               	goto	l8275
  8413                           	line	117
  8414                           	
  8415  098D                     l8268:	
  8416  098D  29B2               	goto	l8275
  8417                           	line	118
  8418                           	
  8419  098E                     l8265:	
  8420  098E  29B2               	goto	l8275
  8421                           	
  8422  098F                     l8263:	
  8423                           	line	119
  8424                           ;System.c: 116: }
  8425                           ;System.c: 117: }
  8426                           ;System.c: 118: }
  8427                           ;System.c: 119: break;
  8428  098F  29B2               	goto	l8275
  8429                           	line	120
  8430                           ;System.c: 120: case 4:
  8431                           	
  8432  0990                     l8273:	
  8433                           	line	121
  8434                           	
  8435  0990                     l18719:	
  8436                           ;System.c: 121: SVC_SetTuneValue( ( min + max ) >> 1 );
  8437  0990  083C               	movf	(CAL_TuneValue@min),w
  8438  0991  073B               	addwf	(CAL_TuneValue@max),w
  8439  0992  00F3               	movwf	(??_CAL_TuneValue+0)+0
  8440  0993  01F4               	clrf	(??_CAL_TuneValue+0)+0+1
  8441  0994  0DF4               	rlf	1+(??_CAL_TuneValue+0)+0,f
  8442                           	
  8443  0995  3001               	movlw	01h
  8444  0996  00FF               	movwf	btemp+1
  8445  0997                     u5965:
  8446  0997  0D74               	rlf	(??_CAL_TuneValue+0)+1,w
  8447  0998  0CF4               	rrf	(??_CAL_TuneValue+0)+1,f
  8448  0999  0CF3               	rrf	(??_CAL_TuneValue+0)+0,f
  8449  099A  0BFF               	decfsz	btemp+1,f
  8450  099B  2997               	goto	u5965
  8451  099C  0873               	movf	0+(??_CAL_TuneValue+0)+0,w
  8452  099D  319C  248A  3188   	fcall	_SVC_SetTuneValue
  8453                           	line	122
  8454                           	
  8455  09A0                     l18721:	
  8456                           ;System.c: 122: state = 255;
  8457  09A0  30FF               	movlw	(0FFh)
  8458  09A1  00F3               	movwf	(??_CAL_TuneValue+0)+0
  8459  09A2  0873               	movf	(??_CAL_TuneValue+0)+0,w
  8460  09A3  0020               	movlb 0	; select bank0
  8461  09A4  00BD               	movwf	(CAL_TuneValue@state)
  8462                           	line	123
  8463                           ;System.c: 123: break;
  8464  09A5  29B2               	goto	l8275
  8465                           	line	124
  8466                           ;System.c: 124: default:
  8467                           	
  8468  09A6                     l8274:	
  8469                           	line	125
  8470                           ;System.c: 125: break;
  8471  09A6  29B2               	goto	l8275
  8472                           	line	126
  8473                           	
  8474  09A7                     l18723:	
  8475                           ;System.c: 126: }
  8476  09A7  29B2               	goto	l8275
  8477                           	line	64
  8478                           	
  8479  09A8                     l8251:	
  8480                           	
  8481  09A8                     l18725:	
  8482  09A8  083D               	movf	(CAL_TuneValue@state),w
  8483                           	; Switch size 1, requested type "space"
  8484                           ; Number of cases is 5, Range of values is 0 to 4
  8485                           ; switch strategies available:
  8486                           ; Name         Instructions Cycles
  8487                           ; direct_byte           16     6 (fixed)
  8488                           ; simple_byte           16     9 (average)
  8489                           ; jumptable            260     6 (fixed)
  8490                           ; rangetable             9     4 (fixed)
  8491                           ; spacedrange           15     6 (fixed)
  8492                           ; locatedrange           5     3 (fixed)
  8493                           ;	Chosen strategy is direct_byte
  8494                           
  8495  09A9  0084               	movwf fsr0l
  8496  09AA  3005               	movlw	5
  8497  09AB  0204               	subwf	fsr0l,w
  8498  09AC  1803               skipnc
  8499  09AD  29B2               goto l8275
  8500  09AE  3198               movlp high(S19341)
  8501  09AF  3504               	lslf fsr0l,w
  8502  09B0  3E14               	addlw low(S19341)
  8503  09B1  0082               	movwf pc
  8504                           psect	swtext2,local,class=CONST,delta=2
  8505                           global __pswtext2
  8506  1814                     __pswtext2:
  8507  1814                     S19341:
  8508  1814  3188  28FB         	ljmp	l18675
  8509  1816  3189  290B         	ljmp	l18681
  8510  1818  3189  2923         	ljmp	l18689
  8511  181A  3189  2933         	ljmp	l18695
  8512  181C  3189  2990         	ljmp	l18719
  8513                           psect	text986
  8514                           
  8515                           	line	126
  8516                           	
  8517  09B2                     l8254:	
  8518                           	line	127
  8519                           	
  8520  09B2                     l8275:	
  8521  09B2  0008               	return
  8522                           	opt stack 0
  8523                           GLOBAL	__end_of_CAL_TuneValue
  8524  09B3                     	__end_of_CAL_TuneValue:
  8525 ;; =============== function _CAL_TuneValue ends ============
  8526                           
  8527                           	signat	_CAL_TuneValue,88
  8528                           	global	_CAL_MtrLevel
  8529                           psect	text987,local,class=CODE,delta=2
  8530                           global __ptext987
  8531  033B                     __ptext987:
  8532                           
  8533 ;; *************** function _CAL_MtrLevel *****************
  8534 ;; Defined at:
  8535 ;;		line 19 in file "D:\project\baratheon-winnie\baratheon\System.c"
  8536 ;; Parameters:    Size  Location     Type
  8537 ;;		None
  8538 ;; Auto vars:     Size  Location     Type
  8539 ;;  ad              1   17[BANK0 ] unsigned char 
  8540 ;;  ofs             1   16[BANK0 ] unsigned char 
  8541 ;; Return value:  Size  Location     Type
  8542 ;;		None               void
  8543 ;; Registers used:
  8544 ;;		wreg, status,2, status,0, pclath, cstack
  8545 ;; Tracked objects:
  8546 ;;		On entry : 0/0
  8547 ;;		On exit  : 0/0
  8548 ;;		Unchanged: 0/0
  8549 ;; Data sizes:     COMMON   BANK0   BANK1   BANK2   BANK3   BANK4   BANK5   BANK7 BANK8hh BANK8hl  BANK8l BANK9hh BANK9h
       l  BANK9l BANK10h BANK10l  BANK11  BANK12
  8550 ;;      Params:         0       0       0       0       0       0       0       0       0       0       0       0       
       0       0       0       0       0       0
  8551 ;;      Locals:         0      18       0       0       0       0       0       0       0       0       0       0       
       0       0       0       0       0       0
  8552 ;;      Temps:          1       0       0       0       0       0       0       0       0       0       0       0       
       0       0       0       0       0       0
  8553 ;;      Totals:         1      18       0       0       0       0       0       0       0       0       0       0       
       0       0       0       0       0       0
  8554 ;;Total ram usage:       19 bytes
  8555 ;; Hardware stack levels used:    1
  8556 ;; Hardware stack levels required when called:    2
  8557 ;; This function calls:
  8558 ;;		_SVC_GetTuneValue
  8559 ;; This function is called by:
  8560 ;;		_SYS_Ctrl
  8561 ;; This function uses a non-reentrant model
  8562 ;;
  8563                           psect	text987
  8564                           	file	"D:\project\baratheon-winnie\baratheon\System.c"
  8565                           	line	19
  8566                           	global	__size_of_CAL_MtrLevel
  8567  0191                     	__size_of_CAL_MtrLevel	equ	__end_of_CAL_MtrLevel-_CAL_MtrLevel
  8568                           	
  8569  033B                     _CAL_MtrLevel:	
  8570                           	opt	stack 12
  8571                           ; Regs used in _CAL_MtrLevel: [wreg+status,2+status,0+pclath+cstack]
  8572                           	line	22
  8573                           	
  8574  033B                     l18549:	
  8575                           ;System.c: 20: U8 ofs;
  8576                           ;System.c: 21: U8 ad;
  8577                           ;System.c: 22: ofs = SVC_GetTuneValue( );
  8578  033B  319C  2470  3183   	fcall	_SVC_GetTuneValue
  8579  033E  00F1               	movwf	(??_CAL_MtrLevel+0)+0
  8580  033F  0871               	movf	(??_CAL_MtrLevel+0)+0,w
  8581  0340  0020               	movlb 0	; select bank0
  8582  0341  00E2               	movwf	(CAL_MtrLevel@ofs)
  8583                           	line	23
  8584                           	
  8585  0342                     l18551:	
  8586                           ;System.c: 23: if ( ofs < 20 )
  8587  0342  3014               	movlw	(014h)
  8588  0343  0262               	subwf	(CAL_MtrLevel@ofs),w
  8589  0344  1803               	skipnc
  8590  0345  2B47               	goto	u5551
  8591  0346  2B48               	goto	u5550
  8592  0347                     u5551:
  8593  0347  2B63               	goto	l18559
  8594  0348                     u5550:
  8595                           	line	25
  8596                           	
  8597  0348                     l18553:	
  8598                           ;System.c: 24: {
  8599                           ;System.c: 25: ofs = 20 - ofs;
  8600  0348  0362               	decf	(CAL_MtrLevel@ofs),w
  8601  0349  3AFF               	xorlw	0ffh
  8602  034A  3E14               	addlw	014h
  8603  034B  00F1               	movwf	(??_CAL_MtrLevel+0)+0
  8604  034C  0871               	movf	(??_CAL_MtrLevel+0)+0,w
  8605  034D  00E2               	movwf	(CAL_MtrLevel@ofs)
  8606                           	line	26
  8607                           ;System.c: 26: ad = adVrs + ofs;
  8608  034E  0021               	movlb 1	; select bank1
  8609  034F  083D               	movf	(_adVrs)^080h,w
  8610  0350  0020               	movlb 0	; select bank0
  8611  0351  0762               	addwf	(CAL_MtrLevel@ofs),w
  8612  0352  00F1               	movwf	(??_CAL_MtrLevel+0)+0
  8613  0353  0871               	movf	(??_CAL_MtrLevel+0)+0,w
  8614  0354  00E3               	movwf	(CAL_MtrLevel@ad)
  8615                           	line	27
  8616                           	
  8617  0355                     l18555:	
  8618                           ;System.c: 27: if ( ad < adVrs ) ad = 255;
  8619  0355  0021               	movlb 1	; select bank1
  8620  0356  083D               	movf	(_adVrs)^080h,w
  8621  0357  0020               	movlb 0	; select bank0
  8622  0358  0263               	subwf	(CAL_MtrLevel@ad),w
  8623  0359  1803               	skipnc
  8624  035A  2B5C               	goto	u5561
  8625  035B  2B5D               	goto	u5560
  8626  035C                     u5561:
  8627  035C  2B7B               	goto	l18565
  8628  035D                     u5560:
  8629                           	
  8630  035D                     l18557:	
  8631  035D  30FF               	movlw	(0FFh)
  8632  035E  00F1               	movwf	(??_CAL_MtrLevel+0)+0
  8633  035F  0871               	movf	(??_CAL_MtrLevel+0)+0,w
  8634  0360  00E3               	movwf	(CAL_MtrLevel@ad)
  8635  0361  2B7B               	goto	l18565
  8636                           	
  8637  0362                     l8169:	
  8638                           	line	28
  8639                           ;System.c: 28: }
  8640  0362  2B7B               	goto	l18565
  8641                           	line	29
  8642                           	
  8643  0363                     l8168:	
  8644                           	line	31
  8645                           	
  8646  0363                     l18559:	
  8647                           ;System.c: 29: else
  8648                           ;System.c: 30: {
  8649                           ;System.c: 31: ofs = ofs - 20;
  8650  0363  0862               	movf	(CAL_MtrLevel@ofs),w
  8651  0364  3EEC               	addlw	0ECh
  8652  0365  00F1               	movwf	(??_CAL_MtrLevel+0)+0
  8653  0366  0871               	movf	(??_CAL_MtrLevel+0)+0,w
  8654  0367  00E2               	movwf	(CAL_MtrLevel@ofs)
  8655                           	line	32
  8656                           ;System.c: 32: ad = adVrs - ofs;
  8657  0368  0362               	decf	(CAL_MtrLevel@ofs),w
  8658  0369  3AFF               	xorlw	0ffh
  8659  036A  0021               	movlb 1	; select bank1
  8660  036B  073D               	addwf	(_adVrs)^080h,w
  8661  036C  00F1               	movwf	(??_CAL_MtrLevel+0)+0
  8662  036D  0871               	movf	(??_CAL_MtrLevel+0)+0,w
  8663  036E  0020               	movlb 0	; select bank0
  8664  036F  00E3               	movwf	(CAL_MtrLevel@ad)
  8665                           	line	33
  8666                           	
  8667  0370                     l18561:	
  8668                           ;System.c: 33: if ( ad > adVrs ) ad = 0;
  8669  0370  0863               	movf	(CAL_MtrLevel@ad),w
  8670  0371  0021               	movlb 1	; select bank1
  8671  0372  023D               	subwf	(_adVrs)^080h,w
  8672  0373  1803               	skipnc
  8673  0374  2B76               	goto	u5571
  8674  0375  2B77               	goto	u5570
  8675  0376                     u5571:
  8676  0376  2B7B               	goto	l18565
  8677  0377                     u5570:
  8678                           	
  8679  0377                     l18563:	
  8680  0377  0020               	movlb 0	; select bank0
  8681  0378  01E3               	clrf	(CAL_MtrLevel@ad)
  8682  0379  2B7B               	goto	l18565
  8683                           	
  8684  037A                     l8171:	
  8685  037A  2B7B               	goto	l18565
  8686                           	line	34
  8687                           	
  8688  037B                     l8170:	
  8689                           	line	35
  8690                           	
  8691  037B                     l18565:	
  8692                           ;System.c: 34: }
  8693                           ;System.c: 35: if ( !acCycleHalf ) mtrLevel = 0;
  8694  037B  0021               	movlb 1	; select bank1
  8695  037C  08B8               	movf	(_acCycleHalf)^080h,f
  8696  037D  1D03               	skipz
  8697  037E  2B80               	goto	u5581
  8698  037F  2B81               	goto	u5580
  8699  0380                     u5581:
  8700  0380  2B83               	goto	l18569
  8701  0381                     u5580:
  8702                           	
  8703  0381                     l18567:	
  8704  0381  01FD               	clrf	(_mtrLevel)
  8705  0382  2B83               	goto	l18569
  8706                           	
  8707  0383                     l8172:	
  8708                           	line	36
  8709                           	
  8710  0383                     l18569:	
  8711                           ;System.c: 36: if ( ad < 12 ) mtrLevel = 10;
  8712  0383  300C               	movlw	(0Ch)
  8713  0384  0020               	movlb 0	; select bank0
  8714  0385  0263               	subwf	(CAL_MtrLevel@ad),w
  8715  0386  1803               	skipnc
  8716  0387  2B89               	goto	u5591
  8717  0388  2B8A               	goto	u5590
  8718  0389                     u5591:
  8719  0389  2B8F               	goto	l18573
  8720  038A                     u5590:
  8721                           	
  8722  038A                     l18571:	
  8723  038A  300A               	movlw	(0Ah)
  8724  038B  00F1               	movwf	(??_CAL_MtrLevel+0)+0
  8725  038C  0871               	movf	(??_CAL_MtrLevel+0)+0,w
  8726  038D  00FD               	movwf	(_mtrLevel)
  8727  038E  2CCB               	goto	l8239
  8728                           	line	37
  8729                           	
  8730  038F                     l8173:	
  8731                           	
  8732  038F                     l18573:	
  8733                           ;System.c: 37: else if ( ad < 42 - 1 ) mtrLevel = 1;
  8734  038F  3029               	movlw	(029h)
  8735  0390  0263               	subwf	(CAL_MtrLevel@ad),w
  8736  0391  1803               	skipnc
  8737  0392  2B94               	goto	u5601
  8738  0393  2B95               	goto	u5600
  8739  0394                     u5601:
  8740  0394  2B99               	goto	l18577
  8741  0395                     u5600:
  8742                           	
  8743  0395                     l18575:	
  8744  0395  01FD               	clrf	(_mtrLevel)
  8745  0396  1403               	bsf	status,0
  8746  0397  0DFD               	rlf	(_mtrLevel),f
  8747  0398  2CCB               	goto	l8239
  8748                           	line	38
  8749                           	
  8750  0399                     l8175:	
  8751                           	
  8752  0399                     l18577:	
  8753                           ;System.c: 38: else if ( ad < 42 + 1 ) mtrLevel = mtrLevel < 2 ? 1 : 2;
  8754  0399  302B               	movlw	(02Bh)
  8755  039A  0263               	subwf	(CAL_MtrLevel@ad),w
  8756  039B  1803               	skipnc
  8757  039C  2B9E               	goto	u5611
  8758  039D  2B9F               	goto	u5610
  8759  039E                     u5611:
  8760  039E  2BB3               	goto	l18585
  8761  039F                     u5610:
  8762                           	
  8763  039F                     l18579:	
  8764  039F  3002               	movlw	(02h)
  8765  03A0  027D               	subwf	(_mtrLevel),w
  8766  03A1  1C03               	skipc
  8767  03A2  2BA4               	goto	u5621
  8768  03A3  2BA5               	goto	u5620
  8769  03A4                     u5621:
  8770  03A4  2BAA               	goto	l18583
  8771  03A5                     u5620:
  8772                           	
  8773  03A5                     l18581:	
  8774  03A5  3002               	movlw	low(02h)
  8775  03A6  00D2               	movwf	(_CAL_MtrLevel$10901)
  8776  03A7  3000               	movlw	high(02h)
  8777  03A8  00D3               	movwf	((_CAL_MtrLevel$10901))+1
  8778  03A9  2BAE               	goto	l8181
  8779                           	
  8780  03AA                     l8179:	
  8781                           	
  8782  03AA                     l18583:	
  8783  03AA  3001               	movlw	low(01h)
  8784  03AB  00D2               	movwf	(_CAL_MtrLevel$10901)
  8785  03AC  3000               	movlw	high(01h)
  8786  03AD  00D3               	movwf	((_CAL_MtrLevel$10901))+1
  8787                           	
  8788  03AE                     l8181:	
  8789  03AE  0852               	movf	(_CAL_MtrLevel$10901),w
  8790  03AF  00F1               	movwf	(??_CAL_MtrLevel+0)+0
  8791  03B0  0871               	movf	(??_CAL_MtrLevel+0)+0,w
  8792  03B1  00FD               	movwf	(_mtrLevel)
  8793  03B2  2CCB               	goto	l8239
  8794                           	line	39
  8795                           	
  8796  03B3                     l8177:	
  8797                           	
  8798  03B3                     l18585:	
  8799                           ;System.c: 39: else if ( ad < 94 - 1 ) mtrLevel = 2;
  8800  03B3  305D               	movlw	(05Dh)
  8801  03B4  0263               	subwf	(CAL_MtrLevel@ad),w
  8802  03B5  1803               	skipnc
  8803  03B6  2BB8               	goto	u5631
  8804  03B7  2BB9               	goto	u5630
  8805  03B8                     u5631:
  8806  03B8  2BBE               	goto	l18589
  8807  03B9                     u5630:
  8808                           	
  8809  03B9                     l18587:	
  8810  03B9  3002               	movlw	(02h)
  8811  03BA  00F1               	movwf	(??_CAL_MtrLevel+0)+0
  8812  03BB  0871               	movf	(??_CAL_MtrLevel+0)+0,w
  8813  03BC  00FD               	movwf	(_mtrLevel)
  8814  03BD  2CCB               	goto	l8239
  8815                           	line	40
  8816                           	
  8817  03BE                     l8183:	
  8818                           	
  8819  03BE                     l18589:	
  8820                           ;System.c: 40: else if ( ad < 94 + 1 ) mtrLevel = mtrLevel < 3 ? 2 : 3;
  8821  03BE  305F               	movlw	(05Fh)
  8822  03BF  0263               	subwf	(CAL_MtrLevel@ad),w
  8823  03C0  1803               	skipnc
  8824  03C1  2BC3               	goto	u5641
  8825  03C2  2BC4               	goto	u5640
  8826  03C3                     u5641:
  8827  03C3  2BD8               	goto	l18597
  8828  03C4                     u5640:
  8829                           	
  8830  03C4                     l18591:	
  8831  03C4  3003               	movlw	(03h)
  8832  03C5  027D               	subwf	(_mtrLevel),w
  8833  03C6  1C03               	skipc
  8834  03C7  2BC9               	goto	u5651
  8835  03C8  2BCA               	goto	u5650
  8836  03C9                     u5651:
  8837  03C9  2BCF               	goto	l18595
  8838  03CA                     u5650:
  8839                           	
  8840  03CA                     l18593:	
  8841  03CA  3003               	movlw	low(03h)
  8842  03CB  00D4               	movwf	(_CAL_MtrLevel$10902)
  8843  03CC  3000               	movlw	high(03h)
  8844  03CD  00D5               	movwf	((_CAL_MtrLevel$10902))+1
  8845  03CE  2BD3               	goto	l8189
  8846                           	
  8847  03CF                     l8187:	
  8848                           	
  8849  03CF                     l18595:	
  8850  03CF  3002               	movlw	low(02h)
  8851  03D0  00D4               	movwf	(_CAL_MtrLevel$10902)
  8852  03D1  3000               	movlw	high(02h)
  8853  03D2  00D5               	movwf	((_CAL_MtrLevel$10902))+1
  8854                           	
  8855  03D3                     l8189:	
  8856  03D3  0854               	movf	(_CAL_MtrLevel$10902),w
  8857  03D4  00F1               	movwf	(??_CAL_MtrLevel+0)+0
  8858  03D5  0871               	movf	(??_CAL_MtrLevel+0)+0,w
  8859  03D6  00FD               	movwf	(_mtrLevel)
  8860  03D7  2CCB               	goto	l8239
  8861                           	line	41
  8862                           	
  8863  03D8                     l8185:	
  8864                           	
  8865  03D8                     l18597:	
  8866                           ;System.c: 41: else if ( ad < 117 - 1 ) mtrLevel = 3;
  8867  03D8  3074               	movlw	(074h)
  8868  03D9  0263               	subwf	(CAL_MtrLevel@ad),w
  8869  03DA  1803               	skipnc
  8870  03DB  2BDD               	goto	u5661
  8871  03DC  2BDE               	goto	u5660
  8872  03DD                     u5661:
  8873  03DD  2BE3               	goto	l18601
  8874  03DE                     u5660:
  8875                           	
  8876  03DE                     l18599:	
  8877  03DE  3003               	movlw	(03h)
  8878  03DF  00F1               	movwf	(??_CAL_MtrLevel+0)+0
  8879  03E0  0871               	movf	(??_CAL_MtrLevel+0)+0,w
  8880  03E1  00FD               	movwf	(_mtrLevel)
  8881  03E2  2CCB               	goto	l8239
  8882                           	line	42
  8883                           	
  8884  03E3                     l8191:	
  8885                           	
  8886  03E3                     l18601:	
  8887                           ;System.c: 42: else if ( ad < 117 + 1 ) mtrLevel = mtrLevel < 4 ? 3 : 4;
  8888  03E3  3076               	movlw	(076h)
  8889  03E4  0263               	subwf	(CAL_MtrLevel@ad),w
  8890  03E5  1803               	skipnc
  8891  03E6  2BE8               	goto	u5671
  8892  03E7  2BE9               	goto	u5670
  8893  03E8                     u5671:
  8894  03E8  2BFD               	goto	l18609
  8895  03E9                     u5670:
  8896                           	
  8897  03E9                     l18603:	
  8898  03E9  3004               	movlw	(04h)
  8899  03EA  027D               	subwf	(_mtrLevel),w
  8900  03EB  1C03               	skipc
  8901  03EC  2BEE               	goto	u5681
  8902  03ED  2BEF               	goto	u5680
  8903  03EE                     u5681:
  8904  03EE  2BF4               	goto	l18607
  8905  03EF                     u5680:
  8906                           	
  8907  03EF                     l18605:	
  8908  03EF  3004               	movlw	low(04h)
  8909  03F0  00D6               	movwf	(_CAL_MtrLevel$10903)
  8910  03F1  3000               	movlw	high(04h)
  8911  03F2  00D7               	movwf	((_CAL_MtrLevel$10903))+1
  8912  03F3  2BF8               	goto	l8197
  8913                           	
  8914  03F4                     l8195:	
  8915                           	
  8916  03F4                     l18607:	
  8917  03F4  3003               	movlw	low(03h)
  8918  03F5  00D6               	movwf	(_CAL_MtrLevel$10903)
  8919  03F6  3000               	movlw	high(03h)
  8920  03F7  00D7               	movwf	((_CAL_MtrLevel$10903))+1
  8921                           	
  8922  03F8                     l8197:	
  8923  03F8  0856               	movf	(_CAL_MtrLevel$10903),w
  8924  03F9  00F1               	movwf	(??_CAL_MtrLevel+0)+0
  8925  03FA  0871               	movf	(??_CAL_MtrLevel+0)+0,w
  8926  03FB  00FD               	movwf	(_mtrLevel)
  8927  03FC  2CCB               	goto	l8239
  8928                           	line	43
  8929                           	
  8930  03FD                     l8193:	
  8931                           	
  8932  03FD                     l18609:	
  8933                           ;System.c: 43: else if ( ad < 137 - 1 ) mtrLevel = 4;
  8934  03FD  3088               	movlw	(088h)
  8935  03FE  0263               	subwf	(CAL_MtrLevel@ad),w
  8936  03FF  1803               	skipnc
  8937  0400  2C02               	goto	u5691
  8938  0401  2C03               	goto	u5690
  8939  0402                     u5691:
  8940  0402  2C08               	goto	l18613
  8941  0403                     u5690:
  8942                           	
  8943  0403                     l18611:	
  8944  0403  3004               	movlw	(04h)
  8945  0404  00F1               	movwf	(??_CAL_MtrLevel+0)+0
  8946  0405  0871               	movf	(??_CAL_MtrLevel+0)+0,w
  8947  0406  00FD               	movwf	(_mtrLevel)
  8948  0407  2CCB               	goto	l8239
  8949                           	line	44
  8950                           	
  8951  0408                     l8199:	
  8952                           	
  8953  0408                     l18613:	
  8954                           ;System.c: 44: else if ( ad < 137 + 1 ) mtrLevel = mtrLevel < 5 ? 4 : 5;
  8955  0408  308A               	movlw	(08Ah)
  8956  0409  0263               	subwf	(CAL_MtrLevel@ad),w
  8957  040A  1803               	skipnc
  8958  040B  2C0D               	goto	u5701
  8959  040C  2C0E               	goto	u5700
  8960  040D                     u5701:
  8961  040D  2C22               	goto	l18621
  8962  040E                     u5700:
  8963                           	
  8964  040E                     l18615:	
  8965  040E  3005               	movlw	(05h)
  8966  040F  027D               	subwf	(_mtrLevel),w
  8967  0410  1C03               	skipc
  8968  0411  2C13               	goto	u5711
  8969  0412  2C14               	goto	u5710
  8970  0413                     u5711:
  8971  0413  2C19               	goto	l18619
  8972  0414                     u5710:
  8973                           	
  8974  0414                     l18617:	
  8975  0414  3005               	movlw	low(05h)
  8976  0415  00D8               	movwf	(_CAL_MtrLevel$10904)
  8977  0416  3000               	movlw	high(05h)
  8978  0417  00D9               	movwf	((_CAL_MtrLevel$10904))+1
  8979  0418  2C1D               	goto	l8205
  8980                           	
  8981  0419                     l8203:	
  8982                           	
  8983  0419                     l18619:	
  8984  0419  3004               	movlw	low(04h)
  8985  041A  00D8               	movwf	(_CAL_MtrLevel$10904)
  8986  041B  3000               	movlw	high(04h)
  8987  041C  00D9               	movwf	((_CAL_MtrLevel$10904))+1
  8988                           	
  8989  041D                     l8205:	
  8990  041D  0858               	movf	(_CAL_MtrLevel$10904),w
  8991  041E  00F1               	movwf	(??_CAL_MtrLevel+0)+0
  8992  041F  0871               	movf	(??_CAL_MtrLevel+0)+0,w
  8993  0420  00FD               	movwf	(_mtrLevel)
  8994  0421  2CCB               	goto	l8239
  8995                           	line	45
  8996                           	
  8997  0422                     l8201:	
  8998                           	
  8999  0422                     l18621:	
  9000                           ;System.c: 45: else if ( ad < 158 - 1 ) mtrLevel = 5;
  9001  0422  309D               	movlw	(09Dh)
  9002  0423  0263               	subwf	(CAL_MtrLevel@ad),w
  9003  0424  1803               	skipnc
  9004  0425  2C27               	goto	u5721
  9005  0426  2C28               	goto	u5720
  9006  0427                     u5721:
  9007  0427  2C2D               	goto	l18625
  9008  0428                     u5720:
  9009                           	
  9010  0428                     l18623:	
  9011  0428  3005               	movlw	(05h)
  9012  0429  00F1               	movwf	(??_CAL_MtrLevel+0)+0
  9013  042A  0871               	movf	(??_CAL_MtrLevel+0)+0,w
  9014  042B  00FD               	movwf	(_mtrLevel)
  9015  042C  2CCB               	goto	l8239
  9016                           	line	46
  9017                           	
  9018  042D                     l8207:	
  9019                           	
  9020  042D                     l18625:	
  9021                           ;System.c: 46: else if ( ad < 158 + 1 ) mtrLevel = mtrLevel < 6 ? 5 : 6;
  9022  042D  309F               	movlw	(09Fh)
  9023  042E  0263               	subwf	(CAL_MtrLevel@ad),w
  9024  042F  1803               	skipnc
  9025  0430  2C32               	goto	u5731
  9026  0431  2C33               	goto	u5730
  9027  0432                     u5731:
  9028  0432  2C47               	goto	l18633
  9029  0433                     u5730:
  9030                           	
  9031  0433                     l18627:	
  9032  0433  3006               	movlw	(06h)
  9033  0434  027D               	subwf	(_mtrLevel),w
  9034  0435  1C03               	skipc
  9035  0436  2C38               	goto	u5741
  9036  0437  2C39               	goto	u5740
  9037  0438                     u5741:
  9038  0438  2C3E               	goto	l18631
  9039  0439                     u5740:
  9040                           	
  9041  0439                     l18629:	
  9042  0439  3006               	movlw	low(06h)
  9043  043A  00DA               	movwf	(_CAL_MtrLevel$10905)
  9044  043B  3000               	movlw	high(06h)
  9045  043C  00DB               	movwf	((_CAL_MtrLevel$10905))+1
  9046  043D  2C42               	goto	l8213
  9047                           	
  9048  043E                     l8211:	
  9049                           	
  9050  043E                     l18631:	
  9051  043E  3005               	movlw	low(05h)
  9052  043F  00DA               	movwf	(_CAL_MtrLevel$10905)
  9053  0440  3000               	movlw	high(05h)
  9054  0441  00DB               	movwf	((_CAL_MtrLevel$10905))+1
  9055                           	
  9056  0442                     l8213:	
  9057  0442  085A               	movf	(_CAL_MtrLevel$10905),w
  9058  0443  00F1               	movwf	(??_CAL_MtrLevel+0)+0
  9059  0444  0871               	movf	(??_CAL_MtrLevel+0)+0,w
  9060  0445  00FD               	movwf	(_mtrLevel)
  9061  0446  2CCB               	goto	l8239
  9062                           	line	47
  9063                           	
  9064  0447                     l8209:	
  9065                           	
  9066  0447                     l18633:	
  9067                           ;System.c: 47: else if ( ad < 184 - 1 ) mtrLevel = 6;
  9068  0447  30B7               	movlw	(0B7h)
  9069  0448  0263               	subwf	(CAL_MtrLevel@ad),w
  9070  0449  1803               	skipnc
  9071  044A  2C4C               	goto	u5751
  9072  044B  2C4D               	goto	u5750
  9073  044C                     u5751:
  9074  044C  2C52               	goto	l18637
  9075  044D                     u5750:
  9076                           	
  9077  044D                     l18635:	
  9078  044D  3006               	movlw	(06h)
  9079  044E  00F1               	movwf	(??_CAL_MtrLevel+0)+0
  9080  044F  0871               	movf	(??_CAL_MtrLevel+0)+0,w
  9081  0450  00FD               	movwf	(_mtrLevel)
  9082  0451  2CCB               	goto	l8239
  9083                           	line	48
  9084                           	
  9085  0452                     l8215:	
  9086                           	
  9087  0452                     l18637:	
  9088                           ;System.c: 48: else if ( ad < 184 + 1 ) mtrLevel = mtrLevel < 7 ? 6 : 7;
  9089  0452  30B9               	movlw	(0B9h)
  9090  0453  0263               	subwf	(CAL_MtrLevel@ad),w
  9091  0454  1803               	skipnc
  9092  0455  2C57               	goto	u5761
  9093  0456  2C58               	goto	u5760
  9094  0457                     u5761:
  9095  0457  2C6C               	goto	l18645
  9096  0458                     u5760:
  9097                           	
  9098  0458                     l18639:	
  9099  0458  3007               	movlw	(07h)
  9100  0459  027D               	subwf	(_mtrLevel),w
  9101  045A  1C03               	skipc
  9102  045B  2C5D               	goto	u5771
  9103  045C  2C5E               	goto	u5770
  9104  045D                     u5771:
  9105  045D  2C63               	goto	l18643
  9106  045E                     u5770:
  9107                           	
  9108  045E                     l18641:	
  9109  045E  3007               	movlw	low(07h)
  9110  045F  00DC               	movwf	(_CAL_MtrLevel$10906)
  9111  0460  3000               	movlw	high(07h)
  9112  0461  00DD               	movwf	((_CAL_MtrLevel$10906))+1
  9113  0462  2C67               	goto	l8221
  9114                           	
  9115  0463                     l8219:	
  9116                           	
  9117  0463                     l18643:	
  9118  0463  3006               	movlw	low(06h)
  9119  0464  00DC               	movwf	(_CAL_MtrLevel$10906)
  9120  0465  3000               	movlw	high(06h)
  9121  0466  00DD               	movwf	((_CAL_MtrLevel$10906))+1
  9122                           	
  9123  0467                     l8221:	
  9124  0467  085C               	movf	(_CAL_MtrLevel$10906),w
  9125  0468  00F1               	movwf	(??_CAL_MtrLevel+0)+0
  9126  0469  0871               	movf	(??_CAL_MtrLevel+0)+0,w
  9127  046A  00FD               	movwf	(_mtrLevel)
  9128  046B  2CCB               	goto	l8239
  9129                           	line	49
  9130                           	
  9131  046C                     l8217:	
  9132                           	
  9133  046C                     l18645:	
  9134                           ;System.c: 49: else if ( ad < 209 - 1 ) mtrLevel = 7;
  9135  046C  30D0               	movlw	(0D0h)
  9136  046D  0263               	subwf	(CAL_MtrLevel@ad),w
  9137  046E  1803               	skipnc
  9138  046F  2C71               	goto	u5781
  9139  0470  2C72               	goto	u5780
  9140  0471                     u5781:
  9141  0471  2C77               	goto	l18649
  9142  0472                     u5780:
  9143                           	
  9144  0472                     l18647:	
  9145  0472  3007               	movlw	(07h)
  9146  0473  00F1               	movwf	(??_CAL_MtrLevel+0)+0
  9147  0474  0871               	movf	(??_CAL_MtrLevel+0)+0,w
  9148  0475  00FD               	movwf	(_mtrLevel)
  9149  0476  2CCB               	goto	l8239
  9150                           	line	50
  9151                           	
  9152  0477                     l8223:	
  9153                           	
  9154  0477                     l18649:	
  9155                           ;System.c: 50: else if ( ad < 209 + 1 ) mtrLevel = mtrLevel < 8 ? 7 : 8;
  9156  0477  30D2               	movlw	(0D2h)
  9157  0478  0263               	subwf	(CAL_MtrLevel@ad),w
  9158  0479  1803               	skipnc
  9159  047A  2C7C               	goto	u5791
  9160  047B  2C7D               	goto	u5790
  9161  047C                     u5791:
  9162  047C  2C91               	goto	l18657
  9163  047D                     u5790:
  9164                           	
  9165  047D                     l18651:	
  9166  047D  3008               	movlw	(08h)
  9167  047E  027D               	subwf	(_mtrLevel),w
  9168  047F  1C03               	skipc
  9169  0480  2C82               	goto	u5801
  9170  0481  2C83               	goto	u5800
  9171  0482                     u5801:
  9172  0482  2C88               	goto	l18655
  9173  0483                     u5800:
  9174                           	
  9175  0483                     l18653:	
  9176  0483  3008               	movlw	low(08h)
  9177  0484  00DE               	movwf	(_CAL_MtrLevel$10907)
  9178  0485  3000               	movlw	high(08h)
  9179  0486  00DF               	movwf	((_CAL_MtrLevel$10907))+1
  9180  0487  2C8C               	goto	l8229
  9181                           	
  9182  0488                     l8227:	
  9183                           	
  9184  0488                     l18655:	
  9185  0488  3007               	movlw	low(07h)
  9186  0489  00DE               	movwf	(_CAL_MtrLevel$10907)
  9187  048A  3000               	movlw	high(07h)
  9188  048B  00DF               	movwf	((_CAL_MtrLevel$10907))+1
  9189                           	
  9190  048C                     l8229:	
  9191  048C  085E               	movf	(_CAL_MtrLevel$10907),w
  9192  048D  00F1               	movwf	(??_CAL_MtrLevel+0)+0
  9193  048E  0871               	movf	(??_CAL_MtrLevel+0)+0,w
  9194  048F  00FD               	movwf	(_mtrLevel)
  9195  0490  2CCB               	goto	l8239
  9196                           	line	51
  9197                           	
  9198  0491                     l8225:	
  9199                           	
  9200  0491                     l18657:	
  9201                           ;System.c: 51: else if ( ad < 240 - 1 ) mtrLevel = 8;
  9202  0491  30EF               	movlw	(0EFh)
  9203  0492  0263               	subwf	(CAL_MtrLevel@ad),w
  9204  0493  1803               	skipnc
  9205  0494  2C96               	goto	u5811
  9206  0495  2C97               	goto	u5810
  9207  0496                     u5811:
  9208  0496  2C9C               	goto	l18661
  9209  0497                     u5810:
  9210                           	
  9211  0497                     l18659:	
  9212  0497  3008               	movlw	(08h)
  9213  0498  00F1               	movwf	(??_CAL_MtrLevel+0)+0
  9214  0499  0871               	movf	(??_CAL_MtrLevel+0)+0,w
  9215  049A  00FD               	movwf	(_mtrLevel)
  9216  049B  2CCB               	goto	l8239
  9217                           	line	52
  9218                           	
  9219  049C                     l8231:	
  9220                           	
  9221  049C                     l18661:	
  9222                           ;System.c: 52: else if ( ad < 240 + 1 ) mtrLevel = mtrLevel < 9 ? 8 : 9;
  9223  049C  30F1               	movlw	(0F1h)
  9224  049D  0263               	subwf	(CAL_MtrLevel@ad),w
  9225  049E  1803               	skipnc
  9226  049F  2CA1               	goto	u5821
  9227  04A0  2CA2               	goto	u5820
  9228  04A1                     u5821:
  9229  04A1  2CB6               	goto	l18669
  9230  04A2                     u5820:
  9231                           	
  9232  04A2                     l18663:	
  9233  04A2  3009               	movlw	(09h)
  9234  04A3  027D               	subwf	(_mtrLevel),w
  9235  04A4  1C03               	skipc
  9236  04A5  2CA7               	goto	u5831
  9237  04A6  2CA8               	goto	u5830
  9238  04A7                     u5831:
  9239  04A7  2CAD               	goto	l18667
  9240  04A8                     u5830:
  9241                           	
  9242  04A8                     l18665:	
  9243  04A8  3009               	movlw	low(09h)
  9244  04A9  00E0               	movwf	(_CAL_MtrLevel$10908)
  9245  04AA  3000               	movlw	high(09h)
  9246  04AB  00E1               	movwf	((_CAL_MtrLevel$10908))+1
  9247  04AC  2CB1               	goto	l8237
  9248                           	
  9249  04AD                     l8235:	
  9250                           	
  9251  04AD                     l18667:	
  9252  04AD  3008               	movlw	low(08h)
  9253  04AE  00E0               	movwf	(_CAL_MtrLevel$10908)
  9254  04AF  3000               	movlw	high(08h)
  9255  04B0  00E1               	movwf	((_CAL_MtrLevel$10908))+1
  9256                           	
  9257  04B1                     l8237:	
  9258  04B1  0860               	movf	(_CAL_MtrLevel$10908),w
  9259  04B2  00F1               	movwf	(??_CAL_MtrLevel+0)+0
  9260  04B3  0871               	movf	(??_CAL_MtrLevel+0)+0,w
  9261  04B4  00FD               	movwf	(_mtrLevel)
  9262  04B5  2CCB               	goto	l8239
  9263                           	line	53
  9264                           	
  9265  04B6                     l8233:	
  9266                           	
  9267  04B6                     l18669:	
  9268                           ;System.c: 53: else mtrLevel = 9;
  9269  04B6  3009               	movlw	(09h)
  9270  04B7  00F1               	movwf	(??_CAL_MtrLevel+0)+0
  9271  04B8  0871               	movf	(??_CAL_MtrLevel+0)+0,w
  9272  04B9  00FD               	movwf	(_mtrLevel)
  9273  04BA  2CCB               	goto	l8239
  9274                           	
  9275  04BB                     l8238:	
  9276  04BB  2CCB               	goto	l8239
  9277                           	
  9278  04BC                     l8232:	
  9279  04BC  2CCB               	goto	l8239
  9280                           	
  9281  04BD                     l8230:	
  9282  04BD  2CCB               	goto	l8239
  9283                           	
  9284  04BE                     l8224:	
  9285  04BE  2CCB               	goto	l8239
  9286                           	
  9287  04BF                     l8222:	
  9288  04BF  2CCB               	goto	l8239
  9289                           	
  9290  04C0                     l8216:	
  9291  04C0  2CCB               	goto	l8239
  9292                           	
  9293  04C1                     l8214:	
  9294  04C1  2CCB               	goto	l8239
  9295                           	
  9296  04C2                     l8208:	
  9297  04C2  2CCB               	goto	l8239
  9298                           	
  9299  04C3                     l8206:	
  9300  04C3  2CCB               	goto	l8239
  9301                           	
  9302  04C4                     l8200:	
  9303  04C4  2CCB               	goto	l8239
  9304                           	
  9305  04C5                     l8198:	
  9306  04C5  2CCB               	goto	l8239
  9307                           	
  9308  04C6                     l8192:	
  9309  04C6  2CCB               	goto	l8239
  9310                           	
  9311  04C7                     l8190:	
  9312  04C7  2CCB               	goto	l8239
  9313                           	
  9314  04C8                     l8184:	
  9315  04C8  2CCB               	goto	l8239
  9316                           	
  9317  04C9                     l8182:	
  9318  04C9  2CCB               	goto	l8239
  9319                           	
  9320  04CA                     l8176:	
  9321  04CA  2CCB               	goto	l8239
  9322                           	
  9323  04CB                     l8174:	
  9324                           	line	54
  9325                           	
  9326  04CB                     l8239:	
  9327  04CB  0008               	return
  9328                           	opt stack 0
  9329                           GLOBAL	__end_of_CAL_MtrLevel
  9330  04CC                     	__end_of_CAL_MtrLevel:
  9331 ;; =============== function _CAL_MtrLevel ends ============
  9332                           
  9333                           	signat	_CAL_MtrLevel,88
  9334                           	global	_PID_CAL
  9335                           psect	text988,local,class=CODE,delta=2
  9336                           global __ptext988
  9337  0D8C                     __ptext988:
  9338                           
  9339 ;; *************** function _PID_CAL *****************
  9340 ;; Defined at:
  9341 ;;		line 37 in file "D:\project\baratheon-winnie\baratheon\MyMath.c"
  9342 ;; Parameters:    Size  Location     Type
  9343 ;;  p               1    wreg     PTR struct .
  9344 ;;		 -> MTR_Driver@SREG(16), 
  9345 ;;  err             2    0[BANK0 ] short 
  9346 ;; Auto vars:     Size  Location     Type
  9347 ;;  p               1   20[BANK0 ] PTR struct .
  9348 ;;		 -> MTR_Driver@SREG(16), 
  9349 ;; Return value:  Size  Location     Type
  9350 ;;                  2    0[BANK0 ] short 
  9351 ;; Registers used:
  9352 ;;		wreg, fsr1l, fsr1h, status,2, status,0, pclath, cstack
  9353 ;; Tracked objects:
  9354 ;;		On entry : 0/0
  9355 ;;		On exit  : 0/0
  9356 ;;		Unchanged: 0/0
  9357 ;; Data sizes:     COMMON   BANK0   BANK1   BANK2   BANK3   BANK4   BANK5   BANK7 BANK8hh BANK8hl  BANK8l BANK9hh BANK9h
       l  BANK9l BANK10h BANK10l  BANK11  BANK12
  9358 ;;      Params:         0       2       0       0       0       0       0       0       0       0       0       0       
       0       0       0       0       0       0
  9359 ;;      Locals:         0       1       0       0       0       0       0       0       0       0       0       0       
       0       0       0       0       0       0
  9360 ;;      Temps:          0      18       0       0       0       0       0       0       0       0       0       0       
       0       0       0       0       0       0
  9361 ;;      Totals:         0      21       0       0       0       0       0       0       0       0       0       0       
       0       0       0       0       0       0
  9362 ;;Total ram usage:       21 bytes
  9363 ;; Hardware stack levels used:    1
  9364 ;; Hardware stack levels required when called:    2
  9365 ;; This function calls:
  9366 ;;		___lmul
  9367 ;; This function is called by:
  9368 ;;		_MTR_Driver
  9369 ;; This function uses a non-reentrant model
  9370 ;;
  9371                           psect	text988
  9372                           	file	"D:\project\baratheon-winnie\baratheon\MyMath.c"
  9373                           	line	37
  9374                           	global	__size_of_PID_CAL
  9375  0122                     	__size_of_PID_CAL	equ	__end_of_PID_CAL-_PID_CAL
  9376                           	
  9377  0D8C                     _PID_CAL:	
  9378                           	opt	stack 11
  9379                           ; Regs used in _PID_CAL: [wreg+fsr1l-status,0+pclath+cstack]
  9380                           ;PID_CAL@p stored from wreg
  9381                           	line	39
  9382  0D8C  0020               	movlb 0	; select bank0
  9383  0D8D  00E6               	movwf	(PID_CAL@p)
  9384                           	
  9385  0D8E                     l18533:	
  9386                           ;MyMath.c: 38: if ( !( p->ro.W.H < p->ro.W.L && err >= 0 )
  9387                           ;MyMath.c: 39: && !( p->ro.W.L < p->ro.W.H && err < 0 ) )
  9388  0D8E  0866               	movf	(PID_CAL@p),w
  9389  0D8F  3E0C               	addlw	0Ch
  9390  0D90  0086               	movwf	fsr1l
  9391  0D91  0187               	clrf fsr1h	
  9392                           	
  9393  0D92  3F40               	moviw	[0]fsr1
  9394  0D93  00D4               	movwf	(??_PID_CAL+0)+0
  9395  0D94  3F41               	moviw	[1]fsr1
  9396  0D95  00D5               	movwf	(??_PID_CAL+0)+0+1
  9397  0D96  0866               	movf	(PID_CAL@p),w
  9398  0D97  3E0E               	addlw	0Eh
  9399  0D98  0086               	movwf	fsr1l
  9400  0D99  0187               	clrf fsr1h	
  9401                           	
  9402  0D9A  3F40               	moviw	[0]fsr1
  9403  0D9B  00D6               	movwf	(??_PID_CAL+2)+0
  9404  0D9C  3F41               	moviw	[1]fsr1
  9405  0D9D  00D7               	movwf	(??_PID_CAL+2)+0+1
  9406  0D9E  0857               	movf	1+(??_PID_CAL+2)+0,w
  9407  0D9F  3A80               	xorlw	80h
  9408  0DA0  00D8               	movwf	(??_PID_CAL+4)+0
  9409  0DA1  0855               	movf	1+(??_PID_CAL+0)+0,w
  9410  0DA2  3A80               	xorlw	80h
  9411  0DA3  0258               	subwf	(??_PID_CAL+4)+0,w
  9412  0DA4  1D03               	skipz
  9413  0DA5  2DA8               	goto	u5515
  9414  0DA6  0854               	movf	0+(??_PID_CAL+0)+0,w
  9415  0DA7  0256               	subwf	0+(??_PID_CAL+2)+0,w
  9416  0DA8                     u5515:
  9417                           
  9418  0DA8  1803               	skipnc
  9419  0DA9  2DAB               	goto	u5511
  9420  0DAA  2DAC               	goto	u5510
  9421  0DAB                     u5511:
  9422  0DAB  2DB2               	goto	l18537
  9423  0DAC                     u5510:
  9424                           	
  9425  0DAC                     l18535:	
  9426  0DAC  0020               	movlb 0	; select bank0
  9427  0DAD  1FD3               	btfss	(PID_CAL@err+1),7
  9428  0DAE  2DB0               	goto	u5521
  9429  0DAF  2DB1               	goto	u5520
  9430  0DB0                     u5521:
  9431  0DB0  2E05               	goto	l11473
  9432  0DB1                     u5520:
  9433  0DB1  2DB2               	goto	l18537
  9434                           	
  9435  0DB2                     l11475:	
  9436                           	
  9437  0DB2                     l18537:	
  9438  0DB2  0020               	movlb 0	; select bank0
  9439  0DB3  0866               	movf	(PID_CAL@p),w
  9440  0DB4  3E0E               	addlw	0Eh
  9441  0DB5  0086               	movwf	fsr1l
  9442  0DB6  0187               	clrf fsr1h	
  9443                           	
  9444  0DB7  3F40               	moviw	[0]fsr1
  9445  0DB8  00D4               	movwf	(??_PID_CAL+0)+0
  9446  0DB9  3F41               	moviw	[1]fsr1
  9447  0DBA  00D5               	movwf	(??_PID_CAL+0)+0+1
  9448  0DBB  0866               	movf	(PID_CAL@p),w
  9449  0DBC  3E0C               	addlw	0Ch
  9450  0DBD  0086               	movwf	fsr1l
  9451  0DBE  0187               	clrf fsr1h	
  9452                           	
  9453  0DBF  3F40               	moviw	[0]fsr1
  9454  0DC0  00D6               	movwf	(??_PID_CAL+2)+0
  9455  0DC1  3F41               	moviw	[1]fsr1
  9456  0DC2  00D7               	movwf	(??_PID_CAL+2)+0+1
  9457  0DC3  0857               	movf	1+(??_PID_CAL+2)+0,w
  9458  0DC4  3A80               	xorlw	80h
  9459  0DC5  00D8               	movwf	(??_PID_CAL+4)+0
  9460  0DC6  0855               	movf	1+(??_PID_CAL+0)+0,w
  9461  0DC7  3A80               	xorlw	80h
  9462  0DC8  0258               	subwf	(??_PID_CAL+4)+0,w
  9463  0DC9  1D03               	skipz
  9464  0DCA  2DCD               	goto	u5535
  9465  0DCB  0854               	movf	0+(??_PID_CAL+0)+0,w
  9466  0DCC  0256               	subwf	0+(??_PID_CAL+2)+0,w
  9467  0DCD                     u5535:
  9468                           
  9469  0DCD  1803               	skipnc
  9470  0DCE  2DD0               	goto	u5531
  9471  0DCF  2DD1               	goto	u5530
  9472  0DD0                     u5531:
  9473  0DD0  2DD7               	goto	l18541
  9474  0DD1                     u5530:
  9475                           	
  9476  0DD1                     l18539:	
  9477  0DD1  0020               	movlb 0	; select bank0
  9478  0DD2  1BD3               	btfsc	(PID_CAL@err+1),7
  9479  0DD3  2DD5               	goto	u5541
  9480  0DD4  2DD6               	goto	u5540
  9481  0DD5                     u5541:
  9482  0DD5  2E05               	goto	l11473
  9483  0DD6                     u5540:
  9484  0DD6  2DD7               	goto	l18541
  9485                           	
  9486  0DD7                     l11477:	
  9487                           	line	41
  9488                           	
  9489  0DD7                     l18541:	
  9490                           ;MyMath.c: 40: {
  9491                           ;MyMath.c: 41: p->ri.D += ( ( S32 )p->ki * ( S32 )err );
  9492  0DD7  0020               	movlb 0	; select bank0
  9493  0DD8  0866               	movf	(PID_CAL@p),w
  9494  0DD9  3E02               	addlw	02h
  9495  0DDA  0086               	movwf	fsr1l
  9496  0DDB  0187               	clrf fsr1h	
  9497                           	
  9498  0DDC  3F40               	moviw	[0]fsr1
  9499  0DDD  00D4               	movwf	(??_PID_CAL+0)+0
  9500  0DDE  3F41               	moviw	[1]fsr1
  9501  0DDF  00D5               	movwf	(??_PID_CAL+0)+0+1
  9502  0DE0  0854               	movf	0+(??_PID_CAL+0)+0,w
  9503  0DE1  00F1               	movwf	(?___lmul)
  9504  0DE2  0855               	movf	1+(??_PID_CAL+0)+0,w
  9505  0DE3  00F2               	movwf	(?___lmul+1)
  9506  0DE4  0D89               	rlf	wreg,f
  9507  0DE5  3B89               	subwfb	wreg,f
  9508  0DE6  0989               	comf	wreg,f
  9509  0DE7  00F3               	movwf	(?___lmul+2)
  9510  0DE8  00F4               	movwf	(?___lmul+3)
  9511  0DE9  0852               	movf	(PID_CAL@err),w
  9512  0DEA  00F5               	movwf	0+(?___lmul)+04h
  9513  0DEB  0853               	movf	(PID_CAL@err+1),w
  9514  0DEC  00F6               	movwf	1+(?___lmul)+04h
  9515  0DED  0D89               	rlf	wreg,f
  9516  0DEE  3B89               	subwfb	wreg,f
  9517  0DEF  0989               	comf	wreg,f
  9518  0DF0  00F7               	movwf	2+(?___lmul)+04h
  9519  0DF1  00F8               	movwf	3+(?___lmul)+04h
  9520  0DF2  3191  21DD  318D   	fcall	___lmul
  9521  0DF5  0020               	movlb 0	; select bank0
  9522  0DF6  0866               	movf	(PID_CAL@p),w
  9523  0DF7  3E08               	addlw	08h
  9524  0DF8  0086               	movwf	fsr1l
  9525  0DF9  0187               	clrf fsr1h	
  9526                           	
  9527  0DFA  0871               	movf	(0+(?___lmul)),w
  9528  0DFB  0781               	addwf	indf1,f
  9529  0DFC  3141               	addfsr	fsr1,1
  9530  0DFD  0872               	movf	(1+(?___lmul)),w
  9531  0DFE  3D81               	addwfc	indf1,f
  9532  0DFF  3141               	addfsr	fsr1,1
  9533  0E00  0873               	movf	(2+(?___lmul)),w
  9534  0E01  3D81               	addwfc	indf1,f
  9535  0E02  3141               	addfsr	fsr1,1
  9536  0E03  0874               	movf	(3+(?___lmul)),w
  9537  0E04  3D81               	addwfc	indf1,f
  9538                           
  9539                           	line	42
  9540                           	
  9541  0E05                     l11473:	
  9542                           	line	43
  9543                           ;MyMath.c: 42: }
  9544                           ;MyMath.c: 43: p->ro.D = ( ( S32 )p->kp * ( S32 )err ) + ( ( S32 )p->kd * ( S32 )err - p
                                 ->e1 ) + p->ri.D;
  9545  0E05  0866               	movf	(PID_CAL@p),w
  9546  0E06  3E08               	addlw	08h
  9547  0E07  0086               	movwf	fsr1l
  9548  0E08  0187               	clrf fsr1h	
  9549                           	
  9550  0E09  3F40               	moviw	[0]fsr1
  9551  0E0A  00D4               	movwf	((??_PID_CAL+0)+0+0)
  9552  0E0B  3F41               	moviw	[1]fsr1
  9553  0E0C  00D5               	movwf	((??_PID_CAL+0)+0+1)
  9554  0E0D  3F42               	moviw	[2]fsr1
  9555  0E0E  00D6               	movwf	((??_PID_CAL+0)+0+2)
  9556  0E0F  3F43               	moviw	[3]fsr1
  9557  0E10  00D7               	movwf	((??_PID_CAL+0)+0+3)
  9558  0E11  0866               	movf	(PID_CAL@p),w
  9559  0E12  3E06               	addlw	06h
  9560  0E13  0086               	movwf	fsr1l
  9561  0E14  0187               	clrf fsr1h	
  9562                           	
  9563  0E15  3F40               	moviw	[0]fsr1
  9564  0E16  00D8               	movwf	(??_PID_CAL+4)+0
  9565  0E17  3F41               	moviw	[1]fsr1
  9566  0E18  00D9               	movwf	(??_PID_CAL+4)+0+1
  9567  0E19  0858               	movf	0+(??_PID_CAL+4)+0,w
  9568  0E1A  00DA               	movwf	((??_PID_CAL+6)+0)
  9569  0E1B  0859               	movf	1+(??_PID_CAL+4)+0,w
  9570  0E1C  00DB               	movwf	((??_PID_CAL+6)+0+1)
  9571  0E1D  3000               	movlw	0
  9572  0E1E  1BDB               	btfsc	((??_PID_CAL+6)+0+1),7
  9573  0E1F  30FF               	movlw	255
  9574  0E20  00DC               	movwf	((??_PID_CAL+6)+0+2)
  9575  0E21  00DD               	movwf	((??_PID_CAL+6)+0+3)
  9576  0E22  09DA               	comf	(??_PID_CAL+6)+0,f
  9577  0E23  09DB               	comf	(??_PID_CAL+6)+1,f
  9578  0E24  09DC               	comf	(??_PID_CAL+6)+2,f
  9579  0E25  09DD               	comf	(??_PID_CAL+6)+3,f
  9580  0E26  0ADA               	incf	(??_PID_CAL+6)+0,f
  9581  0E27  1903               	skipnz
  9582  0E28  0ADB               	incf	(??_PID_CAL+6)+1,f
  9583  0E29  1903               	skipnz
  9584  0E2A  0ADC               	incf	(??_PID_CAL+6)+2,f
  9585  0E2B  1903               	skipnz
  9586  0E2C  0ADD               	incf	(??_PID_CAL+6)+3,f
  9587  0E2D  0866               	movf	(PID_CAL@p),w
  9588  0E2E  0086               	movwf	fsr1l
  9589  0E2F  0187               	clrf fsr1h	
  9590                           	
  9591  0E30  3F40               	moviw	[0]fsr1
  9592  0E31  00DE               	movwf	(??_PID_CAL+10)+0
  9593  0E32  3F41               	moviw	[1]fsr1
  9594  0E33  00DF               	movwf	(??_PID_CAL+10)+0+1
  9595  0E34  085E               	movf	0+(??_PID_CAL+10)+0,w
  9596  0E35  00F1               	movwf	(?___lmul)
  9597  0E36  085F               	movf	1+(??_PID_CAL+10)+0,w
  9598  0E37  00F2               	movwf	(?___lmul+1)
  9599  0E38  0D89               	rlf	wreg,f
  9600  0E39  3B89               	subwfb	wreg,f
  9601  0E3A  0989               	comf	wreg,f
  9602  0E3B  00F3               	movwf	(?___lmul+2)
  9603  0E3C  00F4               	movwf	(?___lmul+3)
  9604  0E3D  0852               	movf	(PID_CAL@err),w
  9605  0E3E  00F5               	movwf	0+(?___lmul)+04h
  9606  0E3F  0853               	movf	(PID_CAL@err+1),w
  9607  0E40  00F6               	movwf	1+(?___lmul)+04h
  9608  0E41  0D89               	rlf	wreg,f
  9609  0E42  3B89               	subwfb	wreg,f
  9610  0E43  0989               	comf	wreg,f
  9611  0E44  00F7               	movwf	2+(?___lmul)+04h
  9612  0E45  00F8               	movwf	3+(?___lmul)+04h
  9613  0E46  3191  21DD  318D   	fcall	___lmul
  9614  0E49  0871               	movf	(0+?___lmul),w
  9615  0E4A  0020               	movlb 0	; select bank0
  9616  0E4B  00E0               	movwf	(??_PID_CAL+12)+0
  9617  0E4C  0872               	movf	(1+?___lmul),w
  9618  0E4D  00E1               	movwf	((??_PID_CAL+12)+0+1)
  9619  0E4E  0873               	movf	(2+?___lmul),w
  9620  0E4F  00E2               	movwf	((??_PID_CAL+12)+0+2)
  9621  0E50  0874               	movf	(3+?___lmul),w
  9622  0E51  00E3               	movwf	((??_PID_CAL+12)+0+3)
  9623  0E52  0866               	movf	(PID_CAL@p),w
  9624  0E53  3E04               	addlw	04h
  9625  0E54  0086               	movwf	fsr1l
  9626  0E55  0187               	clrf fsr1h	
  9627                           	
  9628  0E56  3F40               	moviw	[0]fsr1
  9629  0E57  00E4               	movwf	(??_PID_CAL+16)+0
  9630  0E58  3F41               	moviw	[1]fsr1
  9631  0E59  00E5               	movwf	(??_PID_CAL+16)+0+1
  9632  0E5A  0864               	movf	0+(??_PID_CAL+16)+0,w
  9633  0E5B  00F1               	movwf	(?___lmul)
  9634  0E5C  0865               	movf	1+(??_PID_CAL+16)+0,w
  9635  0E5D  00F2               	movwf	(?___lmul+1)
  9636  0E5E  0D89               	rlf	wreg,f
  9637  0E5F  3B89               	subwfb	wreg,f
  9638  0E60  0989               	comf	wreg,f
  9639  0E61  00F3               	movwf	(?___lmul+2)
  9640  0E62  00F4               	movwf	(?___lmul+3)
  9641  0E63  0852               	movf	(PID_CAL@err),w
  9642  0E64  00F5               	movwf	0+(?___lmul)+04h
  9643  0E65  0853               	movf	(PID_CAL@err+1),w
  9644  0E66  00F6               	movwf	1+(?___lmul)+04h
  9645  0E67  0D89               	rlf	wreg,f
  9646  0E68  3B89               	subwfb	wreg,f
  9647  0E69  0989               	comf	wreg,f
  9648  0E6A  00F7               	movwf	2+(?___lmul)+04h
  9649  0E6B  00F8               	movwf	3+(?___lmul)+04h
  9650  0E6C  3191  21DD  318D   	fcall	___lmul
  9651  0E6F  0871               	movf	(0+(?___lmul)),w
  9652  0E70  0020               	movlb 0	; select bank0
  9653  0E71  07E0               	addwf	(??_PID_CAL+12)+0,f
  9654  0E72  0872               	movf	(1+(?___lmul)),w
  9655  0E73  3DE1               	addwfc	(??_PID_CAL+12)+1,f
  9656  0E74  0873               	movf	(2+(?___lmul)),w
  9657  0E75  3DE2               	addwfc	(??_PID_CAL+12)+2,f
  9658  0E76  0874               	movf	(3+(?___lmul)),w
  9659  0E77  3DE3               	addwfc	(??_PID_CAL+12)+3,f
  9660  0E78  0860               	movf	0+(??_PID_CAL+12)+0,w
  9661  0E79  07DA               	addwf	(??_PID_CAL+6)+0,f
  9662  0E7A  0861               	movf	1+(??_PID_CAL+12)+0,w
  9663  0E7B  3DDB               	addwfc	(??_PID_CAL+6)+1,f
  9664  0E7C  0862               	movf	2+(??_PID_CAL+12)+0,w
  9665  0E7D  3DDC               	addwfc	(??_PID_CAL+6)+2,f
  9666  0E7E  0863               	movf	3+(??_PID_CAL+12)+0,w
  9667  0E7F  3DDD               	addwfc	(??_PID_CAL+6)+3,f
  9668  0E80  085A               	movf	0+(??_PID_CAL+6)+0,w
  9669  0E81  07D4               	addwf	(??_PID_CAL+0)+0,f
  9670  0E82  085B               	movf	1+(??_PID_CAL+6)+0,w
  9671  0E83  3DD5               	addwfc	(??_PID_CAL+0)+1,f
  9672  0E84  085C               	movf	2+(??_PID_CAL+6)+0,w
  9673  0E85  3DD6               	addwfc	(??_PID_CAL+0)+2,f
  9674  0E86  085D               	movf	3+(??_PID_CAL+6)+0,w
  9675  0E87  3DD7               	addwfc	(??_PID_CAL+0)+3,f
  9676  0E88  0866               	movf	(PID_CAL@p),w
  9677  0E89  3E0C               	addlw	0Ch
  9678  0E8A  0086               	movwf	fsr1l
  9679  0E8B  0187               	clrf fsr1h	
  9680                           	
  9681  0E8C  0854               	movf	0+(??_PID_CAL+0)+0,w
  9682  0E8D  3FC0               	movwi	[0]fsr1
  9683  0E8E  0855               	movf	1+(??_PID_CAL+0)+0,w
  9684  0E8F  3FC1               	movwi	[1]fsr1
  9685  0E90  0856               	movf	2+(??_PID_CAL+0)+0,w
  9686  0E91  3FC2               	movwi	[2]fsr1
  9687  0E92  0857               	movf	3+(??_PID_CAL+0)+0,w
  9688  0E93  3FC3               	movwi	[3]fsr1
  9689                           	line	44
  9690                           	
  9691  0E94                     l18543:	
  9692                           ;MyMath.c: 44: p->ro.W.L = p->ro.W.H;
  9693  0E94  0866               	movf	(PID_CAL@p),w
  9694  0E95  3E0E               	addlw	0Eh
  9695  0E96  0086               	movwf	fsr1l
  9696  0E97  0187               	clrf fsr1h	
  9697                           	
  9698  0E98  3F40               	moviw	[0]fsr1
  9699  0E99  00D4               	movwf	(??_PID_CAL+0)+0
  9700  0E9A  3F41               	moviw	[1]fsr1
  9701  0E9B  00D5               	movwf	(??_PID_CAL+0)+0+1
  9702  0E9C  0866               	movf	(PID_CAL@p),w
  9703  0E9D  3E0C               	addlw	0Ch
  9704  0E9E  0086               	movwf	fsr1l
  9705  0E9F  0187               	clrf fsr1h	
  9706                           	
  9707  0EA0  0854               	movf	0+(??_PID_CAL+0)+0,w
  9708  0EA1  3FC0               	movwi	[0]fsr1
  9709  0EA2  0855               	movf	1+(??_PID_CAL+0)+0,w
  9710  0EA3  3FC1               	movwi	[1]fsr1
  9711                           	line	45
  9712                           	
  9713  0EA4                     l18545:	
  9714                           ;MyMath.c: 45: p->e1 = err;
  9715  0EA4  0866               	movf	(PID_CAL@p),w
  9716  0EA5  3E06               	addlw	06h
  9717  0EA6  0086               	movwf	fsr1l
  9718  0EA7  0187               	clrf fsr1h	
  9719                           	
  9720  0EA8  0852               	movf	(PID_CAL@err),w
  9721  0EA9  3FC0               	movwi	[0]fsr1
  9722  0EAA  0853               	movf	(PID_CAL@err+1),w
  9723  0EAB  3FC1               	movwi	[1]fsr1
  9724  0EAC  2EAD               	goto	l11478
  9725                           	line	46
  9726                           	
  9727  0EAD                     l18547:	
  9728                           	line	47
  9729                           ;MyMath.c: 46: return p->ro.W.H;
  9730                           ;	Return value of _PID_CAL is never used
  9731                           	
  9732  0EAD                     l11478:	
  9733  0EAD  0008               	return
  9734                           	opt stack 0
  9735                           GLOBAL	__end_of_PID_CAL
  9736  0EAE                     	__end_of_PID_CAL:
  9737 ;; =============== function _PID_CAL ends ============
  9738                           
  9739                           	signat	_PID_CAL,8314
  9740                           	global	_CAL_MtrSpeed
  9741                           psect	text989,local,class=CODE,delta=2
  9742                           global __ptext989
  9743  0B60                     __ptext989:
  9744                           
  9745 ;; *************** function _CAL_MtrSpeed *****************
  9746 ;; Defined at:
  9747 ;;		line 121 in file "D:\project\baratheon-winnie\baratheon\Motor.c"
  9748 ;; Parameters:    Size  Location     Type
  9749 ;;		None
  9750 ;; Auto vars:     Size  Location     Type
  9751 ;;  t               2   18[BANK0 ] unsigned short 
  9752 ;;  i               1   22[BANK0 ] unsigned char 
  9753 ;;  j               1   21[BANK0 ] unsigned char 
  9754 ;;  n               1   20[BANK0 ] unsigned char 
  9755 ;; Return value:  Size  Location     Type
  9756 ;;		None               void
  9757 ;; Registers used:
  9758 ;;		wreg, fsr0l, fsr0h, fsr1l, fsr1h, status,2, status,0, pclath, cstack
  9759 ;; Tracked objects:
  9760 ;;		On entry : 0/0
  9761 ;;		On exit  : 0/0
  9762 ;;		Unchanged: 0/0
  9763 ;; Data sizes:     COMMON   BANK0   BANK1   BANK2   BANK3   BANK4   BANK5   BANK7 BANK8hh BANK8hl  BANK8l BANK9hh BANK9h
       l  BANK9l BANK10h BANK10l  BANK11  BANK12
  9764 ;;      Params:         0       0       0       0       0       0       0       0       0       0       0       0       
       0       0       0       0       0       0
  9765 ;;      Locals:         0       5       0       0       0       0       0       0       0       0       0       0       
       0       0       0       0       0       0
  9766 ;;      Temps:          0       4       0       0       0       0       0       0       0       0       0       0       
       0       0       0       0       0       0
  9767 ;;      Totals:         0       9       0       0       0       0       0       0       0       0       0       0       
       0       0       0       0       0       0
  9768 ;;Total ram usage:        9 bytes
  9769 ;; Hardware stack levels used:    1
  9770 ;; Hardware stack levels required when called:    2
  9771 ;; This function calls:
  9772 ;;		___lmul
  9773 ;;		___lldiv
  9774 ;; This function is called by:
  9775 ;;		_MTR_Ctrl
  9776 ;; This function uses a non-reentrant model
  9777 ;;
  9778                           psect	text989
  9779                           	file	"D:\project\baratheon-winnie\baratheon\Motor.c"
  9780                           	line	121
  9781                           	global	__size_of_CAL_MtrSpeed
  9782  010F                     	__size_of_CAL_MtrSpeed	equ	__end_of_CAL_MtrSpeed-_CAL_MtrSpeed
  9783                           	
  9784  0B60                     _CAL_MtrSpeed:	
  9785                           	opt	stack 12
  9786                           ; Regs used in _CAL_MtrSpeed: [wreg-status,0+pclath+cstack]
  9787                           	line	125
  9788                           	
  9789  0B60                     l18483:	
  9790                           ;Motor.c: 122: static  U16 tmZSP = 0;
  9791                           ;Motor.c: 123: U8 n, i, j;
  9792                           ;Motor.c: 124: U16 t;
  9793                           ;Motor.c: 125: if ( ++mtrHallWDT >= 50 )
  9794  0B60  3001               	movlw	(01h)
  9795  0B61  0020               	movlb 0	; select bank0
  9796  0B62  00E0               	movwf	(??_CAL_MtrSpeed+0)+0
  9797  0B63  0860               	movf	(??_CAL_MtrSpeed+0)+0,w
  9798  0B64  0021               	movlb 1	; select bank1
  9799  0B65  07C2               	addwf	(_mtrHallWDT)^080h,f
  9800  0B66  3032               	movlw	(032h)
  9801  0B67  0242               	subwf	((_mtrHallWDT)^080h),w
  9802  0B68  1C03               	skipc
  9803  0B69  2B6B               	goto	u5411
  9804  0B6A  2B6C               	goto	u5410
  9805  0B6B                     u5411:
  9806  0B6B  2B77               	goto	l18491
  9807  0B6C                     u5410:
  9808                           	line	127
  9809                           	
  9810  0B6C                     l18485:	
  9811                           ;Motor.c: 126: {
  9812                           ;Motor.c: 127: mtrHallWDT = 50;
  9813  0B6C  3032               	movlw	(032h)
  9814  0B6D  0020               	movlb 0	; select bank0
  9815  0B6E  00E0               	movwf	(??_CAL_MtrSpeed+0)+0
  9816  0B6F  0860               	movf	(??_CAL_MtrSpeed+0)+0,w
  9817  0B70  0021               	movlb 1	; select bank1
  9818  0B71  00C2               	movwf	(_mtrHallWDT)^080h
  9819                           	line	128
  9820                           	
  9821  0B72                     l18487:	
  9822                           ;Motor.c: 128: mtrHallEvent = 0;
  9823  0B72  01C0               	clrf	(_mtrHallEvent)^080h
  9824                           	line	129
  9825                           	
  9826  0B73                     l18489:	
  9827                           ;Motor.c: 129: mtrSpeed = 0;
  9828  0B73  0020               	movlb 0	; select bank0
  9829  0B74  01B4               	clrf	(_mtrSpeed)
  9830  0B75  01B5               	clrf	(_mtrSpeed+1)
  9831                           	line	130
  9832                           ;Motor.c: 130: }
  9833  0B76  2C32               	goto	l18521
  9834                           	line	131
  9835                           	
  9836  0B77                     l6500:	
  9837                           	
  9838  0B77                     l18491:	
  9839                           ;Motor.c: 131: else if ( mtrHallEvent >= 3 )
  9840  0B77  3003               	movlw	(03h)
  9841  0B78  0021               	movlb 1	; select bank1
  9842  0B79  0240               	subwf	(_mtrHallEvent)^080h,w
  9843  0B7A  1C03               	skipc
  9844  0B7B  2B7D               	goto	u5421
  9845  0B7C  2B7E               	goto	u5420
  9846  0B7D                     u5421:
  9847  0B7D  2C32               	goto	l18521
  9848  0B7E                     u5420:
  9849                           	line	133
  9850                           	
  9851  0B7E                     l18493:	
  9852                           ;Motor.c: 132: {
  9853                           ;Motor.c: 133: if ( mtrHallEvent >= 30 ) mtrHallEvent = 30;
  9854  0B7E  301E               	movlw	(01Eh)
  9855  0B7F  0240               	subwf	(_mtrHallEvent)^080h,w
  9856  0B80  1C03               	skipc
  9857  0B81  2B83               	goto	u5431
  9858  0B82  2B84               	goto	u5430
  9859  0B83                     u5431:
  9860  0B83  2B8B               	goto	l18497
  9861  0B84                     u5430:
  9862                           	
  9863  0B84                     l18495:	
  9864  0B84  301E               	movlw	(01Eh)
  9865  0B85  0020               	movlb 0	; select bank0
  9866  0B86  00E0               	movwf	(??_CAL_MtrSpeed+0)+0
  9867  0B87  0860               	movf	(??_CAL_MtrSpeed+0)+0,w
  9868  0B88  0021               	movlb 1	; select bank1
  9869  0B89  00C0               	movwf	(_mtrHallEvent)^080h
  9870  0B8A  2B8B               	goto	l18497
  9871                           	
  9872  0B8B                     l6503:	
  9873                           	line	134
  9874                           	
  9875  0B8B                     l18497:	
  9876                           ;Motor.c: 134: n = mtrHallEvent - 2;
  9877  0B8B  0840               	movf	(_mtrHallEvent)^080h,w
  9878  0B8C  3EFE               	addlw	0FEh
  9879  0B8D  0020               	movlb 0	; select bank0
  9880  0B8E  00E0               	movwf	(??_CAL_MtrSpeed+0)+0
  9881  0B8F  0860               	movf	(??_CAL_MtrSpeed+0)+0,w
  9882  0B90  00E6               	movwf	(CAL_MtrSpeed@n)
  9883                           	line	135
  9884                           	
  9885  0B91                     l18499:	
  9886                           ;Motor.c: 135: i = mtrHallIndex - 1;
  9887  0B91  0021               	movlb 1	; select bank1
  9888  0B92  0841               	movf	(_mtrHallIndex)^080h,w
  9889  0B93  3EFF               	addlw	0FFh
  9890  0B94  0020               	movlb 0	; select bank0
  9891  0B95  00E0               	movwf	(??_CAL_MtrSpeed+0)+0
  9892  0B96  0860               	movf	(??_CAL_MtrSpeed+0)+0,w
  9893  0B97  00E8               	movwf	(CAL_MtrSpeed@i)
  9894                           	line	136
  9895                           	
  9896  0B98                     l18501:	
  9897                           ;Motor.c: 136: j = 0;
  9898  0B98  01E7               	clrf	(CAL_MtrSpeed@j)
  9899                           	line	137
  9900                           ;Motor.c: 137: if ( n < 4 )
  9901  0B99  3004               	movlw	(04h)
  9902  0B9A  0266               	subwf	(CAL_MtrSpeed@n),w
  9903  0B9B  1803               	skipnc
  9904  0B9C  2B9E               	goto	u5441
  9905  0B9D  2B9F               	goto	u5440
  9906  0B9E                     u5441:
  9907  0B9E  2BC4               	goto	l18507
  9908  0B9F                     u5440:
  9909                           	line	139
  9910                           	
  9911  0B9F                     l18503:	
  9912                           ;Motor.c: 138: {
  9913                           ;Motor.c: 139: j = n;
  9914  0B9F  0866               	movf	(CAL_MtrSpeed@n),w
  9915  0BA0  00E0               	movwf	(??_CAL_MtrSpeed+0)+0
  9916  0BA1  0860               	movf	(??_CAL_MtrSpeed+0)+0,w
  9917  0BA2  00E7               	movwf	(CAL_MtrSpeed@j)
  9918                           	line	140
  9919                           	
  9920  0BA3                     l18505:	
  9921                           ;Motor.c: 140: t = mtrHallTime[ i & 31 ] - mtrHallTime[ i - j & 31 ];
  9922  0BA3  0868               	movf	(CAL_MtrSpeed@i),w
  9923  0BA4  391F               	andlw	01Fh
  9924  0BA5  0709               	addwf	wreg,w
  9925  0BA6  3E20               	addlw	800&0ffh
  9926  0BA7  0086               	movwf	fsr1l
  9927  0BA8  3003               	movlw 3	; select bank6/7
  9928  0BA9  0087               	movwf fsr1h	
  9929                           	
  9930  0BAA  0367               	decf	(CAL_MtrSpeed@j),w
  9931  0BAB  3AFF               	xorlw	0ffh
  9932  0BAC  0768               	addwf	(CAL_MtrSpeed@i),w
  9933  0BAD  391F               	andlw	01Fh
  9934  0BAE  0709               	addwf	wreg,w
  9935  0BAF  3E20               	addlw	800&0ffh
  9936  0BB0  0084               	movwf	fsr0l
  9937  0BB1  3003               	movlw 3	; select bank6/7
  9938  0BB2  0085               	movwf fsr0h	
  9939                           	
  9940  0BB3  3F00               	moviw	[0]fsr0
  9941  0BB4  00E0               	movwf	(??_CAL_MtrSpeed+0)+0
  9942  0BB5  3F01               	moviw	[1]fsr0
  9943  0BB6  00E1               	movwf	(??_CAL_MtrSpeed+0)+0+1
  9944  0BB7  09E0               	comf	(??_CAL_MtrSpeed+0)+0,f
  9945  0BB8  09E1               	comf	(??_CAL_MtrSpeed+0)+1,f
  9946  0BB9  0AE0               	incf	(??_CAL_MtrSpeed+0)+0,f
  9947  0BBA  1903               	skipnz
  9948  0BBB  0AE1               	incf	(??_CAL_MtrSpeed+0)+1,f
  9949  0BBC  3F40               	moviw	[0]fsr1
  9950  0BBD  0760               	addwf	0+(??_CAL_MtrSpeed+0)+0,w
  9951  0BBE  00E4               	movwf	(CAL_MtrSpeed@t)
  9952  0BBF  3F41               	moviw	[1]fsr1
  9953  0BC0  3D61               	addwfc	1+(??_CAL_MtrSpeed+0)+0,w
  9954  0BC1  00E5               	movwf	(CAL_MtrSpeed@t)+1
  9955                           	line	141
  9956                           ;Motor.c: 141: }
  9957  0BC2  2BFF               	goto	l18519
  9958                           	line	142
  9959                           	
  9960  0BC3                     l6504:	
  9961  0BC3  2BC4               	goto	l18507
  9962                           ;Motor.c: 142: else while ( 1 )
  9963                           	
  9964  0BC4                     l6506:	
  9965                           	line	144
  9966                           	
  9967  0BC4                     l18507:	
  9968                           ;Motor.c: 143: {
  9969                           ;Motor.c: 144: n -= 4;
  9970  0BC4  3004               	movlw	low(04h)
  9971  0BC5  02E6               	subwf	(CAL_MtrSpeed@n),f
  9972                           	line	145
  9973                           ;Motor.c: 145: j += 4;
  9974  0BC6  3004               	movlw	(04h)
  9975  0BC7  00E0               	movwf	(??_CAL_MtrSpeed+0)+0
  9976  0BC8  0860               	movf	(??_CAL_MtrSpeed+0)+0,w
  9977  0BC9  07E7               	addwf	(CAL_MtrSpeed@j),f
  9978                           	line	146
  9979                           	
  9980  0BCA                     l18509:	
  9981                           ;Motor.c: 146: t = mtrHallTime[ i & 31 ] - mtrHallTime[ i - j & 31 ];
  9982  0BCA  0868               	movf	(CAL_MtrSpeed@i),w
  9983  0BCB  391F               	andlw	01Fh
  9984  0BCC  0709               	addwf	wreg,w
  9985  0BCD  3E20               	addlw	800&0ffh
  9986  0BCE  0086               	movwf	fsr1l
  9987  0BCF  3003               	movlw 3	; select bank6/7
  9988  0BD0  0087               	movwf fsr1h	
  9989                           	
  9990  0BD1  0367               	decf	(CAL_MtrSpeed@j),w
  9991  0BD2  3AFF               	xorlw	0ffh
  9992  0BD3  0768               	addwf	(CAL_MtrSpeed@i),w
  9993  0BD4  391F               	andlw	01Fh
  9994  0BD5  0709               	addwf	wreg,w
  9995  0BD6  3E20               	addlw	800&0ffh
  9996  0BD7  0084               	movwf	fsr0l
  9997  0BD8  3003               	movlw 3	; select bank6/7
  9998  0BD9  0085               	movwf fsr0h	
  9999                           	
 10000  0BDA  3F00               	moviw	[0]fsr0
 10001  0BDB  00E0               	movwf	(??_CAL_MtrSpeed+0)+0
 10002  0BDC  3F01               	moviw	[1]fsr0
 10003  0BDD  00E1               	movwf	(??_CAL_MtrSpeed+0)+0+1
 10004  0BDE  09E0               	comf	(??_CAL_MtrSpeed+0)+0,f
 10005  0BDF  09E1               	comf	(??_CAL_MtrSpeed+0)+1,f
 10006  0BE0  0AE0               	incf	(??_CAL_MtrSpeed+0)+0,f
 10007  0BE1  1903               	skipnz
 10008  0BE2  0AE1               	incf	(??_CAL_MtrSpeed+0)+1,f
 10009  0BE3  3F40               	moviw	[0]fsr1
 10010  0BE4  0760               	addwf	0+(??_CAL_MtrSpeed+0)+0,w
 10011  0BE5  00E4               	movwf	(CAL_MtrSpeed@t)
 10012  0BE6  3F41               	moviw	[1]fsr1
 10013  0BE7  3D61               	addwfc	1+(??_CAL_MtrSpeed+0)+0,w
 10014  0BE8  00E5               	movwf	(CAL_MtrSpeed@t)+1
 10015                           	line	147
 10016                           	
 10017  0BE9                     l18511:	
 10018                           ;Motor.c: 147: if ( n < 4 ) break;
 10019  0BE9  3004               	movlw	(04h)
 10020  0BEA  0266               	subwf	(CAL_MtrSpeed@n),w
 10021  0BEB  1803               	skipnc
 10022  0BEC  2BEE               	goto	u5451
 10023  0BED  2BEF               	goto	u5450
 10024  0BEE                     u5451:
 10025  0BEE  2BF1               	goto	l18515
 10026  0BEF                     u5450:
 10027  0BEF  2BFF               	goto	l18519
 10028                           	
 10029  0BF0                     l18513:	
 10030  0BF0  2BFF               	goto	l18519
 10031                           	
 10032  0BF1                     l6507:	
 10033                           	line	148
 10034                           	
 10035  0BF1                     l18515:	
 10036                           ;Motor.c: 148: if ( t >= 1600 ) break;
 10037  0BF1  3006               	movlw	high(0640h)
 10038  0BF2  0265               	subwf	(CAL_MtrSpeed@t+1),w
 10039  0BF3  3040               	movlw	low(0640h)
 10040  0BF4  1903               	skipnz
 10041  0BF5  0264               	subwf	(CAL_MtrSpeed@t),w
 10042  0BF6  1C03               	skipc
 10043  0BF7  2BF9               	goto	u5461
 10044  0BF8  2BFA               	goto	u5460
 10045  0BF9                     u5461:
 10046  0BF9  2BC4               	goto	l18507
 10047  0BFA                     u5460:
 10048  0BFA  2BFF               	goto	l18519
 10049                           	
 10050  0BFB                     l18517:	
 10051  0BFB  2BFF               	goto	l18519
 10052                           	
 10053  0BFC                     l6509:	
 10054  0BFC  2BC4               	goto	l18507
 10055                           	line	149
 10056                           	
 10057  0BFD                     l6510:	
 10058                           	line	142
 10059  0BFD  2BC4               	goto	l18507
 10060                           	
 10061  0BFE                     l6508:	
 10062  0BFE  2BFF               	goto	l18519
 10063                           	line	149
 10064                           	
 10065  0BFF                     l6505:	
 10066                           	line	150
 10067                           	
 10068  0BFF                     l18519:	
 10069                           ;Motor.c: 149: }
 10070                           ;Motor.c: 150: mtrSpeed = ( U16 )( 600000UL * ( U32 )j / ( U32 )t );
 10071  0BFF  0864               	movf	(CAL_MtrSpeed@t),w
 10072  0C00  00D2               	movwf	(?___lldiv)
 10073  0C01  0865               	movf	(CAL_MtrSpeed@t+1),w
 10074  0C02  00D3               	movwf	((?___lldiv))+1
 10075  0C03  01D4               	clrf	2+((?___lldiv))
 10076  0C04  01D5               	clrf	3+((?___lldiv))
 10077  0C05  0867               	movf	(CAL_MtrSpeed@j),w
 10078  0C06  00E0               	movwf	(??_CAL_MtrSpeed+0)+0
 10079  0C07  01E1               	clrf	((??_CAL_MtrSpeed+0)+0+1)
 10080  0C08  01E2               	clrf	((??_CAL_MtrSpeed+0)+0+2)
 10081  0C09  01E3               	clrf	((??_CAL_MtrSpeed+0)+0+3)
 10082  0C0A  0863               	movf	3+(??_CAL_MtrSpeed+0)+0,w
 10083  0C0B  00F4               	movwf	(?___lmul+3)
 10084  0C0C  0862               	movf	2+(??_CAL_MtrSpeed+0)+0,w
 10085  0C0D  00F3               	movwf	(?___lmul+2)
 10086  0C0E  0861               	movf	1+(??_CAL_MtrSpeed+0)+0,w
 10087  0C0F  00F2               	movwf	(?___lmul+1)
 10088  0C10  0860               	movf	0+(??_CAL_MtrSpeed+0)+0,w
 10089  0C11  00F1               	movwf	(?___lmul)
 10090                           
 10091  0C12  3000               	movlw	0
 10092  0C13  00F8               	movwf	3+(?___lmul)+04h
 10093  0C14  3009               	movlw	09h
 10094  0C15  00F7               	movwf	2+(?___lmul)+04h
 10095  0C16  3027               	movlw	027h
 10096  0C17  00F6               	movwf	1+(?___lmul)+04h
 10097  0C18  30C0               	movlw	0C0h
 10098  0C19  00F5               	movwf	0+(?___lmul)+04h
 10099                           
 10100  0C1A  3191  21DD  318B   	fcall	___lmul
 10101  0C1D  0874               	movf	(3+(?___lmul)),w
 10102  0C1E  0020               	movlb 0	; select bank0
 10103  0C1F  00D9               	movwf	3+(?___lldiv)+04h
 10104  0C20  0873               	movf	(2+(?___lmul)),w
 10105  0C21  00D8               	movwf	2+(?___lldiv)+04h
 10106  0C22  0872               	movf	(1+(?___lmul)),w
 10107  0C23  00D7               	movwf	1+(?___lldiv)+04h
 10108  0C24  0871               	movf	(0+(?___lmul)),w
 10109  0C25  00D6               	movwf	0+(?___lldiv)+04h
 10110                           
 10111  0C26  3193  23ED  318B   	fcall	___lldiv
 10112  0C29  0020               	movlb 0	; select bank0
 10113  0C2A  0853               	movf	1+(((0+(?___lldiv)))),w
 10114  0C2B  01B5               	clrf	(_mtrSpeed+1)
 10115  0C2C  07B5               	addwf	(_mtrSpeed+1)
 10116  0C2D  0852               	movf	0+(((0+(?___lldiv)))),w
 10117  0C2E  01B4               	clrf	(_mtrSpeed)
 10118  0C2F  07B4               	addwf	(_mtrSpeed)
 10119                           
 10120  0C30  2C32               	goto	l18521
 10121                           	line	151
 10122                           	
 10123  0C31                     l6502:	
 10124  0C31  2C32               	goto	l18521
 10125                           	line	152
 10126                           	
 10127  0C32                     l6501:	
 10128                           	
 10129  0C32                     l18521:	
 10130                           ;Motor.c: 151: }
 10131                           ;Motor.c: 152: if ( tmTriac <= ( U16 )( acCycleHalf ) || mtrSpeed >= 300 )
 10132  0C32  0021               	movlb 1	; select bank1
 10133  0C33  0838               	movf	(_acCycleHalf)^080h,w
 10134  0C34  0020               	movlb 0	; select bank0
 10135  0C35  00E0               	movwf	(??_CAL_MtrSpeed+0)+0
 10136  0C36  01E1               	clrf	(??_CAL_MtrSpeed+0)+0+1
 10137  0C37  0021               	movlb 1	; select bank1
 10138  0C38  082F               	movf	(_tmTriac+1)^080h,w
 10139  0C39  0020               	movlb 0	; select bank0
 10140  0C3A  0261               	subwf	1+(??_CAL_MtrSpeed+0)+0,w
 10141  0C3B  1D03               	skipz
 10142  0C3C  2C41               	goto	u5475
 10143  0C3D  0021               	movlb 1	; select bank1
 10144  0C3E  082E               	movf	(_tmTriac)^080h,w
 10145  0C3F  0020               	movlb 0	; select bank0
 10146  0C40  0260               	subwf	0+(??_CAL_MtrSpeed+0)+0,w
 10147  0C41                     u5475:
 10148  0C41  1803               	skipnc
 10149  0C42  2C44               	goto	u5471
 10150  0C43  2C45               	goto	u5470
 10151  0C44                     u5471:
 10152  0C44  2C4F               	goto	l18525
 10153  0C45                     u5470:
 10154                           	
 10155  0C45                     l18523:	
 10156  0C45  3001               	movlw	high(012Ch)
 10157  0C46  0235               	subwf	(_mtrSpeed+1),w
 10158  0C47  302C               	movlw	low(012Ch)
 10159  0C48  1903               	skipnz
 10160  0C49  0234               	subwf	(_mtrSpeed),w
 10161  0C4A  1C03               	skipc
 10162  0C4B  2C4D               	goto	u5481
 10163  0C4C  2C4E               	goto	u5480
 10164  0C4D                     u5481:
 10165  0C4D  2C52               	goto	l18527
 10166  0C4E                     u5480:
 10167  0C4E  2C4F               	goto	l18525
 10168                           	
 10169  0C4F                     l6513:	
 10170                           	line	154
 10171                           	
 10172  0C4F                     l18525:	
 10173                           ;Motor.c: 153: {
 10174                           ;Motor.c: 154: tmZSP = 0;
 10175  0C4F  01AA               	clrf	(CAL_MtrSpeed@tmZSP)
 10176  0C50  01AB               	clrf	(CAL_MtrSpeed@tmZSP+1)
 10177                           	line	155
 10178                           ;Motor.c: 155: }
 10179  0C51  2C6E               	goto	l6519
 10180                           	line	156
 10181                           	
 10182  0C52                     l6511:	
 10183                           	
 10184  0C52                     l18527:	
 10185                           ;Motor.c: 156: else if ( ++tmZSP >= 300 )
 10186  0C52  3001               	movlw	low(01h)
 10187  0C53  07AA               	addwf	(CAL_MtrSpeed@tmZSP),f
 10188  0C54  3000               	movlw	high(01h)
 10189  0C55  3DAB               	addwfc	(CAL_MtrSpeed@tmZSP+1),f
 10190  0C56  3001               	movlw	high(012Ch)
 10191  0C57  022B               	subwf	((CAL_MtrSpeed@tmZSP+1)),w
 10192  0C58  302C               	movlw	low(012Ch)
 10193  0C59  1903               	skipnz
 10194  0C5A  022A               	subwf	((CAL_MtrSpeed@tmZSP)),w
 10195  0C5B  1C03               	skipc
 10196  0C5C  2C5E               	goto	u5491
 10197  0C5D  2C5F               	goto	u5490
 10198  0C5E                     u5491:
 10199  0C5E  2C6E               	goto	l6519
 10200  0C5F                     u5490:
 10201  0C5F  2C60               	goto	l18529
 10202                           	line	158
 10203                           ;Motor.c: 157: {
 10204                           ;Motor.c: 158: do { if ( !mtrError ) mtrError = mtrError = 7; } while(0);
 10205                           	
 10206  0C60                     l6516:	
 10207                           	
 10208  0C60                     l18529:	
 10209  0C60  08C9               	movf	(_mtrError),f
 10210  0C61  1D03               	skipz
 10211  0C62  2C64               	goto	u5501
 10212  0C63  2C65               	goto	u5500
 10213  0C64                     u5501:
 10214  0C64  2C6E               	goto	l6519
 10215  0C65                     u5500:
 10216                           	
 10217  0C65                     l18531:	
 10218  0C65  3007               	movlw	(07h)
 10219  0C66  00C9               	movwf	(_mtrError)
 10220  0C67  00E0               	movwf	(??_CAL_MtrSpeed+0)+0
 10221  0C68  0860               	movf	(??_CAL_MtrSpeed+0)+0,w
 10222  0C69  00C9               	movwf	(_mtrError)
 10223  0C6A  2C6E               	goto	l6519
 10224                           	
 10225  0C6B                     l6517:	
 10226  0C6B  2C6E               	goto	l6519
 10227                           	
 10228  0C6C                     l6518:	
 10229  0C6C  2C6E               	goto	l6519
 10230                           	line	159
 10231                           	
 10232  0C6D                     l6515:	
 10233  0C6D  2C6E               	goto	l6519
 10234                           	line	160
 10235                           	
 10236  0C6E                     l6514:	
 10237                           	
 10238  0C6E                     l6519:	
 10239  0C6E  0008               	return
 10240                           	opt stack 0
 10241                           GLOBAL	__end_of_CAL_MtrSpeed
 10242  0C6F                     	__end_of_CAL_MtrSpeed:
 10243 ;; =============== function _CAL_MtrSpeed ends ============
 10244                           
 10245                           	signat	_CAL_MtrSpeed,88
 10246                           	global	_CAL_MtrCurrent
 10247                           psect	text990,local,class=CODE,delta=2
 10248                           global __ptext990
 10249  09B3                     __ptext990:
 10250                           
 10251 ;; *************** function _CAL_MtrCurrent *****************
 10252 ;; Defined at:
 10253 ;;		line 94 in file "D:\project\baratheon-winnie\baratheon\Motor.c"
 10254 ;; Parameters:    Size  Location     Type
 10255 ;;		None
 10256 ;; Auto vars:     Size  Location     Type
 10257 ;;  n               4   22[BANK0 ] unsigned long 
 10258 ;;  s               4   18[BANK0 ] unsigned long 
 10259 ;; Return value:  Size  Location     Type
 10260 ;;		None               void
 10261 ;; Registers used:
 10262 ;;		wreg, status,2, status,0, pclath, cstack
 10263 ;; Tracked objects:
 10264 ;;		On entry : 0/0
 10265 ;;		On exit  : 0/0
 10266 ;;		Unchanged: 0/0
 10267 ;; Data sizes:     COMMON   BANK0   BANK1   BANK2   BANK3   BANK4   BANK5   BANK7 BANK8hh BANK8hl  BANK8l BANK9hh BANK9h
       l  BANK9l BANK10h BANK10l  BANK11  BANK12
 10268 ;;      Params:         0       0       0       0       0       0       0       0       0       0       0       0       
       0       0       0       0       0       0
 10269 ;;      Locals:         0       8       0       0       0       0       0       0       0       0       0       0       
       0       0       0       0       0       0
 10270 ;;      Temps:          0       4       0       0       0       0       0       0       0       0       0       0       
       0       0       0       0       0       0
 10271 ;;      Totals:         0      12       0       0       0       0       0       0       0       0       0       0       
       0       0       0       0       0       0
 10272 ;;Total ram usage:       12 bytes
 10273 ;; Hardware stack levels used:    1
 10274 ;; Hardware stack levels required when called:    2
 10275 ;; This function calls:
 10276 ;;		_SQRT32
 10277 ;;		___lmul
 10278 ;;		___lldiv
 10279 ;; This function is called by:
 10280 ;;		_MTR_Ctrl
 10281 ;; This function uses a non-reentrant model
 10282 ;;
 10283                           psect	text990
 10284                           	file	"D:\project\baratheon-winnie\baratheon\Motor.c"
 10285                           	line	94
 10286                           	global	__size_of_CAL_MtrCurrent
 10287  00CF                     	__size_of_CAL_MtrCurrent	equ	__end_of_CAL_MtrCurrent-_CAL_MtrCurrent
 10288                           	
 10289  09B3                     _CAL_MtrCurrent:	
 10290                           	opt	stack 12
 10291                           ; Regs used in _CAL_MtrCurrent: [wreg+status,2+status,0+pclath+cstack]
 10292                           	line	97
 10293                           	
 10294  09B3                     l18453:	
 10295                           ;Motor.c: 95: static  U16 tmOVC = 0;
 10296                           ;Motor.c: 96: U32 s, n;
 10297                           ;Motor.c: 97: if ( !acCycleHalf )
 10298  09B3  0021               	movlb 1	; select bank1
 10299  09B4  08B8               	movf	(_acCycleHalf)^080h,f
 10300  09B5  1D03               	skipz
 10301  09B6  29B8               	goto	u5331
 10302  09B7  29B9               	goto	u5330
 10303  09B8                     u5331:
 10304  09B8  29BD               	goto	l18457
 10305  09B9                     u5330:
 10306                           	line	99
 10307                           	
 10308  09B9                     l18455:	
 10309                           ;Motor.c: 98: {
 10310                           ;Motor.c: 99: mtrCurrent = 0;
 10311  09B9  0020               	movlb 0	; select bank0
 10312  09BA  01B2               	clrf	(_mtrCurrent)
 10313  09BB  01B3               	clrf	(_mtrCurrent+1)
 10314                           	line	100
 10315                           ;Motor.c: 100: }
 10316  09BC  2A59               	goto	l18473
 10317                           	line	101
 10318                           	
 10319  09BD                     l6486:	
 10320                           	
 10321  09BD                     l18457:	
 10322                           ;Motor.c: 101: else if ( acCycleFlag && adCurN != 0 )
 10323  09BD  0021               	movlb 1	; select bank1
 10324  09BE  0837               	movf	(_acCycleFlag)^080h,w
 10325  09BF  1D03               	skipz
 10326  09C0  29C2               	goto	u5340
 10327  09C1  2A59               	goto	l18473
 10328  09C2                     u5340:
 10329                           	
 10330  09C2                     l18459:	
 10331  09C2  0839               	movf	(_adCurN)^080h,w
 10332  09C3  1D03               	skipz
 10333  09C4  29C6               	goto	u5350
 10334  09C5  2A59               	goto	l18473
 10335  09C6                     u5350:
 10336                           	line	103
 10337                           	
 10338  09C6                     l18461:	
 10339                           ;Motor.c: 102: {
 10340                           ;Motor.c: 103: s = adCur2 << 1;
 10341  09C6  0820               	movf	(_adCur2)^080h,w
 10342  09C7  0020               	movlb 0	; select bank0
 10343  09C8  00E0               	movwf	(??_CAL_MtrCurrent+0)+0
 10344  09C9  0021               	movlb 1	; select bank1
 10345  09CA  0821               	movf	(_adCur2+1)^080h,w
 10346  09CB  0020               	movlb 0	; select bank0
 10347  09CC  00E1               	movwf	((??_CAL_MtrCurrent+0)+0+1)
 10348  09CD  0021               	movlb 1	; select bank1
 10349  09CE  0822               	movf	(_adCur2+2)^080h,w
 10350  09CF  0020               	movlb 0	; select bank0
 10351  09D0  00E2               	movwf	((??_CAL_MtrCurrent+0)+0+2)
 10352  09D1  0021               	movlb 1	; select bank1
 10353  09D2  0823               	movf	(_adCur2+3)^080h,w
 10354  09D3  0020               	movlb 0	; select bank0
 10355  09D4  00E3               	movwf	((??_CAL_MtrCurrent+0)+0+3)
 10356  09D5  3001               	movlw	01h
 10357  09D6                     u5365:
 10358  09D6  35E0               	lslf	(??_CAL_MtrCurrent+0)+0,f
 10359  09D7  0DE1               	rlf	(??_CAL_MtrCurrent+0)+1,f
 10360  09D8  0DE2               	rlf	(??_CAL_MtrCurrent+0)+2,f
 10361  09D9  0DE3               	rlf	(??_CAL_MtrCurrent+0)+3,f
 10362  09DA                     u5360:
 10363  09DA  0B89               	decfsz	wreg,f
 10364  09DB  29D6               	goto	u5365
 10365  09DC  0863               	movf	3+(??_CAL_MtrCurrent+0)+0,w
 10366  09DD  00E7               	movwf	(CAL_MtrCurrent@s+3)
 10367  09DE  0862               	movf	2+(??_CAL_MtrCurrent+0)+0,w
 10368  09DF  00E6               	movwf	(CAL_MtrCurrent@s+2)
 10369  09E0  0861               	movf	1+(??_CAL_MtrCurrent+0)+0,w
 10370  09E1  00E5               	movwf	(CAL_MtrCurrent@s+1)
 10371  09E2  0860               	movf	0+(??_CAL_MtrCurrent+0)+0,w
 10372  09E3  00E4               	movwf	(CAL_MtrCurrent@s)
 10373                           
 10374                           	line	104
 10375                           	
 10376  09E4                     l18463:	
 10377                           ;Motor.c: 104: n = ( U32 )adCurN;
 10378  09E4  0021               	movlb 1	; select bank1
 10379  09E5  0839               	movf	(_adCurN)^080h,w
 10380  09E6  0020               	movlb 0	; select bank0
 10381  09E7  00E0               	movwf	(??_CAL_MtrCurrent+0)+0
 10382  09E8  01E1               	clrf	((??_CAL_MtrCurrent+0)+0+1)
 10383  09E9  01E2               	clrf	((??_CAL_MtrCurrent+0)+0+2)
 10384  09EA  01E3               	clrf	((??_CAL_MtrCurrent+0)+0+3)
 10385  09EB  0863               	movf	3+(??_CAL_MtrCurrent+0)+0,w
 10386  09EC  00EB               	movwf	(CAL_MtrCurrent@n+3)
 10387  09ED  0862               	movf	2+(??_CAL_MtrCurrent+0)+0,w
 10388  09EE  00EA               	movwf	(CAL_MtrCurrent@n+2)
 10389  09EF  0861               	movf	1+(??_CAL_MtrCurrent+0)+0,w
 10390  09F0  00E9               	movwf	(CAL_MtrCurrent@n+1)
 10391  09F1  0860               	movf	0+(??_CAL_MtrCurrent+0)+0,w
 10392  09F2  00E8               	movwf	(CAL_MtrCurrent@n)
 10393                           
 10394                           	line	105
 10395                           	
 10396  09F3                     l18465:	
 10397                           ;Motor.c: 105: adCurN = 0;
 10398  09F3  0021               	movlb 1	; select bank1
 10399  09F4  01B9               	clrf	(_adCurN)^080h
 10400                           	line	106
 10401                           	
 10402  09F5                     l18467:	
 10403                           ;Motor.c: 106: s = ( U32 )SQRT32( s );
 10404  09F5  0020               	movlb 0	; select bank0
 10405  09F6  0867               	movf	(CAL_MtrCurrent@s+3),w
 10406  09F7  00F4               	movwf	(?_SQRT32+3)
 10407  09F8  0866               	movf	(CAL_MtrCurrent@s+2),w
 10408  09F9  00F3               	movwf	(?_SQRT32+2)
 10409  09FA  0865               	movf	(CAL_MtrCurrent@s+1),w
 10410  09FB  00F2               	movwf	(?_SQRT32+1)
 10411  09FC  0864               	movf	(CAL_MtrCurrent@s),w
 10412  09FD  00F1               	movwf	(?_SQRT32)
 10413                           
 10414  09FE  3196  262D  3189   	fcall	_SQRT32
 10415  0A01  0871               	movf	(0+(?_SQRT32)),w
 10416  0A02  0020               	movlb 0	; select bank0
 10417  0A03  00E4               	movwf	(CAL_MtrCurrent@s)
 10418  0A04  0872               	movf	(1+(?_SQRT32)),w
 10419  0A05  00E5               	movwf	((CAL_MtrCurrent@s))+1
 10420  0A06  01E6               	clrf	2+((CAL_MtrCurrent@s))
 10421  0A07  01E7               	clrf	3+((CAL_MtrCurrent@s))
 10422                           	line	107
 10423                           	
 10424  0A08                     l18469:	
 10425                           ;Motor.c: 107: n = ( U32 )SQRT32( n << 16 );
 10426  0A08  0868               	movf	(CAL_MtrCurrent@n),w
 10427  0A09  00E0               	movwf	(??_CAL_MtrCurrent+0)+0
 10428  0A0A  0869               	movf	(CAL_MtrCurrent@n+1),w
 10429  0A0B  00E1               	movwf	((??_CAL_MtrCurrent+0)+0+1)
 10430  0A0C  086A               	movf	(CAL_MtrCurrent@n+2),w
 10431  0A0D  00E2               	movwf	((??_CAL_MtrCurrent+0)+0+2)
 10432  0A0E  086B               	movf	(CAL_MtrCurrent@n+3),w
 10433  0A0F  00E3               	movwf	((??_CAL_MtrCurrent+0)+0+3)
 10434  0A10  3010               	movlw	010h
 10435  0A11                     u5375:
 10436  0A11  35E0               	lslf	(??_CAL_MtrCurrent+0)+0,f
 10437  0A12  0DE1               	rlf	(??_CAL_MtrCurrent+0)+1,f
 10438  0A13  0DE2               	rlf	(??_CAL_MtrCurrent+0)+2,f
 10439  0A14  0DE3               	rlf	(??_CAL_MtrCurrent+0)+3,f
 10440  0A15                     u5370:
 10441  0A15  0B89               	decfsz	wreg,f
 10442  0A16  2A11               	goto	u5375
 10443  0A17  0863               	movf	3+(??_CAL_MtrCurrent+0)+0,w
 10444  0A18  00F4               	movwf	(?_SQRT32+3)
 10445  0A19  0862               	movf	2+(??_CAL_MtrCurrent+0)+0,w
 10446  0A1A  00F3               	movwf	(?_SQRT32+2)
 10447  0A1B  0861               	movf	1+(??_CAL_MtrCurrent+0)+0,w
 10448  0A1C  00F2               	movwf	(?_SQRT32+1)
 10449  0A1D  0860               	movf	0+(??_CAL_MtrCurrent+0)+0,w
 10450  0A1E  00F1               	movwf	(?_SQRT32)
 10451                           
 10452  0A1F  3196  262D  3189   	fcall	_SQRT32
 10453  0A22  0871               	movf	(0+(?_SQRT32)),w
 10454  0A23  0020               	movlb 0	; select bank0
 10455  0A24  00E8               	movwf	(CAL_MtrCurrent@n)
 10456  0A25  0872               	movf	(1+(?_SQRT32)),w
 10457  0A26  00E9               	movwf	((CAL_MtrCurrent@n))+1
 10458  0A27  01EA               	clrf	2+((CAL_MtrCurrent@n))
 10459  0A28  01EB               	clrf	3+((CAL_MtrCurrent@n))
 10460                           	line	108
 10461                           	
 10462  0A29                     l18471:	
 10463                           ;Motor.c: 108: mtrCurrent = ( U16 )( ( 25600UL*4800UL/50UL/1023UL ) * s / n );
 10464  0A29  086B               	movf	(CAL_MtrCurrent@n+3),w
 10465  0A2A  00D5               	movwf	(?___lldiv+3)
 10466  0A2B  086A               	movf	(CAL_MtrCurrent@n+2),w
 10467  0A2C  00D4               	movwf	(?___lldiv+2)
 10468  0A2D  0869               	movf	(CAL_MtrCurrent@n+1),w
 10469  0A2E  00D3               	movwf	(?___lldiv+1)
 10470  0A2F  0868               	movf	(CAL_MtrCurrent@n),w
 10471  0A30  00D2               	movwf	(?___lldiv)
 10472                           
 10473  0A31  0867               	movf	(CAL_MtrCurrent@s+3),w
 10474  0A32  00F4               	movwf	(?___lmul+3)
 10475  0A33  0866               	movf	(CAL_MtrCurrent@s+2),w
 10476  0A34  00F3               	movwf	(?___lmul+2)
 10477  0A35  0865               	movf	(CAL_MtrCurrent@s+1),w
 10478  0A36  00F2               	movwf	(?___lmul+1)
 10479  0A37  0864               	movf	(CAL_MtrCurrent@s),w
 10480  0A38  00F1               	movwf	(?___lmul)
 10481                           
 10482  0A39  3000               	movlw	0
 10483  0A3A  00F8               	movwf	3+(?___lmul)+04h
 10484  0A3B  3000               	movlw	0
 10485  0A3C  00F7               	movwf	2+(?___lmul)+04h
 10486  0A3D  3009               	movlw	09h
 10487  0A3E  00F6               	movwf	1+(?___lmul)+04h
 10488  0A3F  3062               	movlw	062h
 10489  0A40  00F5               	movwf	0+(?___lmul)+04h
 10490                           
 10491  0A41  3191  21DD  3189   	fcall	___lmul
 10492  0A44  0874               	movf	(3+(?___lmul)),w
 10493  0A45  0020               	movlb 0	; select bank0
 10494  0A46  00D9               	movwf	3+(?___lldiv)+04h
 10495  0A47  0873               	movf	(2+(?___lmul)),w
 10496  0A48  00D8               	movwf	2+(?___lldiv)+04h
 10497  0A49  0872               	movf	(1+(?___lmul)),w
 10498  0A4A  00D7               	movwf	1+(?___lldiv)+04h
 10499  0A4B  0871               	movf	(0+(?___lmul)),w
 10500  0A4C  00D6               	movwf	0+(?___lldiv)+04h
 10501                           
 10502  0A4D  3193  23ED  3189   	fcall	___lldiv
 10503  0A50  0020               	movlb 0	; select bank0
 10504  0A51  0853               	movf	1+(((0+(?___lldiv)))),w
 10505  0A52  01B3               	clrf	(_mtrCurrent+1)
 10506  0A53  07B3               	addwf	(_mtrCurrent+1)
 10507  0A54  0852               	movf	0+(((0+(?___lldiv)))),w
 10508  0A55  01B2               	clrf	(_mtrCurrent)
 10509  0A56  07B2               	addwf	(_mtrCurrent)
 10510                           
 10511  0A57  2A59               	goto	l18473
 10512                           	line	109
 10513                           	
 10514  0A58                     l6488:	
 10515  0A58  2A59               	goto	l18473
 10516                           	line	110
 10517                           	
 10518  0A59                     l6487:	
 10519                           	
 10520  0A59                     l18473:	
 10521                           ;Motor.c: 109: }
 10522                           ;Motor.c: 110: if ( mtrCurrent < 1000 )
 10523  0A59  3003               	movlw	high(03E8h)
 10524  0A5A  0020               	movlb 0	; select bank0
 10525  0A5B  0233               	subwf	(_mtrCurrent+1),w
 10526  0A5C  30E8               	movlw	low(03E8h)
 10527  0A5D  1903               	skipnz
 10528  0A5E  0232               	subwf	(_mtrCurrent),w
 10529  0A5F  1803               	skipnc
 10530  0A60  2A62               	goto	u5381
 10531  0A61  2A63               	goto	u5380
 10532  0A62                     u5381:
 10533  0A62  2A66               	goto	l18477
 10534  0A63                     u5380:
 10535                           	line	112
 10536                           	
 10537  0A63                     l18475:	
 10538                           ;Motor.c: 111: {
 10539                           ;Motor.c: 112: tmOVC = 0;
 10540  0A63  01A8               	clrf	(CAL_MtrCurrent@tmOVC)
 10541  0A64  01A9               	clrf	(CAL_MtrCurrent@tmOVC+1)
 10542                           	line	113
 10543                           ;Motor.c: 113: }
 10544  0A65  2A81               	goto	l6495
 10545                           	line	114
 10546                           	
 10547  0A66                     l6489:	
 10548                           	
 10549  0A66                     l18477:	
 10550                           ;Motor.c: 114: else if ( ++tmOVC >= 600 )
 10551  0A66  3001               	movlw	low(01h)
 10552  0A67  07A8               	addwf	(CAL_MtrCurrent@tmOVC),f
 10553  0A68  3000               	movlw	high(01h)
 10554  0A69  3DA9               	addwfc	(CAL_MtrCurrent@tmOVC+1),f
 10555  0A6A  3002               	movlw	high(0258h)
 10556  0A6B  0229               	subwf	((CAL_MtrCurrent@tmOVC+1)),w
 10557  0A6C  3058               	movlw	low(0258h)
 10558  0A6D  1903               	skipnz
 10559  0A6E  0228               	subwf	((CAL_MtrCurrent@tmOVC)),w
 10560  0A6F  1C03               	skipc
 10561  0A70  2A72               	goto	u5391
 10562  0A71  2A73               	goto	u5390
 10563  0A72                     u5391:
 10564  0A72  2A81               	goto	l6495
 10565  0A73                     u5390:
 10566  0A73  2A74               	goto	l18479
 10567                           	line	116
 10568                           ;Motor.c: 115: {
 10569                           ;Motor.c: 116: do { if ( !mtrError ) mtrError = 8; } while(0);
 10570                           	
 10571  0A74                     l6492:	
 10572                           	
 10573  0A74                     l18479:	
 10574  0A74  08C9               	movf	(_mtrError),f
 10575  0A75  1D03               	skipz
 10576  0A76  2A78               	goto	u5401
 10577  0A77  2A79               	goto	u5400
 10578  0A78                     u5401:
 10579  0A78  2A81               	goto	l6495
 10580  0A79                     u5400:
 10581                           	
 10582  0A79                     l18481:	
 10583  0A79  3008               	movlw	(08h)
 10584  0A7A  00E0               	movwf	(??_CAL_MtrCurrent+0)+0
 10585  0A7B  0860               	movf	(??_CAL_MtrCurrent+0)+0,w
 10586  0A7C  00C9               	movwf	(_mtrError)
 10587  0A7D  2A81               	goto	l6495
 10588                           	
 10589  0A7E                     l6493:	
 10590  0A7E  2A81               	goto	l6495
 10591                           	
 10592  0A7F                     l6494:	
 10593  0A7F  2A81               	goto	l6495
 10594                           	line	117
 10595                           	
 10596  0A80                     l6491:	
 10597  0A80  2A81               	goto	l6495
 10598                           	line	118
 10599                           	
 10600  0A81                     l6490:	
 10601                           	
 10602  0A81                     l6495:	
 10603  0A81  0008               	return
 10604                           	opt stack 0
 10605                           GLOBAL	__end_of_CAL_MtrCurrent
 10606  0A82                     	__end_of_CAL_MtrCurrent:
 10607 ;; =============== function _CAL_MtrCurrent ends ============
 10608                           
 10609                           	signat	_CAL_MtrCurrent,88
 10610                           	global	_COM_Print
 10611                           psect	text991,local,class=CODE,delta=2
 10612                           global __ptext991
 10613  0A82                     __ptext991:
 10614                           
 10615 ;; *************** function _COM_Print *****************
 10616 ;; Defined at:
 10617 ;;		line 16 in file "D:\project\baratheon-winnie\baratheon\COM.c"
 10618 ;; Parameters:    Size  Location     Type
 10619 ;;  n               2    9[COMMON] unsigned short 
 10620 ;; Auto vars:     Size  Location     Type
 10621 ;;  f               1   11[COMMON] unsigned char 
 10622 ;; Return value:  Size  Location     Type
 10623 ;;		None               void
 10624 ;; Registers used:
 10625 ;;		wreg, fsr1l, fsr1h, status,2, status,0, pclath, cstack
 10626 ;; Tracked objects:
 10627 ;;		On entry : 0/0
 10628 ;;		On exit  : 0/0
 10629 ;;		Unchanged: 0/0
 10630 ;; Data sizes:     COMMON   BANK0   BANK1   BANK2   BANK3   BANK4   BANK5   BANK7 BANK8hh BANK8hl  BANK8l BANK9hh BANK9h
       l  BANK9l BANK10h BANK10l  BANK11  BANK12
 10631 ;;      Params:         2       0       0       0       0       0       0       0       0       0       0       0       
       0       0       0       0       0       0
 10632 ;;      Locals:         1       0       0       0       0       0       0       0       0       0       0       0       
       0       0       0       0       0       0
 10633 ;;      Temps:          0       0       0       0       0       0       0       0       0       0       0       0       
       0       0       0       0       0       0
 10634 ;;      Totals:         3       0       0       0       0       0       0       0       0       0       0       0       
       0       0       0       0       0       0
 10635 ;;Total ram usage:        3 bytes
 10636 ;; Hardware stack levels used:    1
 10637 ;; Hardware stack levels required when called:    2
 10638 ;; This function calls:
 10639 ;;		___lwdiv
 10640 ;;		_SRL_Putc
 10641 ;;		___lwmod
 10642 ;; This function is called by:
 10643 ;;		_COM_Ctrl
 10644 ;; This function uses a non-reentrant model
 10645 ;;
 10646                           psect	text991
 10647                           	file	"D:\project\baratheon-winnie\baratheon\COM.c"
 10648                           	line	16
 10649                           	global	__size_of_COM_Print
 10650  00DE                     	__size_of_COM_Print	equ	__end_of_COM_Print-_COM_Print
 10651                           	
 10652  0A82                     _COM_Print:	
 10653                           	opt	stack 12
 10654                           ; Regs used in _COM_Print: [wreg+fsr1l-status,0+pclath+cstack]
 10655                           	line	17
 10656                           	
 10657  0A82                     l18413:	
 10658                           ;COM.c: 17: U8 f = 0;
 10659  0A82  01FB               	clrf	(COM_Print@f)
 10660                           	line	18
 10661                           	
 10662  0A83                     l18415:	
 10663                           ;COM.c: 18: if ( n >= 10000 )
 10664  0A83  3027               	movlw	high(02710h)
 10665  0A84  027A               	subwf	(COM_Print@n+1),w
 10666  0A85  3010               	movlw	low(02710h)
 10667  0A86  1903               	skipnz
 10668  0A87  0279               	subwf	(COM_Print@n),w
 10669  0A88  1C03               	skipc
 10670  0A89  2A8B               	goto	u5261
 10671  0A8A  2A8C               	goto	u5260
 10672  0A8B                     u5261:
 10673  0A8B  2AB5               	goto	l18423
 10674  0A8C                     u5260:
 10675                           	line	20
 10676                           	
 10677  0A8C                     l18417:	
 10678                           ;COM.c: 19: {
 10679                           ;COM.c: 20: SRL_Putc( '0' + ( U8 )( n / 10000 ) );
 10680  0A8C  3010               	movlw	low(02710h)
 10681  0A8D  00F1               	movwf	(?___lwdiv)
 10682  0A8E  3027               	movlw	high(02710h)
 10683  0A8F  00F2               	movwf	((?___lwdiv))+1
 10684  0A90  087A               	movf	(COM_Print@n+1),w
 10685  0A91  01F4               	clrf	1+(?___lwdiv)+02h
 10686  0A92  07F4               	addwf	1+(?___lwdiv)+02h
 10687  0A93  0879               	movf	(COM_Print@n),w
 10688  0A94  01F3               	clrf	0+(?___lwdiv)+02h
 10689  0A95  07F3               	addwf	0+(?___lwdiv)+02h
 10690                           
 10691  0A96  3193  2305  318A   	fcall	___lwdiv
 10692  0A99  0871               	movf	(0+(?___lwdiv)),w
 10693  0A9A  3E30               	addlw	030h
 10694  0A9B  319C  24E2  318A   	fcall	_SRL_Putc
 10695                           	line	21
 10696                           	
 10697  0A9E                     l18419:	
 10698                           ;COM.c: 21: n %= 10000;
 10699  0A9E  3010               	movlw	low(02710h)
 10700  0A9F  00F1               	movwf	(?___lwmod)
 10701  0AA0  3027               	movlw	high(02710h)
 10702  0AA1  00F2               	movwf	((?___lwmod))+1
 10703  0AA2  087A               	movf	(COM_Print@n+1),w
 10704  0AA3  01F4               	clrf	1+(?___lwmod)+02h
 10705  0AA4  07F4               	addwf	1+(?___lwmod)+02h
 10706  0AA5  0879               	movf	(COM_Print@n),w
 10707  0AA6  01F3               	clrf	0+(?___lwmod)+02h
 10708  0AA7  07F3               	addwf	0+(?___lwmod)+02h
 10709                           
 10710  0AA8  3188  2000  318A   	fcall	___lwmod
 10711  0AAB  0872               	movf	(1+(?___lwmod)),w
 10712  0AAC  01FA               	clrf	(COM_Print@n+1)
 10713  0AAD  07FA               	addwf	(COM_Print@n+1)
 10714  0AAE  0871               	movf	(0+(?___lwmod)),w
 10715  0AAF  01F9               	clrf	(COM_Print@n)
 10716  0AB0  07F9               	addwf	(COM_Print@n)
 10717                           
 10718                           	line	22
 10719                           	
 10720  0AB1                     l18421:	
 10721                           ;COM.c: 22: f = 1;
 10722  0AB1  01FB               	clrf	(COM_Print@f)
 10723  0AB2  1403               	bsf	status,0
 10724  0AB3  0DFB               	rlf	(COM_Print@f),f
 10725  0AB4  2AB5               	goto	l18423
 10726                           	line	23
 10727                           	
 10728  0AB5                     l1575:	
 10729                           	line	24
 10730                           	
 10731  0AB5                     l18423:	
 10732                           ;COM.c: 23: }
 10733                           ;COM.c: 24: if ( f || n >= 1000 )
 10734  0AB5  08FB               	movf	(COM_Print@f),f
 10735  0AB6  1D03               	skipz
 10736  0AB7  2AB9               	goto	u5271
 10737  0AB8  2ABA               	goto	u5270
 10738  0AB9                     u5271:
 10739  0AB9  2AC4               	goto	l18427
 10740  0ABA                     u5270:
 10741                           	
 10742  0ABA                     l18425:	
 10743  0ABA  3003               	movlw	high(03E8h)
 10744  0ABB  027A               	subwf	(COM_Print@n+1),w
 10745  0ABC  30E8               	movlw	low(03E8h)
 10746  0ABD  1903               	skipnz
 10747  0ABE  0279               	subwf	(COM_Print@n),w
 10748  0ABF  1C03               	skipc
 10749  0AC0  2AC2               	goto	u5281
 10750  0AC1  2AC3               	goto	u5280
 10751  0AC2                     u5281:
 10752  0AC2  2AED               	goto	l18433
 10753  0AC3                     u5280:
 10754  0AC3  2AC4               	goto	l18427
 10755                           	
 10756  0AC4                     l1578:	
 10757                           	line	26
 10758                           	
 10759  0AC4                     l18427:	
 10760                           ;COM.c: 25: {
 10761                           ;COM.c: 26: SRL_Putc( '0' + ( U8 )( n / 1000 ) );
 10762  0AC4  30E8               	movlw	low(03E8h)
 10763  0AC5  00F1               	movwf	(?___lwdiv)
 10764  0AC6  3003               	movlw	high(03E8h)
 10765  0AC7  00F2               	movwf	((?___lwdiv))+1
 10766  0AC8  087A               	movf	(COM_Print@n+1),w
 10767  0AC9  01F4               	clrf	1+(?___lwdiv)+02h
 10768  0ACA  07F4               	addwf	1+(?___lwdiv)+02h
 10769  0ACB  0879               	movf	(COM_Print@n),w
 10770  0ACC  01F3               	clrf	0+(?___lwdiv)+02h
 10771  0ACD  07F3               	addwf	0+(?___lwdiv)+02h
 10772                           
 10773  0ACE  3193  2305  318A   	fcall	___lwdiv
 10774  0AD1  0871               	movf	(0+(?___lwdiv)),w
 10775  0AD2  3E30               	addlw	030h
 10776  0AD3  319C  24E2  318A   	fcall	_SRL_Putc
 10777                           	line	27
 10778                           	
 10779  0AD6                     l18429:	
 10780                           ;COM.c: 27: n %= 1000;
 10781  0AD6  30E8               	movlw	low(03E8h)
 10782  0AD7  00F1               	movwf	(?___lwmod)
 10783  0AD8  3003               	movlw	high(03E8h)
 10784  0AD9  00F2               	movwf	((?___lwmod))+1
 10785  0ADA  087A               	movf	(COM_Print@n+1),w
 10786  0ADB  01F4               	clrf	1+(?___lwmod)+02h
 10787  0ADC  07F4               	addwf	1+(?___lwmod)+02h
 10788  0ADD  0879               	movf	(COM_Print@n),w
 10789  0ADE  01F3               	clrf	0+(?___lwmod)+02h
 10790  0ADF  07F3               	addwf	0+(?___lwmod)+02h
 10791                           
 10792  0AE0  3188  2000  318A   	fcall	___lwmod
 10793  0AE3  0872               	movf	(1+(?___lwmod)),w
 10794  0AE4  01FA               	clrf	(COM_Print@n+1)
 10795  0AE5  07FA               	addwf	(COM_Print@n+1)
 10796  0AE6  0871               	movf	(0+(?___lwmod)),w
 10797  0AE7  01F9               	clrf	(COM_Print@n)
 10798  0AE8  07F9               	addwf	(COM_Print@n)
 10799                           
 10800                           	line	28
 10801                           	
 10802  0AE9                     l18431:	
 10803                           ;COM.c: 28: f = 1;
 10804  0AE9  01FB               	clrf	(COM_Print@f)
 10805  0AEA  1403               	bsf	status,0
 10806  0AEB  0DFB               	rlf	(COM_Print@f),f
 10807  0AEC  2AED               	goto	l18433
 10808                           	line	29
 10809                           	
 10810  0AED                     l1576:	
 10811                           	line	30
 10812                           	
 10813  0AED                     l18433:	
 10814                           ;COM.c: 29: }
 10815                           ;COM.c: 30: if ( f || n >= 100 )
 10816  0AED  08FB               	movf	(COM_Print@f),f
 10817  0AEE  1D03               	skipz
 10818  0AEF  2AF1               	goto	u5291
 10819  0AF0  2AF2               	goto	u5290
 10820  0AF1                     u5291:
 10821  0AF1  2AFC               	goto	l18437
 10822  0AF2                     u5290:
 10823                           	
 10824  0AF2                     l18435:	
 10825  0AF2  3000               	movlw	high(064h)
 10826  0AF3  027A               	subwf	(COM_Print@n+1),w
 10827  0AF4  3064               	movlw	low(064h)
 10828  0AF5  1903               	skipnz
 10829  0AF6  0279               	subwf	(COM_Print@n),w
 10830  0AF7  1C03               	skipc
 10831  0AF8  2AFA               	goto	u5301
 10832  0AF9  2AFB               	goto	u5300
 10833  0AFA                     u5301:
 10834  0AFA  2B25               	goto	l18443
 10835  0AFB                     u5300:
 10836  0AFB  2AFC               	goto	l18437
 10837                           	
 10838  0AFC                     l1581:	
 10839                           	line	32
 10840                           	
 10841  0AFC                     l18437:	
 10842                           ;COM.c: 31: {
 10843                           ;COM.c: 32: SRL_Putc( '0' + ( U8 )( n / 100 ) );
 10844  0AFC  3064               	movlw	low(064h)
 10845  0AFD  00F1               	movwf	(?___lwdiv)
 10846  0AFE  3000               	movlw	high(064h)
 10847  0AFF  00F2               	movwf	((?___lwdiv))+1
 10848  0B00  087A               	movf	(COM_Print@n+1),w
 10849  0B01  01F4               	clrf	1+(?___lwdiv)+02h
 10850  0B02  07F4               	addwf	1+(?___lwdiv)+02h
 10851  0B03  0879               	movf	(COM_Print@n),w
 10852  0B04  01F3               	clrf	0+(?___lwdiv)+02h
 10853  0B05  07F3               	addwf	0+(?___lwdiv)+02h
 10854                           
 10855  0B06  3193  2305  318A   	fcall	___lwdiv
 10856  0B09  0871               	movf	(0+(?___lwdiv)),w
 10857  0B0A  3E30               	addlw	030h
 10858  0B0B  319C  24E2  318A   	fcall	_SRL_Putc
 10859                           	line	33
 10860                           	
 10861  0B0E                     l18439:	
 10862                           ;COM.c: 33: n %= 100;
 10863  0B0E  3064               	movlw	low(064h)
 10864  0B0F  00F1               	movwf	(?___lwmod)
 10865  0B10  3000               	movlw	high(064h)
 10866  0B11  00F2               	movwf	((?___lwmod))+1
 10867  0B12  087A               	movf	(COM_Print@n+1),w
 10868  0B13  01F4               	clrf	1+(?___lwmod)+02h
 10869  0B14  07F4               	addwf	1+(?___lwmod)+02h
 10870  0B15  0879               	movf	(COM_Print@n),w
 10871  0B16  01F3               	clrf	0+(?___lwmod)+02h
 10872  0B17  07F3               	addwf	0+(?___lwmod)+02h
 10873                           
 10874  0B18  3188  2000  318A   	fcall	___lwmod
 10875  0B1B  0872               	movf	(1+(?___lwmod)),w
 10876  0B1C  01FA               	clrf	(COM_Print@n+1)
 10877  0B1D  07FA               	addwf	(COM_Print@n+1)
 10878  0B1E  0871               	movf	(0+(?___lwmod)),w
 10879  0B1F  01F9               	clrf	(COM_Print@n)
 10880  0B20  07F9               	addwf	(COM_Print@n)
 10881                           
 10882                           	line	34
 10883                           	
 10884  0B21                     l18441:	
 10885                           ;COM.c: 34: f = 1;
 10886  0B21  01FB               	clrf	(COM_Print@f)
 10887  0B22  1403               	bsf	status,0
 10888  0B23  0DFB               	rlf	(COM_Print@f),f
 10889  0B24  2B25               	goto	l18443
 10890                           	line	35
 10891                           	
 10892  0B25                     l1579:	
 10893                           	line	36
 10894                           	
 10895  0B25                     l18443:	
 10896                           ;COM.c: 35: }
 10897                           ;COM.c: 36: if ( f || n >= 10 )
 10898  0B25  08FB               	movf	(COM_Print@f),f
 10899  0B26  1D03               	skipz
 10900  0B27  2B29               	goto	u5311
 10901  0B28  2B2A               	goto	u5310
 10902  0B29                     u5311:
 10903  0B29  2B34               	goto	l18447
 10904  0B2A                     u5310:
 10905                           	
 10906  0B2A                     l18445:	
 10907  0B2A  3000               	movlw	high(0Ah)
 10908  0B2B  027A               	subwf	(COM_Print@n+1),w
 10909  0B2C  300A               	movlw	low(0Ah)
 10910  0B2D  1903               	skipnz
 10911  0B2E  0279               	subwf	(COM_Print@n),w
 10912  0B2F  1C03               	skipc
 10913  0B30  2B32               	goto	u5321
 10914  0B31  2B33               	goto	u5320
 10915  0B32                     u5321:
 10916  0B32  2B5A               	goto	l18451
 10917  0B33                     u5320:
 10918  0B33  2B34               	goto	l18447
 10919                           	
 10920  0B34                     l1584:	
 10921                           	line	38
 10922                           	
 10923  0B34                     l18447:	
 10924                           ;COM.c: 37: {
 10925                           ;COM.c: 38: SRL_Putc( '0' + ( U8 )( n / 10 ) );
 10926  0B34  300A               	movlw	low(0Ah)
 10927  0B35  00F1               	movwf	(?___lwdiv)
 10928  0B36  3000               	movlw	high(0Ah)
 10929  0B37  00F2               	movwf	((?___lwdiv))+1
 10930  0B38  087A               	movf	(COM_Print@n+1),w
 10931  0B39  01F4               	clrf	1+(?___lwdiv)+02h
 10932  0B3A  07F4               	addwf	1+(?___lwdiv)+02h
 10933  0B3B  0879               	movf	(COM_Print@n),w
 10934  0B3C  01F3               	clrf	0+(?___lwdiv)+02h
 10935  0B3D  07F3               	addwf	0+(?___lwdiv)+02h
 10936                           
 10937  0B3E  3193  2305  318A   	fcall	___lwdiv
 10938  0B41  0871               	movf	(0+(?___lwdiv)),w
 10939  0B42  3E30               	addlw	030h
 10940  0B43  319C  24E2  318A   	fcall	_SRL_Putc
 10941                           	line	39
 10942                           	
 10943  0B46                     l18449:	
 10944                           ;COM.c: 39: n %= 10;
 10945  0B46  300A               	movlw	low(0Ah)
 10946  0B47  00F1               	movwf	(?___lwmod)
 10947  0B48  3000               	movlw	high(0Ah)
 10948  0B49  00F2               	movwf	((?___lwmod))+1
 10949  0B4A  087A               	movf	(COM_Print@n+1),w
 10950  0B4B  01F4               	clrf	1+(?___lwmod)+02h
 10951  0B4C  07F4               	addwf	1+(?___lwmod)+02h
 10952  0B4D  0879               	movf	(COM_Print@n),w
 10953  0B4E  01F3               	clrf	0+(?___lwmod)+02h
 10954  0B4F  07F3               	addwf	0+(?___lwmod)+02h
 10955                           
 10956  0B50  3188  2000  318A   	fcall	___lwmod
 10957  0B53  0872               	movf	(1+(?___lwmod)),w
 10958  0B54  01FA               	clrf	(COM_Print@n+1)
 10959  0B55  07FA               	addwf	(COM_Print@n+1)
 10960  0B56  0871               	movf	(0+(?___lwmod)),w
 10961  0B57  01F9               	clrf	(COM_Print@n)
 10962  0B58  07F9               	addwf	(COM_Print@n)
 10963                           
 10964  0B59  2B5A               	goto	l18451
 10965                           	line	40
 10966                           	
 10967  0B5A                     l1582:	
 10968                           	line	41
 10969                           	
 10970  0B5A                     l18451:	
 10971                           ;COM.c: 40: }
 10972                           ;COM.c: 41: SRL_Putc( '0' + ( U8 )( n ) );
 10973  0B5A  0879               	movf	(COM_Print@n),w
 10974  0B5B  3E30               	addlw	030h
 10975  0B5C  319C  24E2  318A   	fcall	_SRL_Putc
 10976                           	line	42
 10977                           	
 10978  0B5F                     l1585:	
 10979  0B5F  0008               	return
 10980                           	opt stack 0
 10981                           GLOBAL	__end_of_COM_Print
 10982  0B60                     	__end_of_COM_Print:
 10983 ;; =============== function _COM_Print ends ============
 10984                           
 10985                           	signat	_COM_Print,4216
 10986                           	global	___lldiv
 10987                           psect	text992,local,class=CODE,delta=2
 10988                           global __ptext992
 10989  13ED                     __ptext992:
 10990                           
 10991 ;; *************** function ___lldiv *****************
 10992 ;; Defined at:
 10993 ;;		line 5 in file "c:\Program Files (x86)\HI-TECH Software\PICC\9.83\sources\lldiv.c"
 10994 ;; Parameters:    Size  Location     Type
 10995 ;;  divisor         4    0[BANK0 ] unsigned long 
 10996 ;;  dividend        4    4[BANK0 ] unsigned long 
 10997 ;; Auto vars:     Size  Location     Type
 10998 ;;  quotient        4    9[BANK0 ] unsigned long 
 10999 ;;  counter         1   13[BANK0 ] unsigned char 
 11000 ;; Return value:  Size  Location     Type
 11001 ;;                  4    0[BANK0 ] unsigned long 
 11002 ;; Registers used:
 11003 ;;		wreg, status,2, status,0
 11004 ;; Tracked objects:
 11005 ;;		On entry : 0/0
 11006 ;;		On exit  : 0/0
 11007 ;;		Unchanged: 0/0
 11008 ;; Data sizes:     COMMON   BANK0   BANK1   BANK2   BANK3   BANK4   BANK5   BANK7 BANK8hh BANK8hl  BANK8l BANK9hh BANK9h
       l  BANK9l BANK10h BANK10l  BANK11  BANK12
 11009 ;;      Params:         0       8       0       0       0       0       0       0       0       0       0       0       
       0       0       0       0       0       0
 11010 ;;      Locals:         0       5       0       0       0       0       0       0       0       0       0       0       
       0       0       0       0       0       0
 11011 ;;      Temps:          0       1       0       0       0       0       0       0       0       0       0       0       
       0       0       0       0       0       0
 11012 ;;      Totals:         0      14       0       0       0       0       0       0       0       0       0       0       
       0       0       0       0       0       0
 11013 ;;Total ram usage:       14 bytes
 11014 ;; Hardware stack levels used:    1
 11015 ;; Hardware stack levels required when called:    1
 11016 ;; This function calls:
 11017 ;;		Nothing
 11018 ;; This function is called by:
 11019 ;;		_CAL_MtrCurrent
 11020 ;;		_CAL_MtrSpeed
 11021 ;; This function uses a non-reentrant model
 11022 ;;
 11023                           psect	text992
 11024                           	file	"c:\Program Files (x86)\HI-TECH Software\PICC\9.83\sources\lldiv.c"
 11025                           	line	5
 11026                           	global	__size_of___lldiv
 11027  0063                     	__size_of___lldiv	equ	__end_of___lldiv-___lldiv
 11028                           	
 11029  13ED                     ___lldiv:	
 11030                           	opt	stack 12
 11031                           ; Regs used in ___lldiv: [wreg+status,2+status,0]
 11032                           	line	9
 11033                           	
 11034  13ED                     l18389:	
 11035  13ED  3000               	movlw	0
 11036  13EE  0020               	movlb 0	; select bank0
 11037  13EF  00DE               	movwf	(___lldiv@quotient+3)
 11038  13F0  3000               	movlw	0
 11039  13F1  00DD               	movwf	(___lldiv@quotient+2)
 11040  13F2  3000               	movlw	0
 11041  13F3  00DC               	movwf	(___lldiv@quotient+1)
 11042  13F4  3000               	movlw	0
 11043  13F5  00DB               	movwf	(___lldiv@quotient)
 11044                           
 11045                           	line	10
 11046  13F6  0855               	movf	(___lldiv@divisor+3),w
 11047  13F7  0454               	iorwf	(___lldiv@divisor+2),w
 11048  13F8  0453               	iorwf	(___lldiv@divisor+1),w
 11049  13F9  0452               	iorwf	(___lldiv@divisor),w
 11050  13FA  1903               	skipnz
 11051  13FB  2BFD               	goto	u5191
 11052  13FC  2BFE               	goto	u5190
 11053  13FD                     u5191:
 11054  13FD  2C46               	goto	l18409
 11055  13FE                     u5190:
 11056                           	line	11
 11057                           	
 11058  13FE                     l18391:	
 11059  13FE  01DF               	clrf	(___lldiv@counter)
 11060  13FF  1403               	bsf	status,0
 11061  1400  0DDF               	rlf	(___lldiv@counter),f
 11062                           	line	12
 11063  1401  2C0E               	goto	l18395
 11064                           	
 11065  1402                     l14889:	
 11066                           	line	13
 11067                           	
 11068  1402                     l18393:	
 11069  1402  3001               	movlw	01h
 11070  1403                     u5205:
 11071  1403  35D2               	lslf	(___lldiv@divisor),f
 11072  1404  0DD3               	rlf	(___lldiv@divisor+1),f
 11073  1405  0DD4               	rlf	(___lldiv@divisor+2),f
 11074  1406  0DD5               	rlf	(___lldiv@divisor+3),f
 11075  1407  0B89               	decfsz	wreg,f
 11076  1408  2C03               	goto	u5205
 11077                           	line	14
 11078  1409  3001               	movlw	(01h)
 11079  140A  00DA               	movwf	(??___lldiv+0)+0
 11080  140B  085A               	movf	(??___lldiv+0)+0,w
 11081  140C  07DF               	addwf	(___lldiv@counter),f
 11082  140D  2C0E               	goto	l18395
 11083                           	line	15
 11084                           	
 11085  140E                     l14888:	
 11086                           	line	12
 11087                           	
 11088  140E                     l18395:	
 11089  140E  1FD5               	btfss	(___lldiv@divisor+3),(31)&7
 11090  140F  2C11               	goto	u5211
 11091  1410  2C12               	goto	u5210
 11092  1411                     u5211:
 11093  1411  2C02               	goto	l18393
 11094  1412                     u5210:
 11095  1412  2C14               	goto	l18397
 11096                           	
 11097  1413                     l14890:	
 11098  1413  2C14               	goto	l18397
 11099                           	line	16
 11100                           	
 11101  1414                     l14891:	
 11102                           	line	17
 11103                           	
 11104  1414                     l18397:	
 11105  1414  3001               	movlw	01h
 11106  1415                     u5225:
 11107  1415  35DB               	lslf	(___lldiv@quotient),f
 11108  1416  0DDC               	rlf	(___lldiv@quotient+1),f
 11109  1417  0DDD               	rlf	(___lldiv@quotient+2),f
 11110  1418  0DDE               	rlf	(___lldiv@quotient+3),f
 11111  1419  0B89               	decfsz	wreg,f
 11112  141A  2C15               	goto	u5225
 11113                           	line	18
 11114                           	
 11115  141B                     l18399:	
 11116  141B  0855               	movf	(___lldiv@divisor+3),w
 11117  141C  0259               	subwf	(___lldiv@dividend+3),w
 11118  141D  1D03               	skipz
 11119  141E  2C29               	goto	u5235
 11120  141F  0854               	movf	(___lldiv@divisor+2),w
 11121  1420  0258               	subwf	(___lldiv@dividend+2),w
 11122  1421  1D03               	skipz
 11123  1422  2C29               	goto	u5235
 11124  1423  0853               	movf	(___lldiv@divisor+1),w
 11125  1424  0257               	subwf	(___lldiv@dividend+1),w
 11126  1425  1D03               	skipz
 11127  1426  2C29               	goto	u5235
 11128  1427  0852               	movf	(___lldiv@divisor),w
 11129  1428  0256               	subwf	(___lldiv@dividend),w
 11130  1429                     u5235:
 11131  1429  1C03               	skipc
 11132  142A  2C2C               	goto	u5231
 11133  142B  2C2D               	goto	u5230
 11134  142C                     u5231:
 11135  142C  2C37               	goto	l18405
 11136  142D                     u5230:
 11137                           	line	19
 11138                           	
 11139  142D                     l18401:	
 11140  142D  0852               	movf	(___lldiv@divisor),w
 11141  142E  02D6               	subwf	(___lldiv@dividend),f
 11142  142F  0853               	movf	(___lldiv@divisor+1),w
 11143  1430  3BD7               	subwfb	(___lldiv@dividend+1),f
 11144  1431  0854               	movf	(___lldiv@divisor+2),w
 11145  1432  3BD8               	subwfb	(___lldiv@dividend+2),f
 11146  1433  0855               	movf	(___lldiv@divisor+3),w
 11147  1434  3BD9               	subwfb	(___lldiv@dividend+3),f
 11148                           	line	20
 11149                           	
 11150  1435                     l18403:	
 11151  1435  145B               	bsf	(___lldiv@quotient)+(0/8),(0)&7
 11152  1436  2C37               	goto	l18405
 11153                           	line	21
 11154                           	
 11155  1437                     l14892:	
 11156                           	line	22
 11157                           	
 11158  1437                     l18405:	
 11159  1437  3001               	movlw	01h
 11160  1438                     u5245:
 11161  1438  36D5               	lsrf	(___lldiv@divisor+3),f
 11162  1439  0CD4               	rrf	(___lldiv@divisor+2),f
 11163  143A  0CD3               	rrf	(___lldiv@divisor+1),f
 11164  143B  0CD2               	rrf	(___lldiv@divisor),f
 11165  143C  0B89               	decfsz	wreg,f
 11166  143D  2C38               	goto	u5245
 11167                           
 11168                           	line	23
 11169                           	
 11170  143E                     l18407:	
 11171  143E  3001               	movlw	low(01h)
 11172  143F  02DF               	subwf	(___lldiv@counter),f
 11173  1440  1D03               	btfss	status,2
 11174  1441  2C43               	goto	u5251
 11175  1442  2C44               	goto	u5250
 11176  1443                     u5251:
 11177  1443  2C14               	goto	l18397
 11178  1444                     u5250:
 11179  1444  2C46               	goto	l18409
 11180                           	
 11181  1445                     l14893:	
 11182  1445  2C46               	goto	l18409
 11183                           	line	24
 11184                           	
 11185  1446                     l14887:	
 11186                           	line	25
 11187                           	
 11188  1446                     l18409:	
 11189  1446  085E               	movf	(___lldiv@quotient+3),w
 11190  1447  00D5               	movwf	(?___lldiv+3)
 11191  1448  085D               	movf	(___lldiv@quotient+2),w
 11192  1449  00D4               	movwf	(?___lldiv+2)
 11193  144A  085C               	movf	(___lldiv@quotient+1),w
 11194  144B  00D3               	movwf	(?___lldiv+1)
 11195  144C  085B               	movf	(___lldiv@quotient),w
 11196  144D  00D2               	movwf	(?___lldiv)
 11197                           
 11198  144E  2C4F               	goto	l14894
 11199                           	
 11200  144F                     l18411:	
 11201                           	line	26
 11202                           	
 11203  144F                     l14894:	
 11204  144F  0008               	return
 11205                           	opt stack 0
 11206                           GLOBAL	__end_of___lldiv
 11207  1450                     	__end_of___lldiv:
 11208 ;; =============== function ___lldiv ends ============
 11209                           
 11210                           	signat	___lldiv,8316
 11211                           	global	___lmul
 11212                           psect	text993,local,class=CODE,delta=2
 11213                           global __ptext993
 11214  11DD                     __ptext993:
 11215                           
 11216 ;; *************** function ___lmul *****************
 11217 ;; Defined at:
 11218 ;;		line 3 in file "c:\Program Files (x86)\HI-TECH Software\PICC\9.83\sources\lmul.c"
 11219 ;; Parameters:    Size  Location     Type
 11220 ;;  multiplier      4    1[COMMON] unsigned long 
 11221 ;;  multiplicand    4    5[COMMON] unsigned long 
 11222 ;; Auto vars:     Size  Location     Type
 11223 ;;  product         4    9[COMMON] unsigned long 
 11224 ;; Return value:  Size  Location     Type
 11225 ;;                  4    1[COMMON] unsigned long 
 11226 ;; Registers used:
 11227 ;;		wreg, status,2, status,0
 11228 ;; Tracked objects:
 11229 ;;		On entry : 0/0
 11230 ;;		On exit  : 0/0
 11231 ;;		Unchanged: 0/0
 11232 ;; Data sizes:     COMMON   BANK0   BANK1   BANK2   BANK3   BANK4   BANK5   BANK7 BANK8hh BANK8hl  BANK8l BANK9hh BANK9h
       l  BANK9l BANK10h BANK10l  BANK11  BANK12
 11233 ;;      Params:         8       0       0       0       0       0       0       0       0       0       0       0       
       0       0       0       0       0       0
 11234 ;;      Locals:         4       0       0       0       0       0       0       0       0       0       0       0       
       0       0       0       0       0       0
 11235 ;;      Temps:          0       0       0       0       0       0       0       0       0       0       0       0       
       0       0       0       0       0       0
 11236 ;;      Totals:        12       0       0       0       0       0       0       0       0       0       0       0       
       0       0       0       0       0       0
 11237 ;;Total ram usage:       12 bytes
 11238 ;; Hardware stack levels used:    1
 11239 ;; Hardware stack levels required when called:    1
 11240 ;; This function calls:
 11241 ;;		Nothing
 11242 ;; This function is called by:
 11243 ;;		_CAL_MtrCurrent
 11244 ;;		_CAL_MtrSpeed
 11245 ;;		_PID_CAL
 11246 ;; This function uses a non-reentrant model
 11247 ;;
 11248                           psect	text993
 11249                           	file	"c:\Program Files (x86)\HI-TECH Software\PICC\9.83\sources\lmul.c"
 11250                           	line	3
 11251                           	global	__size_of___lmul
 11252  0037                     	__size_of___lmul	equ	__end_of___lmul-___lmul
 11253                           	
 11254  11DD                     ___lmul:	
 11255                           	opt	stack 11
 11256                           ; Regs used in ___lmul: [wreg+status,2+status,0]
 11257                           	line	4
 11258                           	
 11259  11DD                     l18375:	
 11260  11DD  3000               	movlw	0
 11261  11DE  00FC               	movwf	(___lmul@product+3)
 11262  11DF  3000               	movlw	0
 11263  11E0  00FB               	movwf	(___lmul@product+2)
 11264  11E1  3000               	movlw	0
 11265  11E2  00FA               	movwf	(___lmul@product+1)
 11266  11E3  3000               	movlw	0
 11267  11E4  00F9               	movwf	(___lmul@product)
 11268                           
 11269  11E5  29E6               	goto	l18377
 11270                           	line	6
 11271                           	
 11272  11E6                     l14790:	
 11273                           	line	7
 11274                           	
 11275  11E6                     l18377:	
 11276  11E6  1C71               	btfss	(___lmul@multiplier),(0)&7
 11277  11E7  29E9               	goto	u5151
 11278  11E8  29EA               	goto	u5150
 11279  11E9                     u5151:
 11280  11E9  29F3               	goto	l18381
 11281  11EA                     u5150:
 11282                           	line	8
 11283                           	
 11284  11EA                     l18379:	
 11285  11EA  0875               	movf	(___lmul@multiplicand),w
 11286  11EB  07F9               	addwf	(___lmul@product),f
 11287  11EC  0876               	movf	(___lmul@multiplicand+1),w
 11288  11ED  3DFA               	addwfc	(___lmul@product+1),f
 11289  11EE  0877               	movf	(___lmul@multiplicand+2),w
 11290  11EF  3DFB               	addwfc	(___lmul@product+2),f
 11291  11F0  0878               	movf	(___lmul@multiplicand+3),w
 11292  11F1  3DFC               	addwfc	(___lmul@product+3),f
 11293  11F2  29F3               	goto	l18381
 11294                           	
 11295  11F3                     l14791:	
 11296                           	line	9
 11297                           	
 11298  11F3                     l18381:	
 11299  11F3  3001               	movlw	01h
 11300  11F4                     u5165:
 11301  11F4  35F5               	lslf	(___lmul@multiplicand),f
 11302  11F5  0DF6               	rlf	(___lmul@multiplicand+1),f
 11303  11F6  0DF7               	rlf	(___lmul@multiplicand+2),f
 11304  11F7  0DF8               	rlf	(___lmul@multiplicand+3),f
 11305  11F8  0B89               	decfsz	wreg,f
 11306  11F9  29F4               	goto	u5165
 11307                           	line	10
 11308                           	
 11309  11FA                     l18383:	
 11310  11FA  3001               	movlw	01h
 11311  11FB                     u5175:
 11312  11FB  36F4               	lsrf	(___lmul@multiplier+3),f
 11313  11FC  0CF3               	rrf	(___lmul@multiplier+2),f
 11314  11FD  0CF2               	rrf	(___lmul@multiplier+1),f
 11315  11FE  0CF1               	rrf	(___lmul@multiplier),f
 11316  11FF  0B89               	decfsz	wreg,f
 11317  1200  29FB               	goto	u5175
 11318                           
 11319                           	line	11
 11320  1201  0874               	movf	(___lmul@multiplier+3),w
 11321  1202  0473               	iorwf	(___lmul@multiplier+2),w
 11322  1203  0472               	iorwf	(___lmul@multiplier+1),w
 11323  1204  0471               	iorwf	(___lmul@multiplier),w
 11324  1205  1D03               	skipz
 11325  1206  2A08               	goto	u5181
 11326  1207  2A09               	goto	u5180
 11327  1208                     u5181:
 11328  1208  29E6               	goto	l18377
 11329  1209                     u5180:
 11330  1209  2A0A               	goto	l18385
 11331                           	
 11332  120A                     l14792:	
 11333                           	line	12
 11334                           	
 11335  120A                     l18385:	
 11336  120A  087C               	movf	(___lmul@product+3),w
 11337  120B  00F4               	movwf	(?___lmul+3)
 11338  120C  087B               	movf	(___lmul@product+2),w
 11339  120D  00F3               	movwf	(?___lmul+2)
 11340  120E  087A               	movf	(___lmul@product+1),w
 11341  120F  00F2               	movwf	(?___lmul+1)
 11342  1210  0879               	movf	(___lmul@product),w
 11343  1211  00F1               	movwf	(?___lmul)
 11344                           
 11345  1212  2A13               	goto	l14793
 11346                           	
 11347  1213                     l18387:	
 11348                           	line	13
 11349                           	
 11350  1213                     l14793:	
 11351  1213  0008               	return
 11352                           	opt stack 0
 11353                           GLOBAL	__end_of___lmul
 11354  1214                     	__end_of___lmul:
 11355 ;; =============== function ___lmul ends ============
 11356                           
 11357                           	signat	___lmul,8316
 11358                           	global	___lwmod
 11359                           psect	text994,local,class=CODE,delta=2
 11360                           global __ptext994
 11361  0800                     __ptext994:
 11362                           
 11363 ;; *************** function ___lwmod *****************
 11364 ;; Defined at:
 11365 ;;		line 5 in file "c:\Program Files (x86)\HI-TECH Software\PICC\9.83\sources\lwmod.c"
 11366 ;; Parameters:    Size  Location     Type
 11367 ;;  divisor         2    1[COMMON] unsigned int 
 11368 ;;  dividend        2    3[COMMON] unsigned int 
 11369 ;; Auto vars:     Size  Location     Type
 11370 ;;  counter         1    6[COMMON] unsigned char 
 11371 ;; Return value:  Size  Location     Type
 11372 ;;                  2    1[COMMON] unsigned int 
 11373 ;; Registers used:
 11374 ;;		wreg, status,2, status,0
 11375 ;; Tracked objects:
 11376 ;;		On entry : 0/0
 11377 ;;		On exit  : 0/0
 11378 ;;		Unchanged: 0/0
 11379 ;; Data sizes:     COMMON   BANK0   BANK1   BANK2   BANK3   BANK4   BANK5   BANK7 BANK8hh BANK8hl  BANK8l BANK9hh BANK9h
       l  BANK9l BANK10h BANK10l  BANK11  BANK12
 11380 ;;      Params:         4       0       0       0       0       0       0       0       0       0       0       0       
       0       0       0       0       0       0
 11381 ;;      Locals:         1       0       0       0       0       0       0       0       0       0       0       0       
       0       0       0       0       0       0
 11382 ;;      Temps:          1       0       0       0       0       0       0       0       0       0       0       0       
       0       0       0       0       0       0
 11383 ;;      Totals:         6       0       0       0       0       0       0       0       0       0       0       0       
       0       0       0       0       0       0
 11384 ;;Total ram usage:        6 bytes
 11385 ;; Hardware stack levels used:    1
 11386 ;; Hardware stack levels required when called:    1
 11387 ;; This function calls:
 11388 ;;		Nothing
 11389 ;; This function is called by:
 11390 ;;		_COM_Print
 11391 ;; This function uses a non-reentrant model
 11392 ;;
 11393                           psect	text994
 11394                           	file	"c:\Program Files (x86)\HI-TECH Software\PICC\9.83\sources\lwmod.c"
 11395                           	line	5
 11396                           	global	__size_of___lwmod
 11397  003E                     	__size_of___lwmod	equ	__end_of___lwmod-___lwmod
 11398                           	
 11399  0800                     ___lwmod:	
 11400                           	opt	stack 12
 11401                           ; Regs used in ___lwmod: [wreg+status,2+status,0]
 11402                           	line	8
 11403                           	
 11404  0800                     l18353:	
 11405  0800  0872               	movf	(___lwmod@divisor+1),w
 11406  0801  0471               	iorwf	(___lwmod@divisor),w
 11407  0802  1903               	skipnz
 11408  0803  2805               	goto	u5091
 11409  0804  2806               	goto	u5090
 11410  0805                     u5091:
 11411  0805  2836               	goto	l18371
 11412  0806                     u5090:
 11413                           	line	9
 11414                           	
 11415  0806                     l18355:	
 11416  0806  01F6               	clrf	(___lwmod@counter)
 11417  0807  1403               	bsf	status,0
 11418  0808  0DF6               	rlf	(___lwmod@counter),f
 11419                           	line	10
 11420  0809  2814               	goto	l18361
 11421                           	
 11422  080A                     l14733:	
 11423                           	line	11
 11424                           	
 11425  080A                     l18357:	
 11426  080A  3001               	movlw	01h
 11427                           	
 11428  080B                     u5105:
 11429  080B  35F1               	lslf	(___lwmod@divisor),f
 11430  080C  0DF2               	rlf	(___lwmod@divisor+1),f
 11431  080D  0B89               	decfsz	wreg,f
 11432  080E  280B               	goto	u5105
 11433                           	line	12
 11434                           	
 11435  080F                     l18359:	
 11436  080F  3001               	movlw	(01h)
 11437  0810  00F5               	movwf	(??___lwmod+0)+0
 11438  0811  0875               	movf	(??___lwmod+0)+0,w
 11439  0812  07F6               	addwf	(___lwmod@counter),f
 11440  0813  2814               	goto	l18361
 11441                           	line	13
 11442                           	
 11443  0814                     l14732:	
 11444                           	line	10
 11445                           	
 11446  0814                     l18361:	
 11447  0814  1FF2               	btfss	(___lwmod@divisor+1),(15)&7
 11448  0815  2817               	goto	u5111
 11449  0816  2818               	goto	u5110
 11450  0817                     u5111:
 11451  0817  280A               	goto	l18357
 11452  0818                     u5110:
 11453  0818  281A               	goto	l18363
 11454                           	
 11455  0819                     l14734:	
 11456  0819  281A               	goto	l18363
 11457                           	line	14
 11458                           	
 11459  081A                     l14735:	
 11460                           	line	15
 11461                           	
 11462  081A                     l18363:	
 11463  081A  0872               	movf	(___lwmod@divisor+1),w
 11464  081B  0274               	subwf	(___lwmod@dividend+1),w
 11465  081C  1D03               	skipz
 11466  081D  2820               	goto	u5125
 11467  081E  0871               	movf	(___lwmod@divisor),w
 11468  081F  0273               	subwf	(___lwmod@dividend),w
 11469  0820                     u5125:
 11470  0820  1C03               	skipc
 11471  0821  2823               	goto	u5121
 11472  0822  2824               	goto	u5120
 11473  0823                     u5121:
 11474  0823  2829               	goto	l18367
 11475  0824                     u5120:
 11476                           	line	16
 11477                           	
 11478  0824                     l18365:	
 11479  0824  0871               	movf	(___lwmod@divisor),w
 11480  0825  02F3               	subwf	(___lwmod@dividend),f
 11481  0826  0872               	movf	(___lwmod@divisor+1),w
 11482  0827  3BF4               	subwfb	(___lwmod@dividend+1),f
 11483  0828  2829               	goto	l18367
 11484                           	
 11485  0829                     l14736:	
 11486                           	line	17
 11487                           	
 11488  0829                     l18367:	
 11489  0829  3001               	movlw	01h
 11490                           	
 11491  082A                     u5135:
 11492  082A  36F2               	lsrf	(___lwmod@divisor+1),f
 11493  082B  0CF1               	rrf	(___lwmod@divisor),f
 11494  082C  0B89               	decfsz	wreg,f
 11495  082D  282A               	goto	u5135
 11496                           	line	18
 11497                           	
 11498  082E                     l18369:	
 11499  082E  3001               	movlw	low(01h)
 11500  082F  02F6               	subwf	(___lwmod@counter),f
 11501  0830  1D03               	btfss	status,2
 11502  0831  2833               	goto	u5141
 11503  0832  2834               	goto	u5140
 11504  0833                     u5141:
 11505  0833  281A               	goto	l18363
 11506  0834                     u5140:
 11507  0834  2836               	goto	l18371
 11508                           	
 11509  0835                     l14737:	
 11510  0835  2836               	goto	l18371
 11511                           	line	19
 11512                           	
 11513  0836                     l14731:	
 11514                           	line	20
 11515                           	
 11516  0836                     l18371:	
 11517  0836  0874               	movf	(___lwmod@dividend+1),w
 11518  0837  01F2               	clrf	(?___lwmod+1)
 11519  0838  07F2               	addwf	(?___lwmod+1)
 11520  0839  0873               	movf	(___lwmod@dividend),w
 11521  083A  01F1               	clrf	(?___lwmod)
 11522  083B  07F1               	addwf	(?___lwmod)
 11523                           
 11524  083C  283D               	goto	l14738
 11525                           	
 11526  083D                     l18373:	
 11527                           	line	21
 11528                           	
 11529  083D                     l14738:	
 11530  083D  0008               	return
 11531                           	opt stack 0
 11532                           GLOBAL	__end_of___lwmod
 11533  083E                     	__end_of___lwmod:
 11534 ;; =============== function ___lwmod ends ============
 11535                           
 11536                           	signat	___lwmod,8314
 11537                           	global	___lwdiv
 11538                           psect	text995,local,class=CODE,delta=2
 11539                           global __ptext995
 11540  1305                     __ptext995:
 11541                           
 11542 ;; *************** function ___lwdiv *****************
 11543 ;; Defined at:
 11544 ;;		line 5 in file "c:\Program Files (x86)\HI-TECH Software\PICC\9.83\sources\lwdiv.c"
 11545 ;; Parameters:    Size  Location     Type
 11546 ;;  divisor         2    1[COMMON] unsigned int 
 11547 ;;  dividend        2    3[COMMON] unsigned int 
 11548 ;; Auto vars:     Size  Location     Type
 11549 ;;  quotient        2    6[COMMON] unsigned int 
 11550 ;;  counter         1    8[COMMON] unsigned char 
 11551 ;; Return value:  Size  Location     Type
 11552 ;;                  2    1[COMMON] unsigned int 
 11553 ;; Registers used:
 11554 ;;		wreg, status,2, status,0
 11555 ;; Tracked objects:
 11556 ;;		On entry : 0/0
 11557 ;;		On exit  : 0/0
 11558 ;;		Unchanged: 0/0
 11559 ;; Data sizes:     COMMON   BANK0   BANK1   BANK2   BANK3   BANK4   BANK5   BANK7 BANK8hh BANK8hl  BANK8l BANK9hh BANK9h
       l  BANK9l BANK10h BANK10l  BANK11  BANK12
 11560 ;;      Params:         4       0       0       0       0       0       0       0       0       0       0       0       
       0       0       0       0       0       0
 11561 ;;      Locals:         3       0       0       0       0       0       0       0       0       0       0       0       
       0       0       0       0       0       0
 11562 ;;      Temps:          1       0       0       0       0       0       0       0       0       0       0       0       
       0       0       0       0       0       0
 11563 ;;      Totals:         8       0       0       0       0       0       0       0       0       0       0       0       
       0       0       0       0       0       0
 11564 ;;Total ram usage:        8 bytes
 11565 ;; Hardware stack levels used:    1
 11566 ;; Hardware stack levels required when called:    1
 11567 ;; This function calls:
 11568 ;;		Nothing
 11569 ;; This function is called by:
 11570 ;;		_COM_Print
 11571 ;; This function uses a non-reentrant model
 11572 ;;
 11573                           psect	text995
 11574                           	file	"c:\Program Files (x86)\HI-TECH Software\PICC\9.83\sources\lwdiv.c"
 11575                           	line	5
 11576                           	global	__size_of___lwdiv
 11577  0046                     	__size_of___lwdiv	equ	__end_of___lwdiv-___lwdiv
 11578                           	
 11579  1305                     ___lwdiv:	
 11580                           	opt	stack 12
 11581                           ; Regs used in ___lwdiv: [wreg+status,2+status,0]
 11582                           	line	9
 11583                           	
 11584  1305                     l18327:	
 11585  1305  01F6               	clrf	(___lwdiv@quotient)
 11586  1306  01F7               	clrf	(___lwdiv@quotient+1)
 11587                           	line	10
 11588                           	
 11589  1307                     l18329:	
 11590  1307  0872               	movf	(___lwdiv@divisor+1),w
 11591  1308  0471               	iorwf	(___lwdiv@divisor),w
 11592  1309  1903               	skipnz
 11593  130A  2B0C               	goto	u5021
 11594  130B  2B0D               	goto	u5020
 11595  130C                     u5021:
 11596  130C  2B43               	goto	l18349
 11597  130D                     u5020:
 11598                           	line	11
 11599                           	
 11600  130D                     l18331:	
 11601  130D  01F8               	clrf	(___lwdiv@counter)
 11602  130E  1403               	bsf	status,0
 11603  130F  0DF8               	rlf	(___lwdiv@counter),f
 11604                           	line	12
 11605  1310  2B1B               	goto	l18337
 11606                           	
 11607  1311                     l14723:	
 11608                           	line	13
 11609                           	
 11610  1311                     l18333:	
 11611  1311  3001               	movlw	01h
 11612                           	
 11613  1312                     u5035:
 11614  1312  35F1               	lslf	(___lwdiv@divisor),f
 11615  1313  0DF2               	rlf	(___lwdiv@divisor+1),f
 11616  1314  0B89               	decfsz	wreg,f
 11617  1315  2B12               	goto	u5035
 11618                           	line	14
 11619                           	
 11620  1316                     l18335:	
 11621  1316  3001               	movlw	(01h)
 11622  1317  00F5               	movwf	(??___lwdiv+0)+0
 11623  1318  0875               	movf	(??___lwdiv+0)+0,w
 11624  1319  07F8               	addwf	(___lwdiv@counter),f
 11625  131A  2B1B               	goto	l18337
 11626                           	line	15
 11627                           	
 11628  131B                     l14722:	
 11629                           	line	12
 11630                           	
 11631  131B                     l18337:	
 11632  131B  1FF2               	btfss	(___lwdiv@divisor+1),(15)&7
 11633  131C  2B1E               	goto	u5041
 11634  131D  2B1F               	goto	u5040
 11635  131E                     u5041:
 11636  131E  2B11               	goto	l18333
 11637  131F                     u5040:
 11638  131F  2B21               	goto	l18339
 11639                           	
 11640  1320                     l14724:	
 11641  1320  2B21               	goto	l18339
 11642                           	line	16
 11643                           	
 11644  1321                     l14725:	
 11645                           	line	17
 11646                           	
 11647  1321                     l18339:	
 11648  1321  3001               	movlw	01h
 11649                           	
 11650  1322                     u5055:
 11651  1322  35F6               	lslf	(___lwdiv@quotient),f
 11652  1323  0DF7               	rlf	(___lwdiv@quotient+1),f
 11653  1324  0B89               	decfsz	wreg,f
 11654  1325  2B22               	goto	u5055
 11655                           	line	18
 11656  1326  0872               	movf	(___lwdiv@divisor+1),w
 11657  1327  0274               	subwf	(___lwdiv@dividend+1),w
 11658  1328  1D03               	skipz
 11659  1329  2B2C               	goto	u5065
 11660  132A  0871               	movf	(___lwdiv@divisor),w
 11661  132B  0273               	subwf	(___lwdiv@dividend),w
 11662  132C                     u5065:
 11663  132C  1C03               	skipc
 11664  132D  2B2F               	goto	u5061
 11665  132E  2B30               	goto	u5060
 11666  132F                     u5061:
 11667  132F  2B36               	goto	l18345
 11668  1330                     u5060:
 11669                           	line	19
 11670                           	
 11671  1330                     l18341:	
 11672  1330  0871               	movf	(___lwdiv@divisor),w
 11673  1331  02F3               	subwf	(___lwdiv@dividend),f
 11674  1332  0872               	movf	(___lwdiv@divisor+1),w
 11675  1333  3BF4               	subwfb	(___lwdiv@dividend+1),f
 11676                           	line	20
 11677                           	
 11678  1334                     l18343:	
 11679  1334  1476               	bsf	(___lwdiv@quotient)+(0/8),(0)&7
 11680  1335  2B36               	goto	l18345
 11681                           	line	21
 11682                           	
 11683  1336                     l14726:	
 11684                           	line	22
 11685                           	
 11686  1336                     l18345:	
 11687  1336  3001               	movlw	01h
 11688                           	
 11689  1337                     u5075:
 11690  1337  36F2               	lsrf	(___lwdiv@divisor+1),f
 11691  1338  0CF1               	rrf	(___lwdiv@divisor),f
 11692  1339  0B89               	decfsz	wreg,f
 11693  133A  2B37               	goto	u5075
 11694                           	line	23
 11695                           	
 11696  133B                     l18347:	
 11697  133B  3001               	movlw	low(01h)
 11698  133C  02F8               	subwf	(___lwdiv@counter),f
 11699  133D  1D03               	btfss	status,2
 11700  133E  2B40               	goto	u5081
 11701  133F  2B41               	goto	u5080
 11702  1340                     u5081:
 11703  1340  2B21               	goto	l18339
 11704  1341                     u5080:
 11705  1341  2B43               	goto	l18349
 11706                           	
 11707  1342                     l14727:	
 11708  1342  2B43               	goto	l18349
 11709                           	line	24
 11710                           	
 11711  1343                     l14721:	
 11712                           	line	25
 11713                           	
 11714  1343                     l18349:	
 11715  1343  0877               	movf	(___lwdiv@quotient+1),w
 11716  1344  01F2               	clrf	(?___lwdiv+1)
 11717  1345  07F2               	addwf	(?___lwdiv+1)
 11718  1346  0876               	movf	(___lwdiv@quotient),w
 11719  1347  01F1               	clrf	(?___lwdiv)
 11720  1348  07F1               	addwf	(?___lwdiv)
 11721                           
 11722  1349  2B4A               	goto	l14728
 11723                           	
 11724  134A                     l18351:	
 11725                           	line	26
 11726                           	
 11727  134A                     l14728:	
 11728  134A  0008               	return
 11729                           	opt stack 0
 11730                           GLOBAL	__end_of___lwdiv
 11731  134B                     	__end_of___lwdiv:
 11732 ;; =============== function ___lwdiv ends ============
 11733                           
 11734                           	signat	___lwdiv,8314
 11735                           	global	___wmul
 11736                           psect	text996,local,class=CODE,delta=2
 11737                           global __ptext996
 11738  1154                     __ptext996:
 11739                           
 11740 ;; *************** function ___wmul *****************
 11741 ;; Defined at:
 11742 ;;		line 3 in file "c:\Program Files (x86)\HI-TECH Software\PICC\9.83\sources\wmul.c"
 11743 ;; Parameters:    Size  Location     Type
 11744 ;;  multiplier      2    1[COMMON] unsigned int 
 11745 ;;  multiplicand    2    3[COMMON] unsigned int 
 11746 ;; Auto vars:     Size  Location     Type
 11747 ;;  product         2    5[COMMON] unsigned int 
 11748 ;; Return value:  Size  Location     Type
 11749 ;;                  2    1[COMMON] unsigned int 
 11750 ;; Registers used:
 11751 ;;		wreg, status,2, status,0
 11752 ;; Tracked objects:
 11753 ;;		On entry : 0/0
 11754 ;;		On exit  : 0/0
 11755 ;;		Unchanged: 0/0
 11756 ;; Data sizes:     COMMON   BANK0   BANK1   BANK2   BANK3   BANK4   BANK5   BANK7 BANK8hh BANK8hl  BANK8l BANK9hh BANK9h
       l  BANK9l BANK10h BANK10l  BANK11  BANK12
 11757 ;;      Params:         4       0       0       0       0       0       0       0       0       0       0       0       
       0       0       0       0       0       0
 11758 ;;      Locals:         2       0       0       0       0       0       0       0       0       0       0       0       
       0       0       0       0       0       0
 11759 ;;      Temps:          0       0       0       0       0       0       0       0       0       0       0       0       
       0       0       0       0       0       0
 11760 ;;      Totals:         6       0       0       0       0       0       0       0       0       0       0       0       
       0       0       0       0       0       0
 11761 ;;Total ram usage:        6 bytes
 11762 ;; Hardware stack levels used:    1
 11763 ;; Hardware stack levels required when called:    1
 11764 ;; This function calls:
 11765 ;;		Nothing
 11766 ;; This function is called by:
 11767 ;;		_MTR_Driver
 11768 ;; This function uses a non-reentrant model
 11769 ;;
 11770                           psect	text996
 11771                           	file	"c:\Program Files (x86)\HI-TECH Software\PICC\9.83\sources\wmul.c"
 11772                           	line	3
 11773                           	global	__size_of___wmul
 11774  0024                     	__size_of___wmul	equ	__end_of___wmul-___wmul
 11775                           	
 11776  1154                     ___wmul:	
 11777                           	opt	stack 12
 11778                           ; Regs used in ___wmul: [wreg+status,2+status,0]
 11779                           	line	4
 11780                           	
 11781  1154                     l18315:	
 11782  1154  01F5               	clrf	(___wmul@product)
 11783  1155  01F6               	clrf	(___wmul@product+1)
 11784  1156  2957               	goto	l18317
 11785                           	line	6
 11786                           	
 11787  1157                     l14715:	
 11788                           	line	7
 11789                           	
 11790  1157                     l18317:	
 11791  1157  1C71               	btfss	(___wmul@multiplier),(0)&7
 11792  1158  295A               	goto	u4981
 11793  1159  295B               	goto	u4980
 11794  115A                     u4981:
 11795  115A  295F               	goto	l14716
 11796  115B                     u4980:
 11797                           	line	8
 11798                           	
 11799  115B                     l18319:	
 11800  115B  0873               	movf	(___wmul@multiplicand),w
 11801  115C  07F5               	addwf	(___wmul@product),f
 11802  115D  0874               	movf	(___wmul@multiplicand+1),w
 11803  115E  3DF6               	addwfc	(___wmul@product+1),f
 11804                           	
 11805  115F                     l14716:	
 11806                           	line	9
 11807  115F  3001               	movlw	01h
 11808                           	
 11809  1160                     u4995:
 11810  1160  35F3               	lslf	(___wmul@multiplicand),f
 11811  1161  0DF4               	rlf	(___wmul@multiplicand+1),f
 11812  1162  0B89               	decfsz	wreg,f
 11813  1163  2960               	goto	u4995
 11814                           	line	10
 11815                           	
 11816  1164                     l18321:	
 11817  1164  3001               	movlw	01h
 11818                           	
 11819  1165                     u5005:
 11820  1165  36F2               	lsrf	(___wmul@multiplier+1),f
 11821  1166  0CF1               	rrf	(___wmul@multiplier),f
 11822  1167  0B89               	decfsz	wreg,f
 11823  1168  2965               	goto	u5005
 11824                           	line	11
 11825  1169  0872               	movf	((___wmul@multiplier+1)),w
 11826  116A  0471               	iorwf	((___wmul@multiplier)),w
 11827  116B  1D03               	skipz
 11828  116C  296E               	goto	u5011
 11829  116D  296F               	goto	u5010
 11830  116E                     u5011:
 11831  116E  2957               	goto	l18317
 11832  116F                     u5010:
 11833  116F  2970               	goto	l18323
 11834                           	
 11835  1170                     l14717:	
 11836                           	line	12
 11837                           	
 11838  1170                     l18323:	
 11839  1170  0876               	movf	(___wmul@product+1),w
 11840  1171  01F2               	clrf	(?___wmul+1)
 11841  1172  07F2               	addwf	(?___wmul+1)
 11842  1173  0875               	movf	(___wmul@product),w
 11843  1174  01F1               	clrf	(?___wmul)
 11844  1175  07F1               	addwf	(?___wmul)
 11845                           
 11846  1176  2977               	goto	l14718
 11847                           	
 11848  1177                     l18325:	
 11849                           	line	13
 11850                           	
 11851  1177                     l14718:	
 11852  1177  0008               	return
 11853                           	opt stack 0
 11854                           GLOBAL	__end_of___wmul
 11855  1178                     	__end_of___wmul:
 11856 ;; =============== function ___wmul ends ============
 11857                           
 11858                           	signat	___wmul,8314
 11859                           	global	_REC_WorkingTemp
 11860                           psect	text997,local,class=CODE,delta=2
 11861                           global __ptext997
 11862  14B4                     __ptext997:
 11863                           
 11864 ;; *************** function _REC_WorkingTemp *****************
 11865 ;; Defined at:
 11866 ;;		line 479 in file "D:\project\baratheon-winnie\baratheon\Service.c"
 11867 ;; Parameters:    Size  Location     Type
 11868 ;;		None
 11869 ;; Auto vars:     Size  Location     Type
 11870 ;;		None
 11871 ;; Return value:  Size  Location     Type
 11872 ;;		None               void
 11873 ;; Registers used:
 11874 ;;		wreg, status,2, status,0
 11875 ;; Tracked objects:
 11876 ;;		On entry : 0/0
 11877 ;;		On exit  : 0/0
 11878 ;;		Unchanged: 0/0
 11879 ;; Data sizes:     COMMON   BANK0   BANK1   BANK2   BANK3   BANK4   BANK5   BANK7 BANK8hh BANK8hl  BANK8l BANK9hh BANK9h
       l  BANK9l BANK10h BANK10l  BANK11  BANK12
 11880 ;;      Params:         0       0       0       0       0       0       0       0       0       0       0       0       
       0       0       0       0       0       0
 11881 ;;      Locals:         0       0       0       0       0       0       0       0       0       0       0       0       
       0       0       0       0       0       0
 11882 ;;      Temps:          2       0       0       0       0       0       0       0       0       0       0       0       
       0       0       0       0       0       0
 11883 ;;      Totals:         2       0       0       0       0       0       0       0       0       0       0       0       
       0       0       0       0       0       0
 11884 ;;Total ram usage:        2 bytes
 11885 ;; Hardware stack levels used:    1
 11886 ;; Hardware stack levels required when called:    1
 11887 ;; This function calls:
 11888 ;;		Nothing
 11889 ;; This function is called by:
 11890 ;;		_SVC_Ctrl
 11891 ;; This function uses a non-reentrant model
 11892 ;;
 11893                           psect	text997
 11894                           	file	"D:\project\baratheon-winnie\baratheon\Service.c"
 11895                           	line	479
 11896                           	global	__size_of_REC_WorkingTemp
 11897  0069                     	__size_of_REC_WorkingTemp	equ	__end_of_REC_WorkingTemp-_REC_WorkingTemp
 11898                           	
 11899  14B4                     _REC_WorkingTemp:	
 11900                           	opt	stack 13
 11901                           ; Regs used in _REC_WorkingTemp: [wreg+status,2+status,0]
 11902                           	line	482
 11903                           	
 11904  14B4                     l18279:	
 11905                           ;Service.c: 480: static  S8 temp = 0;
 11906                           ;Service.c: 481: static  U8 next = 0;
 11907                           ;Service.c: 482: if ( sysLevel == 0 )
 11908  14B4  0020               	movlb 0	; select bank0
 11909  14B5  08CB               	movf	(_sysLevel),f
 11910  14B6  1D03               	skipz
 11911  14B7  2CB9               	goto	u4931
 11912  14B8  2CBA               	goto	u4930
 11913  14B9                     u4931:
 11914  14B9  2CC0               	goto	l18285
 11915  14BA                     u4930:
 11916                           	line	484
 11917                           	
 11918  14BA                     l18281:	
 11919                           ;Service.c: 483: {
 11920                           ;Service.c: 484: next = 0;
 11921  14BA  01C5               	clrf	(REC_WorkingTemp@next)
 11922                           	line	485
 11923                           	
 11924  14BB                     l18283:	
 11925                           ;Service.c: 485: temp = mtrTemp;
 11926  14BB  086E               	movf	(_mtrTemp),w
 11927  14BC  00F1               	movwf	(??_REC_WorkingTemp+0)+0
 11928  14BD  0871               	movf	(??_REC_WorkingTemp+0)+0,w
 11929  14BE  00C6               	movwf	(REC_WorkingTemp@temp)
 11930                           	line	486
 11931                           ;Service.c: 486: }
 11932  14BF  2D1C               	goto	l13229
 11933                           	line	487
 11934                           	
 11935  14C0                     l13223:	
 11936                           	line	489
 11937                           	
 11938  14C0                     l18285:	
 11939                           ;Service.c: 487: else
 11940                           ;Service.c: 488: {
 11941                           ;Service.c: 489: if ( maxMotorHistoryTemp < mtrTemp )
 11942  14C0  086E               	movf	(_mtrTemp),w
 11943  14C1  00F1               	movwf	(??_REC_WorkingTemp+0)+0
 11944  14C2  01F2               	clrf	(??_REC_WorkingTemp+0)+0+1
 11945  14C3  1BF1               	btfsc	(??_REC_WorkingTemp+0)+0,7
 11946  14C4  03F2               	decf	(??_REC_WorkingTemp+0)+0+1,f
 11947  14C5  0872               	movf	1+(??_REC_WorkingTemp+0)+0,w
 11948  14C6  3A80               	xorlw	80h
 11949  14C7  3C80               	sublw	080h
 11950  14C8  1D03               	skipz
 11951  14C9  2CCD               	goto	u4945
 11952  14CA  0871               	movf	0+(??_REC_WorkingTemp+0)+0,w
 11953  14CB  002A               	movlb 10	; select bank10
 11954  14CC  0257               	subwf	(1367)^0500h,w
 11955  14CD                     u4945:
 11956                           
 11957  14CD  1803               	skipnc
 11958  14CE  2CD0               	goto	u4941
 11959  14CF  2CD1               	goto	u4940
 11960  14D0                     u4941:
 11961  14D0  2CD9               	goto	l13225
 11962  14D1                     u4940:
 11963                           	line	491
 11964                           	
 11965  14D1                     l18287:	
 11966                           ;Service.c: 490: {
 11967                           ;Service.c: 491: maxMotorHistoryTemp = mtrTemp;
 11968  14D1  0020               	movlb 0	; select bank0
 11969  14D2  086E               	movf	(_mtrTemp),w
 11970  14D3  00F1               	movwf	(??_REC_WorkingTemp+0)+0
 11971  14D4  0871               	movf	(??_REC_WorkingTemp+0)+0,w
 11972  14D5  002A               	movlb 10	; select bank10
 11973  14D6  00D7               	movwf	(1367)^0500h
 11974                           	line	492
 11975                           	
 11976  14D7                     l18289:	
 11977                           ;Service.c: 492: e2pWrFlags |= 0X08;
 11978  14D7  0020               	movlb 0	; select bank0
 11979  14D8  15C8               	bsf	(_e2pWrFlags)+(3/8),(3)&7
 11980                           	line	493
 11981                           	
 11982  14D9                     l13225:	
 11983                           	line	494
 11984                           ;Service.c: 493: }
 11985                           ;Service.c: 494: if ( temp < mtrTemp )
 11986  14D9  0020               	movlb 0	; select bank0
 11987  14DA  0846               	movf	(REC_WorkingTemp@temp),w
 11988  14DB  3A80               	xorlw	80h
 11989  14DC  00F1               	movwf	(??_REC_WorkingTemp+0)+0
 11990  14DD  086E               	movf	(_mtrTemp),w
 11991  14DE  3A80               	xorlw	80h
 11992  14DF  02F1               	subwf	(??_REC_WorkingTemp+0)+0
 11993  14E0  1803               	skipnc
 11994  14E1  2CE3               	goto	u4951
 11995  14E2  2CE4               	goto	u4950
 11996  14E3                     u4951:
 11997  14E3  2CE9               	goto	l18293
 11998  14E4                     u4950:
 11999                           	line	496
 12000                           	
 12001  14E4                     l18291:	
 12002                           ;Service.c: 495: {
 12003                           ;Service.c: 496: temp = mtrTemp;
 12004  14E4  086E               	movf	(_mtrTemp),w
 12005  14E5  00F1               	movwf	(??_REC_WorkingTemp+0)+0
 12006  14E6  0871               	movf	(??_REC_WorkingTemp+0)+0,w
 12007  14E7  00C6               	movwf	(REC_WorkingTemp@temp)
 12008  14E8  2CE9               	goto	l18293
 12009                           	line	497
 12010                           	
 12011  14E9                     l13226:	
 12012                           	line	498
 12013                           	
 12014  14E9                     l18293:	
 12015                           ;Service.c: 497: }
 12016                           ;Service.c: 498: if ( powerOnTime.s == 0 )
 12017  14E9  0021               	movlb 1	; select bank1
 12018  14EA  08DE               	movf	(_powerOnTime)^080h,f
 12019  14EB  1D03               	skipz
 12020  14EC  2CEE               	goto	u4961
 12021  14ED  2CEF               	goto	u4960
 12022  14EE                     u4961:
 12023  14EE  2D1C               	goto	l13229
 12024  14EF                     u4960:
 12025                           	line	500
 12026                           	
 12027  14EF                     l18295:	
 12028                           ;Service.c: 499: {
 12029                           ;Service.c: 500: if ( next == 0 )
 12030  14EF  0020               	movlb 0	; select bank0
 12031  14F0  08C5               	movf	(REC_WorkingTemp@next),f
 12032  14F1  1D03               	skipz
 12033  14F2  2CF4               	goto	u4971
 12034  14F3  2CF5               	goto	u4970
 12035  14F4                     u4971:
 12036  14F4  2D12               	goto	l18311
 12037  14F5                     u4970:
 12038                           	line	502
 12039                           	
 12040  14F5                     l18297:	
 12041                           ;Service.c: 501: {
 12042                           ;Service.c: 502: next = 1;
 12043  14F5  01C5               	clrf	(REC_WorkingTemp@next)
 12044  14F6  1403               	bsf	status,0
 12045  14F7  0DC5               	rlf	(REC_WorkingTemp@next),f
 12046                           	line	503
 12047                           	
 12048  14F8                     l18299:	
 12049                           ;Service.c: 503: lastUseMaxMotorTemp[ 6 ] = lastUseMaxMotorTemp[ 5 ];
 12050  14F8  002A               	movlb 10	; select bank10
 12051  14F9  085D               	movf	0+(1368)^0500h+05h,w
 12052  14FA  00F1               	movwf	(??_REC_WorkingTemp+0)+0
 12053  14FB  0871               	movf	(??_REC_WorkingTemp+0)+0,w
 12054  14FC  00DE               	movwf	0+(1368)^0500h+06h
 12055                           	line	504
 12056                           	
 12057  14FD                     l18301:	
 12058                           ;Service.c: 504: lastUseMaxMotorTemp[ 5 ] = lastUseMaxMotorTemp[ 4 ];
 12059  14FD  085C               	movf	0+(1368)^0500h+04h,w
 12060  14FE  00F1               	movwf	(??_REC_WorkingTemp+0)+0
 12061  14FF  0871               	movf	(??_REC_WorkingTemp+0)+0,w
 12062  1500  00DD               	movwf	0+(1368)^0500h+05h
 12063                           	line	505
 12064                           	
 12065  1501                     l18303:	
 12066                           ;Service.c: 505: lastUseMaxMotorTemp[ 4 ] = lastUseMaxMotorTemp[ 3 ];
 12067  1501  085B               	movf	0+(1368)^0500h+03h,w
 12068  1502  00F1               	movwf	(??_REC_WorkingTemp+0)+0
 12069  1503  0871               	movf	(??_REC_WorkingTemp+0)+0,w
 12070  1504  00DC               	movwf	0+(1368)^0500h+04h
 12071                           	line	506
 12072                           	
 12073  1505                     l18305:	
 12074                           ;Service.c: 506: lastUseMaxMotorTemp[ 3 ] = lastUseMaxMotorTemp[ 2 ];
 12075  1505  085A               	movf	0+(1368)^0500h+02h,w
 12076  1506  00F1               	movwf	(??_REC_WorkingTemp+0)+0
 12077  1507  0871               	movf	(??_REC_WorkingTemp+0)+0,w
 12078  1508  00DB               	movwf	0+(1368)^0500h+03h
 12079                           	line	507
 12080                           	
 12081  1509                     l18307:	
 12082                           ;Service.c: 507: lastUseMaxMotorTemp[ 2 ] = lastUseMaxMotorTemp[ 1 ];
 12083  1509  0859               	movf	0+(1368)^0500h+01h,w
 12084  150A  00F1               	movwf	(??_REC_WorkingTemp+0)+0
 12085  150B  0871               	movf	(??_REC_WorkingTemp+0)+0,w
 12086  150C  00DA               	movwf	0+(1368)^0500h+02h
 12087                           	line	508
 12088                           	
 12089  150D                     l18309:	
 12090                           ;Service.c: 508: lastUseMaxMotorTemp[ 1 ] = lastUseMaxMotorTemp[ 0 ];
 12091  150D  0858               	movf	(1368)^0500h,w
 12092  150E  00F1               	movwf	(??_REC_WorkingTemp+0)+0
 12093  150F  0871               	movf	(??_REC_WorkingTemp+0)+0,w
 12094  1510  00D9               	movwf	0+(1368)^0500h+01h
 12095  1511  2D12               	goto	l18311
 12096                           	line	509
 12097                           	
 12098  1512                     l13228:	
 12099                           	line	510
 12100                           	
 12101  1512                     l18311:	
 12102                           ;Service.c: 509: }
 12103                           ;Service.c: 510: lastUseMaxMotorTemp[ 0 ] = temp;
 12104  1512  0020               	movlb 0	; select bank0
 12105  1513  0846               	movf	(REC_WorkingTemp@temp),w
 12106  1514  00F1               	movwf	(??_REC_WorkingTemp+0)+0
 12107  1515  0871               	movf	(??_REC_WorkingTemp+0)+0,w
 12108  1516  002A               	movlb 10	; select bank10
 12109  1517  00D8               	movwf	(1368)^0500h
 12110                           	line	511
 12111                           	
 12112  1518                     l18313:	
 12113                           ;Service.c: 511: e2pWrFlags |= 0X08;
 12114  1518  0020               	movlb 0	; select bank0
 12115  1519  15C8               	bsf	(_e2pWrFlags)+(3/8),(3)&7
 12116  151A  2D1C               	goto	l13229
 12117                           	line	512
 12118                           	
 12119  151B                     l13227:	
 12120  151B  2D1C               	goto	l13229
 12121                           	line	513
 12122                           	
 12123  151C                     l13224:	
 12124                           	line	514
 12125                           	
 12126  151C                     l13229:	
 12127  151C  0008               	return
 12128                           	opt stack 0
 12129                           GLOBAL	__end_of_REC_WorkingTemp
 12130  151D                     	__end_of_REC_WorkingTemp:
 12131 ;; =============== function _REC_WorkingTemp ends ============
 12132                           
 12133                           	signat	_REC_WorkingTemp,88
 12134                           	global	_REC_WorkingPower
 12135                           psect	text998,local,class=CODE,delta=2
 12136                           global __ptext998
 12137  0003                     __ptext998:
 12138                           
 12139 ;; *************** function _REC_WorkingPower *****************
 12140 ;; Defined at:
 12141 ;;		line 475 in file "D:\project\baratheon-winnie\baratheon\Service.c"
 12142 ;; Parameters:    Size  Location     Type
 12143 ;;		None
 12144 ;; Auto vars:     Size  Location     Type
 12145 ;;		None
 12146 ;; Return value:  Size  Location     Type
 12147 ;;		None               void
 12148 ;; Registers used:
 12149 ;;		None
 12150 ;; Tracked objects:
 12151 ;;		On entry : 0/0
 12152 ;;		On exit  : 0/0
 12153 ;;		Unchanged: 0/0
 12154 ;; Data sizes:     COMMON   BANK0   BANK1   BANK2   BANK3   BANK4   BANK5   BANK7 BANK8hh BANK8hl  BANK8l BANK9hh BANK9h
       l  BANK9l BANK10h BANK10l  BANK11  BANK12
 12155 ;;      Params:         0       0       0       0       0       0       0       0       0       0       0       0       
       0       0       0       0       0       0
 12156 ;;      Locals:         0       0       0       0       0       0       0       0       0       0       0       0       
       0       0       0       0       0       0
 12157 ;;      Temps:          0       0       0       0       0       0       0       0       0       0       0       0       
       0       0       0       0       0       0
 12158 ;;      Totals:         0       0       0       0       0       0       0       0       0       0       0       0       
       0       0       0       0       0       0
 12159 ;;Total ram usage:        0 bytes
 12160 ;; Hardware stack levels used:    1
 12161 ;; Hardware stack levels required when called:    1
 12162 ;; This function calls:
 12163 ;;		Nothing
 12164 ;; This function is called by:
 12165 ;;		_SVC_Ctrl
 12166 ;; This function uses a non-reentrant model
 12167 ;;
 12168                           psect	text998
 12169                           	file	"D:\project\baratheon-winnie\baratheon\Service.c"
 12170                           	line	475
 12171                           	global	__size_of_REC_WorkingPower
 12172  0001                     	__size_of_REC_WorkingPower	equ	__end_of_REC_WorkingPower-_REC_WorkingPower
 12173                           	
 12174  0003                     _REC_WorkingPower:	
 12175                           	opt	stack 13
 12176                           ; Regs used in _REC_WorkingPower: []
 12177                           	line	476
 12178                           	
 12179  0003                     l13216:	
 12180  0003  0008               	return
 12181                           	opt stack 0
 12182                           GLOBAL	__end_of_REC_WorkingPower
 12183  0004                     	__end_of_REC_WorkingPower:
 12184 ;; =============== function _REC_WorkingPower ends ============
 12185                           
 12186                           	signat	_REC_WorkingPower,88
 12187                           	global	_H3M1_ADD
 12188                           psect	text999,local,class=CODE,delta=2
 12189                           global __ptext999
 12190  1450                     __ptext999:
 12191                           
 12192 ;; *************** function _H3M1_ADD *****************
 12193 ;; Defined at:
 12194 ;;		line 299 in file "D:\project\baratheon-winnie\baratheon\Service.c"
 12195 ;; Parameters:    Size  Location     Type
 12196 ;;  p               2    1[COMMON] PTR struct .
 12197 ;;		 -> totalPowerOnTime(4), powerOnTime(5), 
 12198 ;;  m               1    3[COMMON] unsigned char 
 12199 ;; Auto vars:     Size  Location     Type
 12200 ;;		None
 12201 ;; Return value:  Size  Location     Type
 12202 ;;		None               void
 12203 ;; Registers used:
 12204 ;;		wreg, fsr1l, fsr1h, status,2, status,0
 12205 ;; Tracked objects:
 12206 ;;		On entry : 0/0
 12207 ;;		On exit  : 0/0
 12208 ;;		Unchanged: 0/0
 12209 ;; Data sizes:     COMMON   BANK0   BANK1   BANK2   BANK3   BANK4   BANK5   BANK7 BANK8hh BANK8hl  BANK8l BANK9hh BANK9h
       l  BANK9l BANK10h BANK10l  BANK11  BANK12
 12210 ;;      Params:         3       0       0       0       0       0       0       0       0       0       0       0       
       0       0       0       0       0       0
 12211 ;;      Locals:         0       0       0       0       0       0       0       0       0       0       0       0       
       0       0       0       0       0       0
 12212 ;;      Temps:          3       0       0       0       0       0       0       0       0       0       0       0       
       0       0       0       0       0       0
 12213 ;;      Totals:         6       0       0       0       0       0       0       0       0       0       0       0       
       0       0       0       0       0       0
 12214 ;;Total ram usage:        6 bytes
 12215 ;; Hardware stack levels used:    1
 12216 ;; Hardware stack levels required when called:    1
 12217 ;; This function calls:
 12218 ;;		Nothing
 12219 ;; This function is called by:
 12220 ;;		_SVC_Timer
 12221 ;; This function uses a non-reentrant model
 12222 ;;
 12223                           psect	text999
 12224                           	file	"D:\project\baratheon-winnie\baratheon\Service.c"
 12225                           	line	299
 12226                           	global	__size_of_H3M1_ADD
 12227  0064                     	__size_of_H3M1_ADD	equ	__end_of_H3M1_ADD-_H3M1_ADD
 12228                           	
 12229  1450                     _H3M1_ADD:	
 12230                           	opt	stack 12
 12231                           ; Regs used in _H3M1_ADD: [wreg+fsr1l-status,0]
 12232                           	line	300
 12233                           	
 12234  1450                     l18269:	
 12235                           ;Service.c: 300: p->m += m;
 12236  1450  0873               	movf	(H3M1_ADD@m),w
 12237  1451  00F4               	movwf	(??_H3M1_ADD+0)+0
 12238  1452  0871               	movf	(H3M1_ADD@p),w
 12239  1453  0086               	movwf	fsr1l
 12240  1454  0872               	movf	(H3M1_ADD@p+1),w
 12241  1455  0087               	movwf	fsr1h
 12242                           
 12243  1456  0874               	movf	(??_H3M1_ADD+0)+0,w
 12244  1457  0781               	addwf	indf1,f
 12245                           	line	301
 12246                           	
 12247  1458                     l18271:	
 12248                           ;Service.c: 301: if ( p->m >= 60 )
 12249  1458  0871               	movf	(H3M1_ADD@p),w
 12250  1459  0086               	movwf	fsr1l
 12251  145A  0872               	movf	(H3M1_ADD@p+1),w
 12252  145B  0087               	movwf	fsr1h
 12253                           
 12254  145C  303C               	movlw	(03Ch)
 12255  145D  0201               	subwf	indf1,w
 12256  145E  1C03               	skipc
 12257  145F  2C61               	goto	u4901
 12258  1460  2C62               	goto	u4900
 12259  1461                     u4901:
 12260  1461  2CB3               	goto	l13168
 12261  1462                     u4900:
 12262                           	line	303
 12263                           	
 12264  1462                     l18273:	
 12265                           ;Service.c: 302: {
 12266                           ;Service.c: 303: p->m -= 60;
 12267  1462  0871               	movf	(H3M1_ADD@p),w
 12268  1463  0086               	movwf	fsr1l
 12269  1464  0872               	movf	(H3M1_ADD@p+1),w
 12270  1465  0087               	movwf	fsr1h
 12271                           
 12272  1466  303C               	movlw	low(03Ch)
 12273  1467  0281               	subwf	indf1,f
 12274                           	line	304
 12275                           ;Service.c: 304: p->h += 1;
 12276  1468  3001               	movlw	(01h)
 12277  1469  00F4               	movwf	(??_H3M1_ADD+0)+0
 12278  146A  0871               	movf	(H3M1_ADD@p),w
 12279  146B  3E01               	addlw	low(01h)
 12280  146C  00F5               	movwf	(??_H3M1_ADD+1)+0
 12281  146D  3000               	movlw	high(01h)
 12282  146E  3D72               	addwfc	(H3M1_ADD@p+1),w
 12283  146F  00F6               	movwf	1+(??_H3M1_ADD+1)+0
 12284  1470  0875               	movf	0+(??_H3M1_ADD+1)+0,w
 12285  1471  0086               	movwf	fsr1l
 12286  1472  0876               	movf	1+(??_H3M1_ADD+1)+0,w
 12287  1473  0087               	movwf	fsr1h
 12288                           
 12289  1474  0874               	movf	(??_H3M1_ADD+0)+0,w
 12290  1475  0781               	addwf	indf1,f
 12291                           	line	305
 12292                           ;Service.c: 305: if ( p->h == 0 )
 12293  1476  0871               	movf	(H3M1_ADD@p),w
 12294  1477  3E01               	addlw	low(01h)
 12295  1478  00F4               	movwf	(??_H3M1_ADD+0)+0
 12296  1479  3000               	movlw	high(01h)
 12297  147A  3D72               	addwfc	(H3M1_ADD@p+1),w
 12298  147B  00F5               	movwf	1+(??_H3M1_ADD+0)+0
 12299  147C  0874               	movf	0+(??_H3M1_ADD+0)+0,w
 12300  147D  0086               	movwf	fsr1l
 12301  147E  0875               	movf	1+(??_H3M1_ADD+0)+0,w
 12302  147F  0087               	movwf	fsr1h
 12303                           
 12304  1480  0881               	movf	indf1,f
 12305  1481  1D03               	skipz
 12306  1482  2C84               	goto	u4911
 12307  1483  2C85               	goto	u4910
 12308  1484                     u4911:
 12309  1484  2CB3               	goto	l13168
 12310  1485                     u4910:
 12311                           	line	307
 12312                           	
 12313  1485                     l18275:	
 12314                           ;Service.c: 306: {
 12315                           ;Service.c: 307: p->h1 += 1;
 12316  1485  3001               	movlw	(01h)
 12317  1486  00F4               	movwf	(??_H3M1_ADD+0)+0
 12318  1487  0871               	movf	(H3M1_ADD@p),w
 12319  1488  3E02               	addlw	low(02h)
 12320  1489  00F5               	movwf	(??_H3M1_ADD+1)+0
 12321  148A  3000               	movlw	high(02h)
 12322  148B  3D72               	addwfc	(H3M1_ADD@p+1),w
 12323  148C  00F6               	movwf	1+(??_H3M1_ADD+1)+0
 12324  148D  0875               	movf	0+(??_H3M1_ADD+1)+0,w
 12325  148E  0086               	movwf	fsr1l
 12326  148F  0876               	movf	1+(??_H3M1_ADD+1)+0,w
 12327  1490  0087               	movwf	fsr1h
 12328                           
 12329  1491  0874               	movf	(??_H3M1_ADD+0)+0,w
 12330  1492  0781               	addwf	indf1,f
 12331                           	line	308
 12332                           ;Service.c: 308: if ( p->h1 == 0 ) p->h2 += 1;
 12333  1493  0871               	movf	(H3M1_ADD@p),w
 12334  1494  3E02               	addlw	low(02h)
 12335  1495  00F4               	movwf	(??_H3M1_ADD+0)+0
 12336  1496  3000               	movlw	high(02h)
 12337  1497  3D72               	addwfc	(H3M1_ADD@p+1),w
 12338  1498  00F5               	movwf	1+(??_H3M1_ADD+0)+0
 12339  1499  0874               	movf	0+(??_H3M1_ADD+0)+0,w
 12340  149A  0086               	movwf	fsr1l
 12341  149B  0875               	movf	1+(??_H3M1_ADD+0)+0,w
 12342  149C  0087               	movwf	fsr1h
 12343                           
 12344  149D  0881               	movf	indf1,f
 12345  149E  1D03               	skipz
 12346  149F  2CA1               	goto	u4921
 12347  14A0  2CA2               	goto	u4920
 12348  14A1                     u4921:
 12349  14A1  2CB3               	goto	l13168
 12350  14A2                     u4920:
 12351                           	
 12352  14A2                     l18277:	
 12353  14A2  3001               	movlw	(01h)
 12354  14A3  00F4               	movwf	(??_H3M1_ADD+0)+0
 12355  14A4  0871               	movf	(H3M1_ADD@p),w
 12356  14A5  3E03               	addlw	low(03h)
 12357  14A6  00F5               	movwf	(??_H3M1_ADD+1)+0
 12358  14A7  3000               	movlw	high(03h)
 12359  14A8  3D72               	addwfc	(H3M1_ADD@p+1),w
 12360  14A9  00F6               	movwf	1+(??_H3M1_ADD+1)+0
 12361  14AA  0875               	movf	0+(??_H3M1_ADD+1)+0,w
 12362  14AB  0086               	movwf	fsr1l
 12363  14AC  0876               	movf	1+(??_H3M1_ADD+1)+0,w
 12364  14AD  0087               	movwf	fsr1h
 12365                           
 12366  14AE  0874               	movf	(??_H3M1_ADD+0)+0,w
 12367  14AF  0781               	addwf	indf1,f
 12368  14B0  2CB3               	goto	l13168
 12369                           	
 12370  14B1                     l13167:	
 12371  14B1  2CB3               	goto	l13168
 12372                           	line	309
 12373                           	
 12374  14B2                     l13166:	
 12375  14B2  2CB3               	goto	l13168
 12376                           	line	310
 12377                           	
 12378  14B3                     l13165:	
 12379                           	line	311
 12380                           	
 12381  14B3                     l13168:	
 12382  14B3  0008               	return
 12383                           	opt stack 0
 12384                           GLOBAL	__end_of_H3M1_ADD
 12385  14B4                     	__end_of_H3M1_ADD:
 12386 ;; =============== function _H3M1_ADD ends ============
 12387                           
 12388                           	signat	_H3M1_ADD,8312
 12389                           	global	_H2M1S1_ADD
 12390                           psect	text1000,local,class=CODE,delta=2
 12391                           global __ptext1000
 12392  07AC                     __ptext1000:
 12393                           
 12394 ;; *************** function _H2M1S1_ADD *****************
 12395 ;; Defined at:
 12396 ;;		line 267 in file "D:\project\baratheon-winnie\baratheon\Service.c"
 12397 ;; Parameters:    Size  Location     Type
 12398 ;;  p               1    wreg     PTR struct .
 12399 ;;		 -> totalSpeedWorkingTime(28), 
 12400 ;;  s               1    1[COMMON] unsigned char 
 12401 ;; Auto vars:     Size  Location     Type
 12402 ;;  p               1    3[COMMON] PTR struct .
 12403 ;;		 -> totalSpeedWorkingTime(28), 
 12404 ;; Return value:  Size  Location     Type
 12405 ;;		None               void
 12406 ;; Registers used:
 12407 ;;		wreg, fsr1l, fsr1h, status,2, status,0
 12408 ;; Tracked objects:
 12409 ;;		On entry : 0/0
 12410 ;;		On exit  : 0/0
 12411 ;;		Unchanged: 0/0
 12412 ;; Data sizes:     COMMON   BANK0   BANK1   BANK2   BANK3   BANK4   BANK5   BANK7 BANK8hh BANK8hl  BANK8l BANK9hh BANK9h
       l  BANK9l BANK10h BANK10l  BANK11  BANK12
 12413 ;;      Params:         1       0       0       0       0       0       0       0       0       0       0       0       
       0       0       0       0       0       0
 12414 ;;      Locals:         1       0       0       0       0       0       0       0       0       0       0       0       
       0       0       0       0       0       0
 12415 ;;      Temps:          1       0       0       0       0       0       0       0       0       0       0       0       
       0       0       0       0       0       0
 12416 ;;      Totals:         3       0       0       0       0       0       0       0       0       0       0       0       
       0       0       0       0       0       0
 12417 ;;Total ram usage:        3 bytes
 12418 ;; Hardware stack levels used:    1
 12419 ;; Hardware stack levels required when called:    1
 12420 ;; This function calls:
 12421 ;;		Nothing
 12422 ;; This function is called by:
 12423 ;;		_REC_SpeedWorking
 12424 ;; This function uses a non-reentrant model
 12425 ;;
 12426                           psect	text1000
 12427                           	file	"D:\project\baratheon-winnie\baratheon\Service.c"
 12428                           	line	267
 12429                           	global	__size_of_H2M1S1_ADD
 12430  0054                     	__size_of_H2M1S1_ADD	equ	__end_of_H2M1S1_ADD-_H2M1S1_ADD
 12431                           	
 12432  07AC                     _H2M1S1_ADD:	
 12433                           	opt	stack 12
 12434                           ; Regs used in _H2M1S1_ADD: [wreg+fsr1l-status,0]
 12435                           ;H2M1S1_ADD@p stored from wreg
 12436  07AC  00F3               	movwf	(H2M1S1_ADD@p)
 12437                           	line	268
 12438                           	
 12439  07AD                     l18257:	
 12440                           ;Service.c: 268: p->s += s;
 12441  07AD  0871               	movf	(H2M1S1_ADD@s),w
 12442  07AE  00F2               	movwf	(??_H2M1S1_ADD+0)+0
 12443  07AF  0873               	movf	(H2M1S1_ADD@p),w
 12444  07B0  0086               	movwf	fsr1l
 12445  07B1  3004               	movlw 4	; select bank8/9
 12446  07B2  0087               	movwf fsr1h	
 12447                           	
 12448  07B3  0872               	movf	(??_H2M1S1_ADD+0)+0,w
 12449  07B4  0781               	addwf	indf1,f
 12450                           	line	269
 12451                           	
 12452  07B5                     l18259:	
 12453                           ;Service.c: 269: if ( p->s >= 60 )
 12454  07B5  0873               	movf	(H2M1S1_ADD@p),w
 12455  07B6  0086               	movwf	fsr1l
 12456  07B7  3004               	movlw 4	; select bank8/9
 12457  07B8  0087               	movwf fsr1h	
 12458                           	
 12459  07B9  303C               	movlw	(03Ch)
 12460  07BA  0201               	subwf	indf1,w
 12461  07BB  1C03               	skipc
 12462  07BC  2FBE               	goto	u4871
 12463  07BD  2FBF               	goto	u4870
 12464  07BE                     u4871:
 12465  07BE  2FFF               	goto	l13156
 12466  07BF                     u4870:
 12467                           	line	271
 12468                           	
 12469  07BF                     l18261:	
 12470                           ;Service.c: 270: {
 12471                           ;Service.c: 271: p->s -= 60;
 12472  07BF  0873               	movf	(H2M1S1_ADD@p),w
 12473  07C0  0086               	movwf	fsr1l
 12474  07C1  3004               	movlw 4	; select bank8/9
 12475  07C2  0087               	movwf fsr1h	
 12476                           	
 12477  07C3  303C               	movlw	low(03Ch)
 12478  07C4  0281               	subwf	indf1,f
 12479                           	line	272
 12480                           ;Service.c: 272: p->m += 1;
 12481  07C5  3001               	movlw	(01h)
 12482  07C6  00F2               	movwf	(??_H2M1S1_ADD+0)+0
 12483  07C7  0873               	movf	(H2M1S1_ADD@p),w
 12484  07C8  3E01               	addlw	01h
 12485  07C9  0086               	movwf	fsr1l
 12486  07CA  3004               	movlw 4	; select bank8/9
 12487  07CB  0087               	movwf fsr1h	
 12488                           	
 12489  07CC  0872               	movf	(??_H2M1S1_ADD+0)+0,w
 12490  07CD  0781               	addwf	indf1,f
 12491                           	line	273
 12492                           	
 12493  07CE                     l18263:	
 12494                           ;Service.c: 273: if ( p->m >= 60 )
 12495  07CE  0873               	movf	(H2M1S1_ADD@p),w
 12496  07CF  3E01               	addlw	01h
 12497  07D0  0086               	movwf	fsr1l
 12498  07D1  3004               	movlw 4	; select bank8/9
 12499  07D2  0087               	movwf fsr1h	
 12500                           	
 12501  07D3  303C               	movlw	(03Ch)
 12502  07D4  0201               	subwf	indf1,w
 12503  07D5  1C03               	skipc
 12504  07D6  2FD8               	goto	u4881
 12505  07D7  2FD9               	goto	u4880
 12506  07D8                     u4881:
 12507  07D8  2FFF               	goto	l13156
 12508  07D9                     u4880:
 12509                           	line	275
 12510                           	
 12511  07D9                     l18265:	
 12512                           ;Service.c: 274: {
 12513                           ;Service.c: 275: p->m -= 60;
 12514  07D9  0873               	movf	(H2M1S1_ADD@p),w
 12515  07DA  3E01               	addlw	01h
 12516  07DB  0086               	movwf	fsr1l
 12517  07DC  3004               	movlw 4	; select bank8/9
 12518  07DD  0087               	movwf fsr1h	
 12519                           	
 12520  07DE  303C               	movlw	low(03Ch)
 12521  07DF  0281               	subwf	indf1,f
 12522                           	line	276
 12523                           ;Service.c: 276: p->h += 1;
 12524  07E0  3001               	movlw	(01h)
 12525  07E1  00F2               	movwf	(??_H2M1S1_ADD+0)+0
 12526  07E2  0873               	movf	(H2M1S1_ADD@p),w
 12527  07E3  3E02               	addlw	02h
 12528  07E4  0086               	movwf	fsr1l
 12529  07E5  3004               	movlw 4	; select bank8/9
 12530  07E6  0087               	movwf fsr1h	
 12531                           	
 12532  07E7  0872               	movf	(??_H2M1S1_ADD+0)+0,w
 12533  07E8  0781               	addwf	indf1,f
 12534                           	line	277
 12535                           ;Service.c: 277: if ( p->h == 0 ) p->h1 += 1;
 12536  07E9  0873               	movf	(H2M1S1_ADD@p),w
 12537  07EA  3E02               	addlw	02h
 12538  07EB  0086               	movwf	fsr1l
 12539  07EC  3004               	movlw 4	; select bank8/9
 12540  07ED  0087               	movwf fsr1h	
 12541                           	
 12542  07EE  0881               	movf	indf1,f
 12543  07EF  1D03               	skipz
 12544  07F0  2FF2               	goto	u4891
 12545  07F1  2FF3               	goto	u4890
 12546  07F2                     u4891:
 12547  07F2  2FFF               	goto	l13156
 12548  07F3                     u4890:
 12549                           	
 12550  07F3                     l18267:	
 12551  07F3  3001               	movlw	(01h)
 12552  07F4  00F2               	movwf	(??_H2M1S1_ADD+0)+0
 12553  07F5  0873               	movf	(H2M1S1_ADD@p),w
 12554  07F6  3E03               	addlw	03h
 12555  07F7  0086               	movwf	fsr1l
 12556  07F8  3004               	movlw 4	; select bank8/9
 12557  07F9  0087               	movwf fsr1h	
 12558                           	
 12559  07FA  0872               	movf	(??_H2M1S1_ADD+0)+0,w
 12560  07FB  0781               	addwf	indf1,f
 12561  07FC  2FFF               	goto	l13156
 12562                           	
 12563  07FD                     l13155:	
 12564  07FD  2FFF               	goto	l13156
 12565                           	line	278
 12566                           	
 12567  07FE                     l13154:	
 12568  07FE  2FFF               	goto	l13156
 12569                           	line	279
 12570                           	
 12571  07FF                     l13153:	
 12572                           	line	280
 12573                           	
 12574  07FF                     l13156:	
 12575  07FF  0008               	return
 12576                           	opt stack 0
 12577                           GLOBAL	__end_of_H2M1S1_ADD
 12578  0800                     	__end_of_H2M1S1_ADD:
 12579 ;; =============== function _H2M1S1_ADD ends ============
 12580                           
 12581                           	signat	_H2M1S1_ADD,8312
 12582                           	global	_H1M1S1_SUB
 12583                           psect	text1001,local,class=CODE,delta=2
 12584                           global __ptext1001
 12585  11A6                     __ptext1001:
 12586                           
 12587 ;; *************** function _H1M1S1_SUB *****************
 12588 ;; Defined at:
 12589 ;;		line 252 in file "D:\project\baratheon-winnie\baratheon\Service.c"
 12590 ;; Parameters:    Size  Location     Type
 12591 ;;  p               1    wreg     PTR struct .
 12592 ;;		 -> REC_SpeedWorking@tmLvl(3), 
 12593 ;;  s               1    1[COMMON] unsigned char 
 12594 ;; Auto vars:     Size  Location     Type
 12595 ;;  p               1    3[COMMON] PTR struct .
 12596 ;;		 -> REC_SpeedWorking@tmLvl(3), 
 12597 ;; Return value:  Size  Location     Type
 12598 ;;		None               void
 12599 ;; Registers used:
 12600 ;;		wreg, fsr1l, fsr1h, status,2, status,0
 12601 ;; Tracked objects:
 12602 ;;		On entry : 0/0
 12603 ;;		On exit  : 0/0
 12604 ;;		Unchanged: 0/0
 12605 ;; Data sizes:     COMMON   BANK0   BANK1   BANK2   BANK3   BANK4   BANK5   BANK7 BANK8hh BANK8hl  BANK8l BANK9hh BANK9h
       l  BANK9l BANK10h BANK10l  BANK11  BANK12
 12606 ;;      Params:         1       0       0       0       0       0       0       0       0       0       0       0       
       0       0       0       0       0       0
 12607 ;;      Locals:         1       0       0       0       0       0       0       0       0       0       0       0       
       0       0       0       0       0       0
 12608 ;;      Temps:          1       0       0       0       0       0       0       0       0       0       0       0       
       0       0       0       0       0       0
 12609 ;;      Totals:         3       0       0       0       0       0       0       0       0       0       0       0       
       0       0       0       0       0       0
 12610 ;;Total ram usage:        3 bytes
 12611 ;; Hardware stack levels used:    1
 12612 ;; Hardware stack levels required when called:    1
 12613 ;; This function calls:
 12614 ;;		Nothing
 12615 ;; This function is called by:
 12616 ;;		_REC_SpeedWorking
 12617 ;; This function uses a non-reentrant model
 12618 ;;
 12619                           psect	text1001
 12620                           	file	"D:\project\baratheon-winnie\baratheon\Service.c"
 12621                           	line	252
 12622                           	global	__size_of_H1M1S1_SUB
 12623  0037                     	__size_of_H1M1S1_SUB	equ	__end_of_H1M1S1_SUB-_H1M1S1_SUB
 12624                           	
 12625  11A6                     _H1M1S1_SUB:	
 12626                           	opt	stack 12
 12627                           ; Regs used in _H1M1S1_SUB: [wreg+fsr1l-status,0]
 12628                           ;H1M1S1_SUB@p stored from wreg
 12629  11A6  00F3               	movwf	(H1M1S1_SUB@p)
 12630                           	line	253
 12631                           	
 12632  11A7                     l18247:	
 12633                           ;Service.c: 253: p->s -= s;
 12634  11A7  0873               	movf	(H1M1S1_SUB@p),w
 12635  11A8  0086               	movwf	fsr1l
 12636  11A9  0187               	clrf fsr1h	
 12637                           	
 12638  11AA  0871               	movf	(H1M1S1_SUB@s),w
 12639  11AB  0281               	subwf	indf1,f
 12640                           	line	254
 12641                           	
 12642  11AC                     l18249:	
 12643                           ;Service.c: 254: if ( p->s >= 60 )
 12644  11AC  0873               	movf	(H1M1S1_SUB@p),w
 12645  11AD  0086               	movwf	fsr1l
 12646  11AE  0187               	clrf fsr1h	
 12647                           	
 12648  11AF  303C               	movlw	(03Ch)
 12649  11B0  0201               	subwf	indf1,w
 12650  11B1  1C03               	skipc
 12651  11B2  29B4               	goto	u4851
 12652  11B3  29B5               	goto	u4850
 12653  11B4                     u4851:
 12654  11B4  29DC               	goto	l13150
 12655  11B5                     u4850:
 12656                           	line	256
 12657                           	
 12658  11B5                     l18251:	
 12659                           ;Service.c: 255: {
 12660                           ;Service.c: 256: p->s += 60;
 12661  11B5  303C               	movlw	(03Ch)
 12662  11B6  00F2               	movwf	(??_H1M1S1_SUB+0)+0
 12663  11B7  0873               	movf	(H1M1S1_SUB@p),w
 12664  11B8  0086               	movwf	fsr1l
 12665  11B9  0187               	clrf fsr1h	
 12666                           	
 12667  11BA  0872               	movf	(??_H1M1S1_SUB+0)+0,w
 12668  11BB  0781               	addwf	indf1,f
 12669                           	line	257
 12670                           ;Service.c: 257: p->m -= 1;
 12671  11BC  0873               	movf	(H1M1S1_SUB@p),w
 12672  11BD  3E01               	addlw	01h
 12673  11BE  0086               	movwf	fsr1l
 12674  11BF  0187               	clrf fsr1h	
 12675                           	
 12676  11C0  3001               	movlw	low(01h)
 12677  11C1  0281               	subwf	indf1,f
 12678                           	line	258
 12679                           	
 12680  11C2                     l18253:	
 12681                           ;Service.c: 258: if ( p->m >= 60 )
 12682  11C2  0873               	movf	(H1M1S1_SUB@p),w
 12683  11C3  3E01               	addlw	01h
 12684  11C4  0086               	movwf	fsr1l
 12685  11C5  0187               	clrf fsr1h	
 12686                           	
 12687  11C6  303C               	movlw	(03Ch)
 12688  11C7  0201               	subwf	indf1,w
 12689  11C8  1C03               	skipc
 12690  11C9  29CB               	goto	u4861
 12691  11CA  29CC               	goto	u4860
 12692  11CB                     u4861:
 12693  11CB  29DC               	goto	l13150
 12694  11CC                     u4860:
 12695                           	line	260
 12696                           	
 12697  11CC                     l18255:	
 12698                           ;Service.c: 259: {
 12699                           ;Service.c: 260: p->m += 60;
 12700  11CC  303C               	movlw	(03Ch)
 12701  11CD  00F2               	movwf	(??_H1M1S1_SUB+0)+0
 12702  11CE  0873               	movf	(H1M1S1_SUB@p),w
 12703  11CF  3E01               	addlw	01h
 12704  11D0  0086               	movwf	fsr1l
 12705  11D1  0187               	clrf fsr1h	
 12706                           	
 12707  11D2  0872               	movf	(??_H1M1S1_SUB+0)+0,w
 12708  11D3  0781               	addwf	indf1,f
 12709                           	line	261
 12710                           ;Service.c: 261: p->h -= 1;
 12711  11D4  0873               	movf	(H1M1S1_SUB@p),w
 12712  11D5  3E02               	addlw	02h
 12713  11D6  0086               	movwf	fsr1l
 12714  11D7  0187               	clrf fsr1h	
 12715                           	
 12716  11D8  3001               	movlw	low(01h)
 12717  11D9  0281               	subwf	indf1,f
 12718  11DA  29DC               	goto	l13150
 12719                           	line	262
 12720                           	
 12721  11DB                     l13149:	
 12722  11DB  29DC               	goto	l13150
 12723                           	line	263
 12724                           	
 12725  11DC                     l13148:	
 12726                           	line	264
 12727                           	
 12728  11DC                     l13150:	
 12729  11DC  0008               	return
 12730                           	opt stack 0
 12731                           GLOBAL	__end_of_H1M1S1_SUB
 12732  11DD                     	__end_of_H1M1S1_SUB:
 12733 ;; =============== function _H1M1S1_SUB ends ============
 12734                           
 12735                           	signat	_H1M1S1_SUB,8312
 12736                           	global	_H1M1S1_ADD
 12737                           psect	text1002,local,class=CODE,delta=2
 12738                           global __ptext1002
 12739  124C                     __ptext1002:
 12740                           
 12741 ;; *************** function _H1M1S1_ADD *****************
 12742 ;; Defined at:
 12743 ;;		line 237 in file "D:\project\baratheon-winnie\baratheon\Service.c"
 12744 ;; Parameters:    Size  Location     Type
 12745 ;;  p               1    wreg     PTR struct .
 12746 ;;		 -> REC_SpeedWorking@tmLvl(3), 
 12747 ;;  s               1    1[COMMON] unsigned char 
 12748 ;; Auto vars:     Size  Location     Type
 12749 ;;  p               1    3[COMMON] PTR struct .
 12750 ;;		 -> REC_SpeedWorking@tmLvl(3), 
 12751 ;; Return value:  Size  Location     Type
 12752 ;;		None               void
 12753 ;; Registers used:
 12754 ;;		wreg, fsr1l, fsr1h, status,2, status,0
 12755 ;; Tracked objects:
 12756 ;;		On entry : 0/0
 12757 ;;		On exit  : 0/0
 12758 ;;		Unchanged: 0/0
 12759 ;; Data sizes:     COMMON   BANK0   BANK1   BANK2   BANK3   BANK4   BANK5   BANK7 BANK8hh BANK8hl  BANK8l BANK9hh BANK9h
       l  BANK9l BANK10h BANK10l  BANK11  BANK12
 12760 ;;      Params:         1       0       0       0       0       0       0       0       0       0       0       0       
       0       0       0       0       0       0
 12761 ;;      Locals:         1       0       0       0       0       0       0       0       0       0       0       0       
       0       0       0       0       0       0
 12762 ;;      Temps:          1       0       0       0       0       0       0       0       0       0       0       0       
       0       0       0       0       0       0
 12763 ;;      Totals:         3       0       0       0       0       0       0       0       0       0       0       0       
       0       0       0       0       0       0
 12764 ;;Total ram usage:        3 bytes
 12765 ;; Hardware stack levels used:    1
 12766 ;; Hardware stack levels required when called:    1
 12767 ;; This function calls:
 12768 ;;		Nothing
 12769 ;; This function is called by:
 12770 ;;		_REC_SpeedWorking
 12771 ;; This function uses a non-reentrant model
 12772 ;;
 12773                           psect	text1002
 12774                           	file	"D:\project\baratheon-winnie\baratheon\Service.c"
 12775                           	line	237
 12776                           	global	__size_of_H1M1S1_ADD
 12777  0039                     	__size_of_H1M1S1_ADD	equ	__end_of_H1M1S1_ADD-_H1M1S1_ADD
 12778                           	
 12779  124C                     _H1M1S1_ADD:	
 12780                           	opt	stack 12
 12781                           ; Regs used in _H1M1S1_ADD: [wreg+fsr1l-status,0]
 12782                           ;H1M1S1_ADD@p stored from wreg
 12783  124C  00F3               	movwf	(H1M1S1_ADD@p)
 12784                           	line	238
 12785                           	
 12786  124D                     l18237:	
 12787                           ;Service.c: 238: p->s += s;
 12788  124D  0871               	movf	(H1M1S1_ADD@s),w
 12789  124E  00F2               	movwf	(??_H1M1S1_ADD+0)+0
 12790  124F  0873               	movf	(H1M1S1_ADD@p),w
 12791  1250  0086               	movwf	fsr1l
 12792  1251  0187               	clrf fsr1h	
 12793                           	
 12794  1252  0872               	movf	(??_H1M1S1_ADD+0)+0,w
 12795  1253  0781               	addwf	indf1,f
 12796                           	line	239
 12797                           	
 12798  1254                     l18239:	
 12799                           ;Service.c: 239: if ( p->s >= 60 )
 12800  1254  0873               	movf	(H1M1S1_ADD@p),w
 12801  1255  0086               	movwf	fsr1l
 12802  1256  0187               	clrf fsr1h	
 12803                           	
 12804  1257  303C               	movlw	(03Ch)
 12805  1258  0201               	subwf	indf1,w
 12806  1259  1C03               	skipc
 12807  125A  2A5C               	goto	u4831
 12808  125B  2A5D               	goto	u4830
 12809  125C                     u4831:
 12810  125C  2A84               	goto	l13145
 12811  125D                     u4830:
 12812                           	line	241
 12813                           	
 12814  125D                     l18241:	
 12815                           ;Service.c: 240: {
 12816                           ;Service.c: 241: p->s -= 60;
 12817  125D  0873               	movf	(H1M1S1_ADD@p),w
 12818  125E  0086               	movwf	fsr1l
 12819  125F  0187               	clrf fsr1h	
 12820                           	
 12821  1260  303C               	movlw	low(03Ch)
 12822  1261  0281               	subwf	indf1,f
 12823                           	line	242
 12824                           ;Service.c: 242: p->m += 1;
 12825  1262  3001               	movlw	(01h)
 12826  1263  00F2               	movwf	(??_H1M1S1_ADD+0)+0
 12827  1264  0873               	movf	(H1M1S1_ADD@p),w
 12828  1265  3E01               	addlw	01h
 12829  1266  0086               	movwf	fsr1l
 12830  1267  0187               	clrf fsr1h	
 12831                           	
 12832  1268  0872               	movf	(??_H1M1S1_ADD+0)+0,w
 12833  1269  0781               	addwf	indf1,f
 12834                           	line	243
 12835                           	
 12836  126A                     l18243:	
 12837                           ;Service.c: 243: if ( p->m >= 60 )
 12838  126A  0873               	movf	(H1M1S1_ADD@p),w
 12839  126B  3E01               	addlw	01h
 12840  126C  0086               	movwf	fsr1l
 12841  126D  0187               	clrf fsr1h	
 12842                           	
 12843  126E  303C               	movlw	(03Ch)
 12844  126F  0201               	subwf	indf1,w
 12845  1270  1C03               	skipc
 12846  1271  2A73               	goto	u4841
 12847  1272  2A74               	goto	u4840
 12848  1273                     u4841:
 12849  1273  2A84               	goto	l13145
 12850  1274                     u4840:
 12851                           	line	245
 12852                           	
 12853  1274                     l18245:	
 12854                           ;Service.c: 244: {
 12855                           ;Service.c: 245: p->m -= 60;
 12856  1274  0873               	movf	(H1M1S1_ADD@p),w
 12857  1275  3E01               	addlw	01h
 12858  1276  0086               	movwf	fsr1l
 12859  1277  0187               	clrf fsr1h	
 12860                           	
 12861  1278  303C               	movlw	low(03Ch)
 12862  1279  0281               	subwf	indf1,f
 12863                           	line	246
 12864                           ;Service.c: 246: p->h += 1;
 12865  127A  3001               	movlw	(01h)
 12866  127B  00F2               	movwf	(??_H1M1S1_ADD+0)+0
 12867  127C  0873               	movf	(H1M1S1_ADD@p),w
 12868  127D  3E02               	addlw	02h
 12869  127E  0086               	movwf	fsr1l
 12870  127F  0187               	clrf fsr1h	
 12871                           	
 12872  1280  0872               	movf	(??_H1M1S1_ADD+0)+0,w
 12873  1281  0781               	addwf	indf1,f
 12874  1282  2A84               	goto	l13145
 12875                           	line	247
 12876                           	
 12877  1283                     l13144:	
 12878  1283  2A84               	goto	l13145
 12879                           	line	248
 12880                           	
 12881  1284                     l13143:	
 12882                           	line	249
 12883                           	
 12884  1284                     l13145:	
 12885  1284  0008               	return
 12886                           	opt stack 0
 12887                           GLOBAL	__end_of_H1M1S1_ADD
 12888  1285                     	__end_of_H1M1S1_ADD:
 12889 ;; =============== function _H1M1S1_ADD ends ============
 12890                           
 12891                           	signat	_H1M1S1_ADD,8312
 12892                           	global	_MEM_Cmp
 12893                           psect	text1003,local,class=CODE,delta=2
 12894                           global __ptext1003
 12895  1285                     __ptext1003:
 12896                           
 12897 ;; *************** function _MEM_Cmp *****************
 12898 ;; Defined at:
 12899 ;;		line 206 in file "D:\project\baratheon-winnie\baratheon\Service.c"
 12900 ;; Parameters:    Size  Location     Type
 12901 ;;  p1              1    wreg     PTR unsigned char 
 12902 ;;		 -> totalPowerOnTime(4), 
 12903 ;;  p2              1    1[COMMON] PTR unsigned char 
 12904 ;;		 -> totalWorkingTime(4), 
 12905 ;;  n               1    2[COMMON] unsigned char 
 12906 ;; Auto vars:     Size  Location     Type
 12907 ;;  p1              1    5[COMMON] PTR unsigned char 
 12908 ;;		 -> totalPowerOnTime(4), 
 12909 ;; Return value:  Size  Location     Type
 12910 ;;                  1    wreg      char 
 12911 ;; Registers used:
 12912 ;;		wreg, fsr0l, fsr0h, fsr1l, fsr1h, status,2, status,0
 12913 ;; Tracked objects:
 12914 ;;		On entry : 0/0
 12915 ;;		On exit  : 0/0
 12916 ;;		Unchanged: 0/0
 12917 ;; Data sizes:     COMMON   BANK0   BANK1   BANK2   BANK3   BANK4   BANK5   BANK7 BANK8hh BANK8hl  BANK8l BANK9hh BANK9h
       l  BANK9l BANK10h BANK10l  BANK11  BANK12
 12918 ;;      Params:         2       0       0       0       0       0       0       0       0       0       0       0       
       0       0       0       0       0       0
 12919 ;;      Locals:         1       0       0       0       0       0       0       0       0       0       0       0       
       0       0       0       0       0       0
 12920 ;;      Temps:          2       0       0       0       0       0       0       0       0       0       0       0       
       0       0       0       0       0       0
 12921 ;;      Totals:         5       0       0       0       0       0       0       0       0       0       0       0       
       0       0       0       0       0       0
 12922 ;;Total ram usage:        5 bytes
 12923 ;; Hardware stack levels used:    1
 12924 ;; Hardware stack levels required when called:    1
 12925 ;; This function calls:
 12926 ;;		Nothing
 12927 ;; This function is called by:
 12928 ;;		_SVC_Init
 12929 ;; This function uses a non-reentrant model
 12930 ;;
 12931                           psect	text1003
 12932                           	file	"D:\project\baratheon-winnie\baratheon\Service.c"
 12933                           	line	206
 12934                           	global	__size_of_MEM_Cmp
 12935  003C                     	__size_of_MEM_Cmp	equ	__end_of_MEM_Cmp-_MEM_Cmp
 12936                           	
 12937  1285                     _MEM_Cmp:	
 12938                           	opt	stack 13
 12939                           ; Regs used in _MEM_Cmp: [wreg-status,0]
 12940                           ;MEM_Cmp@p1 stored from wreg
 12941  1285  00F5               	movwf	(MEM_Cmp@p1)
 12942                           	line	207
 12943                           	
 12944  1286                     l18215:	
 12945                           ;Service.c: 207: while ( n )
 12946  1286  2AB8               	goto	l18231
 12947                           	
 12948  1287                     l13128:	
 12949                           	line	209
 12950                           	
 12951  1287                     l18217:	
 12952                           ;Service.c: 208: {
 12953                           ;Service.c: 209: n--;
 12954  1287  3001               	movlw	low(01h)
 12955  1288  02F2               	subwf	(MEM_Cmp@n),f
 12956                           	line	210
 12957                           	
 12958  1289                     l18219:	
 12959                           ;Service.c: 210: if ( p1[ n ] < p2[ n ] ) return -1;
 12960  1289  0872               	movf	(MEM_Cmp@n),w
 12961  128A  0775               	addwf	(MEM_Cmp@p1),w
 12962  128B  00F3               	movwf	(??_MEM_Cmp+0)+0
 12963  128C  0873               	movf	0+(??_MEM_Cmp+0)+0,w
 12964  128D  0086               	movwf	fsr1l
 12965  128E  3005               	movlw 5	; select bank10/11
 12966  128F  0087               	movwf fsr1h	
 12967                           	
 12968  1290  0872               	movf	(MEM_Cmp@n),w
 12969  1291  0771               	addwf	(MEM_Cmp@p2),w
 12970  1292  00F4               	movwf	(??_MEM_Cmp+1)+0
 12971  1293  0874               	movf	0+(??_MEM_Cmp+1)+0,w
 12972  1294  0084               	movwf	fsr0l
 12973  1295  3005               	movlw 5	; select bank10/11
 12974  1296  0085               	movwf fsr0h	
 12975                           	
 12976  1297  0800               	movf	indf0,w
 12977  1298  0201               	subwf	indf1,w
 12978  1299  1803               	skipnc
 12979  129A  2A9C               	goto	u4801
 12980  129B  2A9D               	goto	u4800
 12981  129C                     u4801:
 12982  129C  2AA0               	goto	l18225
 12983  129D                     u4800:
 12984                           	
 12985  129D                     l18221:	
 12986  129D  30FF               	movlw	(-1)
 12987  129E  2AC0               	goto	l13130
 12988                           	
 12989  129F                     l18223:	
 12990  129F  2AC0               	goto	l13130
 12991                           	
 12992  12A0                     l13129:	
 12993                           	line	211
 12994                           	
 12995  12A0                     l18225:	
 12996                           ;Service.c: 211: if ( p2[ n ] < p1[ n ] ) return 1;
 12997  12A0  0872               	movf	(MEM_Cmp@n),w
 12998  12A1  0771               	addwf	(MEM_Cmp@p2),w
 12999  12A2  00F3               	movwf	(??_MEM_Cmp+0)+0
 13000  12A3  0873               	movf	0+(??_MEM_Cmp+0)+0,w
 13001  12A4  0086               	movwf	fsr1l
 13002  12A5  3005               	movlw 5	; select bank10/11
 13003  12A6  0087               	movwf fsr1h	
 13004                           	
 13005  12A7  0872               	movf	(MEM_Cmp@n),w
 13006  12A8  0775               	addwf	(MEM_Cmp@p1),w
 13007  12A9  00F4               	movwf	(??_MEM_Cmp+1)+0
 13008  12AA  0874               	movf	0+(??_MEM_Cmp+1)+0,w
 13009  12AB  0084               	movwf	fsr0l
 13010  12AC  3005               	movlw 5	; select bank10/11
 13011  12AD  0085               	movwf fsr0h	
 13012                           	
 13013  12AE  0800               	movf	indf0,w
 13014  12AF  0201               	subwf	indf1,w
 13015  12B0  1803               	skipnc
 13016  12B1  2AB3               	goto	u4811
 13017  12B2  2AB4               	goto	u4810
 13018  12B3                     u4811:
 13019  12B3  2AB8               	goto	l18231
 13020  12B4                     u4810:
 13021                           	
 13022  12B4                     l18227:	
 13023  12B4  3001               	movlw	(01h)
 13024  12B5  2AC0               	goto	l13130
 13025                           	
 13026  12B6                     l18229:	
 13027  12B6  2AC0               	goto	l13130
 13028                           	
 13029  12B7                     l13131:	
 13030  12B7  2AB8               	goto	l18231
 13031                           	line	212
 13032                           	
 13033  12B8                     l13127:	
 13034                           	line	207
 13035                           	
 13036  12B8                     l18231:	
 13037  12B8  08F2               	movf	(MEM_Cmp@n),f
 13038  12B9  1D03               	skipz
 13039  12BA  2ABC               	goto	u4821
 13040  12BB  2ABD               	goto	u4820
 13041  12BC                     u4821:
 13042  12BC  2A87               	goto	l18217
 13043  12BD                     u4820:
 13044  12BD  2ABE               	goto	l18233
 13045                           	
 13046  12BE                     l13132:	
 13047                           	line	213
 13048                           	
 13049  12BE                     l18233:	
 13050                           ;Service.c: 212: }
 13051                           ;Service.c: 213: return 0;
 13052  12BE  3000               	movlw	(0)
 13053  12BF  2AC0               	goto	l13130
 13054                           	
 13055  12C0                     l18235:	
 13056                           	line	214
 13057                           	
 13058  12C0                     l13130:	
 13059  12C0  0008               	return
 13060                           	opt stack 0
 13061                           GLOBAL	__end_of_MEM_Cmp
 13062  12C1                     	__end_of_MEM_Cmp:
 13063 ;; =============== function _MEM_Cmp ends ============
 13064                           
 13065                           	signat	_MEM_Cmp,12409
 13066                           	global	_MEM_Cpy
 13067                           psect	text1004,local,class=CODE,delta=2
 13068                           global __ptext1004
 13069  1114                     __ptext1004:
 13070                           
 13071 ;; *************** function _MEM_Cpy *****************
 13072 ;; Defined at:
 13073 ;;		line 196 in file "D:\project\baratheon-winnie\baratheon\Service.c"
 13074 ;; Parameters:    Size  Location     Type
 13075 ;;  p1              2    1[COMMON] PTR unsigned char 
 13076 ;;		 -> totalWorkingTime(4), faultTimeStamp(28), lastSpeedWorkingTime(21), 
 13077 ;;  p2              2    3[COMMON] PTR unsigned char 
 13078 ;;		 -> REC_SpeedWorking@tmLvl(3), totalPowerOnTime(4), faultTimeStamp(28), lastSpeedWorkingTime(21), 
 13079 ;;		 -> powerOnTime(5), 
 13080 ;;  n               1    5[COMMON] unsigned char 
 13081 ;; Auto vars:     Size  Location     Type
 13082 ;;		None
 13083 ;; Return value:  Size  Location     Type
 13084 ;;		None               void
 13085 ;; Registers used:
 13086 ;;		wreg, fsr1l, fsr1h, status,2, status,0
 13087 ;; Tracked objects:
 13088 ;;		On entry : 0/0
 13089 ;;		On exit  : 0/0
 13090 ;;		Unchanged: 0/0
 13091 ;; Data sizes:     COMMON   BANK0   BANK1   BANK2   BANK3   BANK4   BANK5   BANK7 BANK8hh BANK8hl  BANK8l BANK9hh BANK9h
       l  BANK9l BANK10h BANK10l  BANK11  BANK12
 13092 ;;      Params:         5       0       0       0       0       0       0       0       0       0       0       0       
       0       0       0       0       0       0
 13093 ;;      Locals:         0       0       0       0       0       0       0       0       0       0       0       0       
       0       0       0       0       0       0
 13094 ;;      Temps:          1       0       0       0       0       0       0       0       0       0       0       0       
       0       0       0       0       0       0
 13095 ;;      Totals:         6       0       0       0       0       0       0       0       0       0       0       0       
       0       0       0       0       0       0
 13096 ;;Total ram usage:        6 bytes
 13097 ;; Hardware stack levels used:    1
 13098 ;; Hardware stack levels required when called:    1
 13099 ;; This function calls:
 13100 ;;		Nothing
 13101 ;; This function is called by:
 13102 ;;		_SVC_Timer
 13103 ;;		_REC_SpeedWorking
 13104 ;;		_REC_Faults
 13105 ;; This function uses a non-reentrant model
 13106 ;;
 13107                           psect	text1004
 13108                           	file	"D:\project\baratheon-winnie\baratheon\Service.c"
 13109                           	line	196
 13110                           	global	__size_of_MEM_Cpy
 13111  0020                     	__size_of_MEM_Cpy	equ	__end_of_MEM_Cpy-_MEM_Cpy
 13112                           	
 13113  1114                     _MEM_Cpy:	
 13114                           	opt	stack 12
 13115                           ; Regs used in _MEM_Cpy: [wreg+fsr1l-status,0]
 13116                           	line	197
 13117                           	
 13118  1114                     l18205:	
 13119                           ;Service.c: 197: while ( n-- )
 13120  1114  292A               	goto	l18213
 13121                           	
 13122  1115                     l13122:	
 13123                           	line	199
 13124                           	
 13125  1115                     l18207:	
 13126                           ;Service.c: 198: {
 13127                           ;Service.c: 199: *p1 = *p2;
 13128  1115  0873               	movf	(MEM_Cpy@p2),w
 13129  1116  0086               	movwf	fsr1l
 13130  1117  0874               	movf	(MEM_Cpy@p2+1),w
 13131  1118  0087               	movwf	fsr1h
 13132                           
 13133  1119  0801               	movf	indf1,w
 13134  111A  00F6               	movwf	(??_MEM_Cpy+0)+0
 13135  111B  0871               	movf	(MEM_Cpy@p1),w
 13136  111C  0086               	movwf	fsr1l
 13137  111D  0872               	movf	(MEM_Cpy@p1+1),w
 13138  111E  0087               	movwf	fsr1h
 13139                           
 13140  111F  0876               	movf	(??_MEM_Cpy+0)+0,w
 13141  1120  0081               	movwf	indf1
 13142                           	line	200
 13143                           	
 13144  1121                     l18209:	
 13145                           ;Service.c: 200: p1++;
 13146  1121  3001               	movlw	low(01h)
 13147  1122  07F1               	addwf	(MEM_Cpy@p1),f
 13148  1123  3000               	movlw	high(01h)
 13149  1124  3DF2               	addwfc	(MEM_Cpy@p1+1),f
 13150                           	line	201
 13151                           	
 13152  1125                     l18211:	
 13153                           ;Service.c: 201: p2++;
 13154  1125  3001               	movlw	low(01h)
 13155  1126  07F3               	addwf	(MEM_Cpy@p2),f
 13156  1127  3000               	movlw	high(01h)
 13157  1128  3DF4               	addwfc	(MEM_Cpy@p2+1),f
 13158  1129  292A               	goto	l18213
 13159                           	line	202
 13160                           	
 13161  112A                     l13121:	
 13162                           	line	197
 13163                           	
 13164  112A                     l18213:	
 13165  112A  3001               	movlw	low(01h)
 13166  112B  02F5               	subwf	(MEM_Cpy@n),f
 13167  112C  0875               	movf	((MEM_Cpy@n)),w
 13168  112D  3AFF               	xorlw	0FFh&0ffh
 13169  112E  1D03               	skipz
 13170  112F  2931               	goto	u4791
 13171  1130  2932               	goto	u4790
 13172  1131                     u4791:
 13173  1131  2915               	goto	l18207
 13174  1132                     u4790:
 13175  1132  2933               	goto	l13124
 13176                           	
 13177  1133                     l13123:	
 13178                           	line	203
 13179                           	
 13180  1133                     l13124:	
 13181  1133  0008               	return
 13182                           	opt stack 0
 13183                           GLOBAL	__end_of_MEM_Cpy
 13184  1134                     	__end_of_MEM_Cpy:
 13185 ;; =============== function _MEM_Cpy ends ============
 13186                           
 13187                           	signat	_MEM_Cpy,12408
 13188                           	global	_SVC_SetTuneValue
 13189                           psect	text1005,local,class=CODE,delta=2
 13190                           global __ptext1005
 13191  1C8A                     __ptext1005:
 13192                           
 13193 ;; *************** function _SVC_SetTuneValue *****************
 13194 ;; Defined at:
 13195 ;;		line 646 in file "D:\project\baratheon-winnie\baratheon\Service.c"
 13196 ;; Parameters:    Size  Location     Type
 13197 ;;  value           1    wreg     unsigned char 
 13198 ;; Auto vars:     Size  Location     Type
 13199 ;;  value           1    2[COMMON] unsigned char 
 13200 ;; Return value:  Size  Location     Type
 13201 ;;		None               void
 13202 ;; Registers used:
 13203 ;;		wreg
 13204 ;; Tracked objects:
 13205 ;;		On entry : 0/0
 13206 ;;		On exit  : 0/0
 13207 ;;		Unchanged: 0/0
 13208 ;; Data sizes:     COMMON   BANK0   BANK1   BANK2   BANK3   BANK4   BANK5   BANK7 BANK8hh BANK8hl  BANK8l BANK9hh BANK9h
       l  BANK9l BANK10h BANK10l  BANK11  BANK12
 13209 ;;      Params:         0       0       0       0       0       0       0       0       0       0       0       0       
       0       0       0       0       0       0
 13210 ;;      Locals:         1       0       0       0       0       0       0       0       0       0       0       0       
       0       0       0       0       0       0
 13211 ;;      Temps:          1       0       0       0       0       0       0       0       0       0       0       0       
       0       0       0       0       0       0
 13212 ;;      Totals:         2       0       0       0       0       0       0       0       0       0       0       0       
       0       0       0       0       0       0
 13213 ;;Total ram usage:        2 bytes
 13214 ;; Hardware stack levels used:    1
 13215 ;; Hardware stack levels required when called:    1
 13216 ;; This function calls:
 13217 ;;		Nothing
 13218 ;; This function is called by:
 13219 ;;		_CAL_TuneValue
 13220 ;; This function uses a non-reentrant model
 13221 ;;
 13222                           psect	text1005
 13223                           	file	"D:\project\baratheon-winnie\baratheon\Service.c"
 13224                           	line	646
 13225                           	global	__size_of_SVC_SetTuneValue
 13226  000F                     	__size_of_SVC_SetTuneValue	equ	__end_of_SVC_SetTuneValue-_SVC_SetTuneValue
 13227                           	
 13228  1C8A                     _SVC_SetTuneValue:	
 13229                           	opt	stack 12
 13230                           ; Regs used in _SVC_SetTuneValue: [wreg]
 13231                           ;SVC_SetTuneValue@value stored from wreg
 13232  1C8A  00F2               	movwf	(SVC_SetTuneValue@value)
 13233                           	line	647
 13234                           	
 13235  1C8B                     l18147:	
 13236                           ;Service.c: 647: if ( tuneValue != value )
 13237  1C8B  0020               	movlb 0	; select bank0
 13238  1C8C  0851               	movf	(_tuneValue),w
 13239  1C8D  0672               	xorwf	(SVC_SetTuneValue@value),w
 13240  1C8E  1903               	skipnz
 13241  1C8F  2C91               	goto	u4721
 13242  1C90  2C92               	goto	u4720
 13243  1C91                     u4721:
 13244  1C91  2C98               	goto	l13288
 13245  1C92                     u4720:
 13246                           	line	649
 13247                           	
 13248  1C92                     l18149:	
 13249                           ;Service.c: 648: {
 13250                           ;Service.c: 649: tuneValue = value;
 13251  1C92  0872               	movf	(SVC_SetTuneValue@value),w
 13252  1C93  00F1               	movwf	(??_SVC_SetTuneValue+0)+0
 13253  1C94  0871               	movf	(??_SVC_SetTuneValue+0)+0,w
 13254  1C95  00D1               	movwf	(_tuneValue)
 13255                           	line	650
 13256                           	
 13257  1C96                     l18151:	
 13258                           ;Service.c: 650: e2pWrFlags |= 0X80;
 13259  1C96  17C8               	bsf	(_e2pWrFlags)+(7/8),(7)&7
 13260  1C97  2C98               	goto	l13288
 13261                           	line	651
 13262                           	
 13263  1C98                     l13287:	
 13264                           	line	652
 13265                           	
 13266  1C98                     l13288:	
 13267  1C98  0008               	return
 13268                           	opt stack 0
 13269                           GLOBAL	__end_of_SVC_SetTuneValue
 13270  1C99                     	__end_of_SVC_SetTuneValue:
 13271 ;; =============== function _SVC_SetTuneValue ends ============
 13272                           
 13273                           	signat	_SVC_SetTuneValue,4216
 13274                           	global	_SVC_GetTuneValue
 13275                           psect	text1006,local,class=CODE,delta=2
 13276                           global __ptext1006
 13277  1C70                     __ptext1006:
 13278                           
 13279 ;; *************** function _SVC_GetTuneValue *****************
 13280 ;; Defined at:
 13281 ;;		line 641 in file "D:\project\baratheon-winnie\baratheon\Service.c"
 13282 ;; Parameters:    Size  Location     Type
 13283 ;;		None
 13284 ;; Auto vars:     Size  Location     Type
 13285 ;;		None
 13286 ;; Return value:  Size  Location     Type
 13287 ;;                  1    wreg      unsigned char 
 13288 ;; Registers used:
 13289 ;;		wreg
 13290 ;; Tracked objects:
 13291 ;;		On entry : 0/0
 13292 ;;		On exit  : 0/0
 13293 ;;		Unchanged: 0/0
 13294 ;; Data sizes:     COMMON   BANK0   BANK1   BANK2   BANK3   BANK4   BANK5   BANK7 BANK8hh BANK8hl  BANK8l BANK9hh BANK9h
       l  BANK9l BANK10h BANK10l  BANK11  BANK12
 13295 ;;      Params:         0       0       0       0       0       0       0       0       0       0       0       0       
       0       0       0       0       0       0
 13296 ;;      Locals:         0       0       0       0       0       0       0       0       0       0       0       0       
       0       0       0       0       0       0
 13297 ;;      Temps:          0       0       0       0       0       0       0       0       0       0       0       0       
       0       0       0       0       0       0
 13298 ;;      Totals:         0       0       0       0       0       0       0       0       0       0       0       0       
       0       0       0       0       0       0
 13299 ;;Total ram usage:        0 bytes
 13300 ;; Hardware stack levels used:    1
 13301 ;; Hardware stack levels required when called:    1
 13302 ;; This function calls:
 13303 ;;		Nothing
 13304 ;; This function is called by:
 13305 ;;		_CAL_MtrLevel
 13306 ;; This function uses a non-reentrant model
 13307 ;;
 13308                           psect	text1006
 13309                           	file	"D:\project\baratheon-winnie\baratheon\Service.c"
 13310                           	line	641
 13311                           	global	__size_of_SVC_GetTuneValue
 13312  0004                     	__size_of_SVC_GetTuneValue	equ	__end_of_SVC_GetTuneValue-_SVC_GetTuneValue
 13313                           	
 13314  1C70                     _SVC_GetTuneValue:	
 13315                           	opt	stack 12
 13316                           ; Regs used in _SVC_GetTuneValue: [wreg]
 13317                           	line	642
 13318                           	
 13319  1C70                     l18143:	
 13320                           ;Service.c: 642: return tuneValue;
 13321  1C70  0020               	movlb 0	; select bank0
 13322  1C71  0851               	movf	(_tuneValue),w
 13323  1C72  2C73               	goto	l13284
 13324                           	
 13325  1C73                     l18145:	
 13326                           	line	643
 13327                           	
 13328  1C73                     l13284:	
 13329  1C73  0008               	return
 13330                           	opt stack 0
 13331                           GLOBAL	__end_of_SVC_GetTuneValue
 13332  1C74                     	__end_of_SVC_GetTuneValue:
 13333 ;; =============== function _SVC_GetTuneValue ends ============
 13334                           
 13335                           	signat	_SVC_GetTuneValue,89
 13336                           	global	_PID_LIM
 13337                           psect	text1007,local,class=CODE,delta=2
 13338                           global __ptext1007
 13339  134B                     __ptext1007:
 13340                           
 13341 ;; *************** function _PID_LIM *****************
 13342 ;; Defined at:
 13343 ;;		line 50 in file "D:\project\baratheon-winnie\baratheon\MyMath.c"
 13344 ;; Parameters:    Size  Location     Type
 13345 ;;  p               1    wreg     PTR struct .
 13346 ;;		 -> MTR_Driver@SREG(16), 
 13347 ;;  min             2    1[COMMON] short 
 13348 ;;  max             2    3[COMMON] short 
 13349 ;; Auto vars:     Size  Location     Type
 13350 ;;  p               1    8[COMMON] PTR struct .
 13351 ;;		 -> MTR_Driver@SREG(16), 
 13352 ;; Return value:  Size  Location     Type
 13353 ;;                  2    1[COMMON] short 
 13354 ;; Registers used:
 13355 ;;		wreg, fsr1l, fsr1h
 13356 ;; Tracked objects:
 13357 ;;		On entry : 0/0
 13358 ;;		On exit  : 0/0
 13359 ;;		Unchanged: 0/0
 13360 ;; Data sizes:     COMMON   BANK0   BANK1   BANK2   BANK3   BANK4   BANK5   BANK7 BANK8hh BANK8hl  BANK8l BANK9hh BANK9h
       l  BANK9l BANK10h BANK10l  BANK11  BANK12
 13361 ;;      Params:         4       0       0       0       0       0       0       0       0       0       0       0       
       0       0       0       0       0       0
 13362 ;;      Locals:         1       0       0       0       0       0       0       0       0       0       0       0       
       0       0       0       0       0       0
 13363 ;;      Temps:          3       0       0       0       0       0       0       0       0       0       0       0       
       0       0       0       0       0       0
 13364 ;;      Totals:         8       0       0       0       0       0       0       0       0       0       0       0       
       0       0       0       0       0       0
 13365 ;;Total ram usage:        8 bytes
 13366 ;; Hardware stack levels used:    1
 13367 ;; Hardware stack levels required when called:    1
 13368 ;; This function calls:
 13369 ;;		Nothing
 13370 ;; This function is called by:
 13371 ;;		_MTR_Driver
 13372 ;; This function uses a non-reentrant model
 13373 ;;
 13374                           psect	text1007
 13375                           	file	"D:\project\baratheon-winnie\baratheon\MyMath.c"
 13376                           	line	50
 13377                           	global	__size_of_PID_LIM
 13378  0051                     	__size_of_PID_LIM	equ	__end_of_PID_LIM-_PID_LIM
 13379                           	
 13380  134B                     _PID_LIM:	
 13381                           	opt	stack 12
 13382                           ; Regs used in _PID_LIM: [wregfsr1]
 13383                           ;PID_LIM@p stored from wreg
 13384  134B  00F8               	movwf	(PID_LIM@p)
 13385                           	line	51
 13386                           	
 13387  134C                     l18131:	
 13388                           ;MyMath.c: 51: if ( min < max )
 13389  134C  0872               	movf	(PID_LIM@min+1),w
 13390  134D  3A80               	xorlw	80h
 13391  134E  00F5               	movwf	(??_PID_LIM+0)+0
 13392  134F  0874               	movf	(PID_LIM@max+1),w
 13393  1350  3A80               	xorlw	80h
 13394  1351  0275               	subwf	(??_PID_LIM+0)+0,w
 13395  1352  1D03               	skipz
 13396  1353  2B56               	goto	u4695
 13397  1354  0873               	movf	(PID_LIM@max),w
 13398  1355  0271               	subwf	(PID_LIM@min),w
 13399  1356                     u4695:
 13400                           
 13401  1356  1803               	skipnc
 13402  1357  2B59               	goto	u4691
 13403  1358  2B5A               	goto	u4690
 13404  1359                     u4691:
 13405  1359  2B9B               	goto	l11485
 13406  135A                     u4690:
 13407                           	line	53
 13408                           	
 13409  135A                     l18133:	
 13410                           ;MyMath.c: 52: {
 13411                           ;MyMath.c: 53: if ( p->ro.W.H > max )
 13412  135A  0878               	movf	(PID_LIM@p),w
 13413  135B  3E0E               	addlw	0Eh
 13414  135C  0086               	movwf	fsr1l
 13415  135D  0187               	clrf fsr1h	
 13416                           	
 13417  135E  3F40               	moviw	[0]fsr1
 13418  135F  00F5               	movwf	(??_PID_LIM+0)+0
 13419  1360  3F41               	moviw	[1]fsr1
 13420  1361  00F6               	movwf	(??_PID_LIM+0)+0+1
 13421  1362  0874               	movf	(PID_LIM@max+1),w
 13422  1363  3A80               	xorlw	80h
 13423  1364  00F7               	movwf	(??_PID_LIM+2)+0
 13424  1365  0876               	movf	1+(??_PID_LIM+0)+0,w
 13425  1366  3A80               	xorlw	80h
 13426  1367  0277               	subwf	(??_PID_LIM+2)+0,w
 13427  1368  1D03               	skipz
 13428  1369  2B6C               	goto	u4705
 13429  136A  0875               	movf	0+(??_PID_LIM+0)+0,w
 13430  136B  0273               	subwf	(PID_LIM@max),w
 13431  136C                     u4705:
 13432                           
 13433  136C  1803               	skipnc
 13434  136D  2B6F               	goto	u4701
 13435  136E  2B70               	goto	u4700
 13436  136F                     u4701:
 13437  136F  2B79               	goto	l18137
 13438  1370                     u4700:
 13439                           	line	55
 13440                           	
 13441  1370                     l18135:	
 13442                           ;MyMath.c: 54: {
 13443                           ;MyMath.c: 55: p->ro.W.H = max;
 13444  1370  0878               	movf	(PID_LIM@p),w
 13445  1371  3E0E               	addlw	0Eh
 13446  1372  0086               	movwf	fsr1l
 13447  1373  0187               	clrf fsr1h	
 13448                           	
 13449  1374  0873               	movf	(PID_LIM@max),w
 13450  1375  3FC0               	movwi	[0]fsr1
 13451  1376  0874               	movf	(PID_LIM@max+1),w
 13452  1377  3FC1               	movwi	[1]fsr1
 13453                           	line	56
 13454                           ;MyMath.c: 56: }
 13455  1378  2B9B               	goto	l11485
 13456                           	line	57
 13457                           	
 13458  1379                     l11482:	
 13459                           	
 13460  1379                     l18137:	
 13461                           ;MyMath.c: 57: else if ( p->ro.W.H < min )
 13462  1379  0878               	movf	(PID_LIM@p),w
 13463  137A  3E0E               	addlw	0Eh
 13464  137B  0086               	movwf	fsr1l
 13465  137C  0187               	clrf fsr1h	
 13466                           	
 13467  137D  3F40               	moviw	[0]fsr1
 13468  137E  00F5               	movwf	(??_PID_LIM+0)+0
 13469  137F  3F41               	moviw	[1]fsr1
 13470  1380  00F6               	movwf	(??_PID_LIM+0)+0+1
 13471  1381  0876               	movf	1+(??_PID_LIM+0)+0,w
 13472  1382  3A80               	xorlw	80h
 13473  1383  00F7               	movwf	(??_PID_LIM+2)+0
 13474  1384  0872               	movf	(PID_LIM@min+1),w
 13475  1385  3A80               	xorlw	80h
 13476  1386  0277               	subwf	(??_PID_LIM+2)+0,w
 13477  1387  1D03               	skipz
 13478  1388  2B8B               	goto	u4715
 13479  1389  0871               	movf	(PID_LIM@min),w
 13480  138A  0275               	subwf	0+(??_PID_LIM+0)+0,w
 13481  138B                     u4715:
 13482                           
 13483  138B  1803               	skipnc
 13484  138C  2B8E               	goto	u4711
 13485  138D  2B8F               	goto	u4710
 13486  138E                     u4711:
 13487  138E  2B9B               	goto	l11485
 13488  138F                     u4710:
 13489                           	line	59
 13490                           	
 13491  138F                     l18139:	
 13492                           ;MyMath.c: 58: {
 13493                           ;MyMath.c: 59: p->ro.W.H = min;
 13494  138F  0878               	movf	(PID_LIM@p),w
 13495  1390  3E0E               	addlw	0Eh
 13496  1391  0086               	movwf	fsr1l
 13497  1392  0187               	clrf fsr1h	
 13498                           	
 13499  1393  0871               	movf	(PID_LIM@min),w
 13500  1394  3FC0               	movwi	[0]fsr1
 13501  1395  0872               	movf	(PID_LIM@min+1),w
 13502  1396  3FC1               	movwi	[1]fsr1
 13503  1397  2B9B               	goto	l11485
 13504                           	line	60
 13505                           	
 13506  1398                     l11484:	
 13507  1398  2B9B               	goto	l11485
 13508                           	line	61
 13509                           	
 13510  1399                     l11483:	
 13511  1399  2B9B               	goto	l11485
 13512                           	
 13513  139A                     l11481:	
 13514  139A  2B9B               	goto	l11485
 13515                           	line	62
 13516                           	
 13517  139B                     l18141:	
 13518                           	line	63
 13519                           ;MyMath.c: 60: }
 13520                           ;MyMath.c: 61: }
 13521                           ;MyMath.c: 62: return p->ro.W.H;
 13522                           ;	Return value of _PID_LIM is never used
 13523                           	
 13524  139B                     l11485:	
 13525  139B  0008               	return
 13526                           	opt stack 0
 13527                           GLOBAL	__end_of_PID_LIM
 13528  139C                     	__end_of_PID_LIM:
 13529 ;; =============== function _PID_LIM ends ============
 13530                           
 13531                           	signat	_PID_LIM,12410
 13532                           	global	_CAL_MtrError
 13533                           psect	text1008,local,class=CODE,delta=2
 13534                           global __ptext1008
 13535  0002                     __ptext1008:
 13536                           
 13537 ;; *************** function _CAL_MtrError *****************
 13538 ;; Defined at:
 13539 ;;		line 196 in file "D:\project\baratheon-winnie\baratheon\Motor.c"
 13540 ;; Parameters:    Size  Location     Type
 13541 ;;		None
 13542 ;; Auto vars:     Size  Location     Type
 13543 ;;		None
 13544 ;; Return value:  Size  Location     Type
 13545 ;;		None               void
 13546 ;; Registers used:
 13547 ;;		None
 13548 ;; Tracked objects:
 13549 ;;		On entry : 0/0
 13550 ;;		On exit  : 0/0
 13551 ;;		Unchanged: 0/0
 13552 ;; Data sizes:     COMMON   BANK0   BANK1   BANK2   BANK3   BANK4   BANK5   BANK7 BANK8hh BANK8hl  BANK8l BANK9hh BANK9h
       l  BANK9l BANK10h BANK10l  BANK11  BANK12
 13553 ;;      Params:         0       0       0       0       0       0       0       0       0       0       0       0       
       0       0       0       0       0       0
 13554 ;;      Locals:         0       0       0       0       0       0       0       0       0       0       0       0       
       0       0       0       0       0       0
 13555 ;;      Temps:          0       0       0       0       0       0       0       0       0       0       0       0       
       0       0       0       0       0       0
 13556 ;;      Totals:         0       0       0       0       0       0       0       0       0       0       0       0       
       0       0       0       0       0       0
 13557 ;;Total ram usage:        0 bytes
 13558 ;; Hardware stack levels used:    1
 13559 ;; Hardware stack levels required when called:    1
 13560 ;; This function calls:
 13561 ;;		Nothing
 13562 ;; This function is called by:
 13563 ;;		_MTR_Ctrl
 13564 ;; This function uses a non-reentrant model
 13565 ;;
 13566                           psect	text1008
 13567                           	file	"D:\project\baratheon-winnie\baratheon\Motor.c"
 13568                           	line	196
 13569                           	global	__size_of_CAL_MtrError
 13570  0001                     	__size_of_CAL_MtrError	equ	__end_of_CAL_MtrError-_CAL_MtrError
 13571                           	
 13572  0002                     _CAL_MtrError:	
 13573                           	opt	stack 13
 13574                           ; Regs used in _CAL_MtrError: []
 13575                           	line	197
 13576                           	
 13577  0002                     l6537:	
 13578  0002  0008               	return
 13579                           	opt stack 0
 13580                           GLOBAL	__end_of_CAL_MtrError
 13581  0003                     	__end_of_CAL_MtrError:
 13582 ;; =============== function _CAL_MtrError ends ============
 13583                           
 13584                           	signat	_CAL_MtrError,88
 13585                           	global	_CAL_AcPeriod
 13586                           psect	text1009,local,class=CODE,delta=2
 13587                           global __ptext1009
 13588  16C0                     __ptext1009:
 13589                           
 13590 ;; *************** function _CAL_AcPeriod *****************
 13591 ;; Defined at:
 13592 ;;		line 163 in file "D:\project\baratheon-winnie\baratheon\Motor.c"
 13593 ;; Parameters:    Size  Location     Type
 13594 ;;		None
 13595 ;; Auto vars:     Size  Location     Type
 13596 ;;  t               2    6[COMMON] unsigned short 
 13597 ;;  i               1    5[COMMON] unsigned char 
 13598 ;; Return value:  Size  Location     Type
 13599 ;;		None               void
 13600 ;; Registers used:
 13601 ;;		wreg, fsr0l, fsr0h, fsr1l, fsr1h, status,2, status,0
 13602 ;; Tracked objects:
 13603 ;;		On entry : 0/0
 13604 ;;		On exit  : 0/0
 13605 ;;		Unchanged: 0/0
 13606 ;; Data sizes:     COMMON   BANK0   BANK1   BANK2   BANK3   BANK4   BANK5   BANK7 BANK8hh BANK8hl  BANK8l BANK9hh BANK9h
       l  BANK9l BANK10h BANK10l  BANK11  BANK12
 13607 ;;      Params:         0       0       0       0       0       0       0       0       0       0       0       0       
       0       0       0       0       0       0
 13608 ;;      Locals:         3       0       0       0       0       0       0       0       0       0       0       0       
       0       0       0       0       0       0
 13609 ;;      Temps:          4       0       0       0       0       0       0       0       0       0       0       0       
       0       0       0       0       0       0
 13610 ;;      Totals:         7       0       0       0       0       0       0       0       0       0       0       0       
       0       0       0       0       0       0
 13611 ;;Total ram usage:        7 bytes
 13612 ;; Hardware stack levels used:    1
 13613 ;; Hardware stack levels required when called:    1
 13614 ;; This function calls:
 13615 ;;		Nothing
 13616 ;; This function is called by:
 13617 ;;		_MTR_Ctrl
 13618 ;; This function uses a non-reentrant model
 13619 ;;
 13620                           psect	text1009
 13621                           	file	"D:\project\baratheon-winnie\baratheon\Motor.c"
 13622                           	line	163
 13623                           	global	__size_of_CAL_AcPeriod
 13624  0097                     	__size_of_CAL_AcPeriod	equ	__end_of_CAL_AcPeriod-_CAL_AcPeriod
 13625                           	
 13626  16C0                     _CAL_AcPeriod:	
 13627                           	opt	stack 13
 13628                           ; Regs used in _CAL_AcPeriod: [wreg-status,0]
 13629                           	line	167
 13630                           	
 13631  16C0                     l18097:	
 13632                           ;Motor.c: 164: static U16 tmCRS = 0;
 13633                           ;Motor.c: 165: U8 i;
 13634                           ;Motor.c: 166: U16 t;
 13635                           ;Motor.c: 167: if ( ++acCrossWDT >= 5 )
 13636  16C0  3001               	movlw	(01h)
 13637  16C1  00F1               	movwf	(??_CAL_AcPeriod+0)+0
 13638  16C2  0871               	movf	(??_CAL_AcPeriod+0)+0,w
 13639  16C3  0021               	movlb 1	; select bank1
 13640  16C4  07B6               	addwf	(_acCrossWDT)^080h,f
 13641  16C5  3005               	movlw	(05h)
 13642  16C6  0236               	subwf	((_acCrossWDT)^080h),w
 13643  16C7  1C03               	skipc
 13644  16C8  2ECA               	goto	u4601
 13645  16C9  2ECB               	goto	u4600
 13646  16CA                     u4601:
 13647  16CA  2ED4               	goto	l18107
 13648  16CB                     u4600:
 13649                           	line	169
 13650                           	
 13651  16CB                     l18099:	
 13652                           ;Motor.c: 168: {
 13653                           ;Motor.c: 169: acCrossWDT = 5;
 13654  16CB  3005               	movlw	(05h)
 13655  16CC  00F1               	movwf	(??_CAL_AcPeriod+0)+0
 13656  16CD  0871               	movf	(??_CAL_AcPeriod+0)+0,w
 13657  16CE  00B6               	movwf	(_acCrossWDT)^080h
 13658                           	line	170
 13659                           	
 13660  16CF                     l18101:	
 13661                           ;Motor.c: 170: acCrossEvent = 0;
 13662  16CF  01B4               	clrf	(_acCrossEvent)^080h
 13663                           	line	171
 13664                           	
 13665  16D0                     l18103:	
 13666                           ;Motor.c: 171: acCycleHalf = 0;
 13667  16D0  01B8               	clrf	(_acCycleHalf)^080h
 13668                           	line	172
 13669                           	
 13670  16D1                     l18105:	
 13671                           ;Motor.c: 172: acCycle = 0;
 13672  16D1  01AA               	clrf	(_acCycle)^080h
 13673  16D2  01AB               	clrf	(_acCycle+1)^080h
 13674                           	line	173
 13675                           ;Motor.c: 173: }
 13676  16D3  2F32               	goto	l18121
 13677                           	line	174
 13678                           	
 13679  16D4                     l6524:	
 13680                           	
 13681  16D4                     l18107:	
 13682                           ;Motor.c: 174: else if ( acCrossEvent >= 5 )
 13683  16D4  3005               	movlw	(05h)
 13684  16D5  0234               	subwf	(_acCrossEvent)^080h,w
 13685  16D6  1C03               	skipc
 13686  16D7  2ED9               	goto	u4611
 13687  16D8  2EDA               	goto	u4610
 13688  16D9                     u4611:
 13689  16D9  2F32               	goto	l18121
 13690  16DA                     u4610:
 13691                           	line	176
 13692                           	
 13693  16DA                     l18109:	
 13694                           ;Motor.c: 175: {
 13695                           ;Motor.c: 176: acCrossEvent = 5;
 13696  16DA  3005               	movlw	(05h)
 13697  16DB  00F1               	movwf	(??_CAL_AcPeriod+0)+0
 13698  16DC  0871               	movf	(??_CAL_AcPeriod+0)+0,w
 13699  16DD  00B4               	movwf	(_acCrossEvent)^080h
 13700                           	line	177
 13701                           	
 13702  16DE                     l18111:	
 13703                           ;Motor.c: 177: i = acCrossIndex - 1;
 13704  16DE  0835               	movf	(_acCrossIndex)^080h,w
 13705  16DF  3EFF               	addlw	0FFh
 13706  16E0  00F1               	movwf	(??_CAL_AcPeriod+0)+0
 13707  16E1  0871               	movf	(??_CAL_AcPeriod+0)+0,w
 13708  16E2  00F5               	movwf	(CAL_AcPeriod@i)
 13709                           	line	178
 13710                           	
 13711  16E3                     l18113:	
 13712                           ;Motor.c: 178: t = ( acCrossTime[ i & 7 ] - acCrossTime[ i - 4 & 7 ] ) >> 3;
 13713  16E3  0875               	movf	(CAL_AcPeriod@i),w
 13714  16E4  3907               	andlw	07h
 13715  16E5  0709               	addwf	wreg,w
 13716  16E6  3E60               	addlw	864&0ffh
 13717  16E7  0086               	movwf	fsr1l
 13718  16E8  3003               	movlw 3	; select bank6/7
 13719  16E9  0087               	movwf fsr1h	
 13720                           	
 13721  16EA  0875               	movf	(CAL_AcPeriod@i),w
 13722  16EB  3EFC               	addlw	0FCh
 13723  16EC  3907               	andlw	07h
 13724  16ED  0709               	addwf	wreg,w
 13725  16EE  3E60               	addlw	864&0ffh
 13726  16EF  0084               	movwf	fsr0l
 13727  16F0  3003               	movlw 3	; select bank6/7
 13728  16F1  0085               	movwf fsr0h	
 13729                           	
 13730  16F2  3F00               	moviw	[0]fsr0
 13731  16F3  00F1               	movwf	(??_CAL_AcPeriod+0)+0
 13732  16F4  3F01               	moviw	[1]fsr0
 13733  16F5  00F2               	movwf	(??_CAL_AcPeriod+0)+0+1
 13734  16F6  09F1               	comf	(??_CAL_AcPeriod+0)+0,f
 13735  16F7  09F2               	comf	(??_CAL_AcPeriod+0)+1,f
 13736  16F8  0AF1               	incf	(??_CAL_AcPeriod+0)+0,f
 13737  16F9  1903               	skipnz
 13738  16FA  0AF2               	incf	(??_CAL_AcPeriod+0)+1,f
 13739  16FB  3F40               	moviw	[0]fsr1
 13740  16FC  0771               	addwf	0+(??_CAL_AcPeriod+0)+0,w
 13741  16FD  00F3               	movwf	(??_CAL_AcPeriod+2)+0
 13742  16FE  3F41               	moviw	[1]fsr1
 13743  16FF  3D72               	addwfc	1+(??_CAL_AcPeriod+0)+0,w
 13744  1700  00F4               	movwf	(??_CAL_AcPeriod+2)+0+1
 13745  1701  3003               	movlw	03h
 13746  1702                     u4625:
 13747  1702  36F4               	lsrf	(??_CAL_AcPeriod+2)+1,f
 13748  1703  0CF3               	rrf	(??_CAL_AcPeriod+2)+0,f
 13749  1704  0B89               	decfsz	wreg,f
 13750  1705  2F02               	goto	u4625
 13751  1706  0873               	movf	0+(??_CAL_AcPeriod+2)+0,w
 13752  1707  00F6               	movwf	(CAL_AcPeriod@t)
 13753  1708  0874               	movf	1+(??_CAL_AcPeriod+2)+0,w
 13754  1709  00F7               	movwf	(CAL_AcPeriod@t+1)
 13755                           	line	179
 13756                           	
 13757  170A                     l18115:	
 13758                           ;Motor.c: 179: if ( 300 < t && t < 500 )
 13759  170A  3001               	movlw	high(012Dh)
 13760  170B  0277               	subwf	(CAL_AcPeriod@t+1),w
 13761  170C  302D               	movlw	low(012Dh)
 13762  170D  1903               	skipnz
 13763  170E  0276               	subwf	(CAL_AcPeriod@t),w
 13764  170F  1C03               	skipc
 13765  1710  2F12               	goto	u4631
 13766  1711  2F13               	goto	u4630
 13767  1712                     u4631:
 13768  1712  2F32               	goto	l18121
 13769  1713                     u4630:
 13770                           	
 13771  1713                     l18117:	
 13772  1713  3001               	movlw	high(01F4h)
 13773  1714  0277               	subwf	(CAL_AcPeriod@t+1),w
 13774  1715  30F4               	movlw	low(01F4h)
 13775  1716  1903               	skipnz
 13776  1717  0276               	subwf	(CAL_AcPeriod@t),w
 13777  1718  1803               	skipnc
 13778  1719  2F1B               	goto	u4641
 13779  171A  2F1C               	goto	u4640
 13780  171B                     u4641:
 13781  171B  2F32               	goto	l18121
 13782  171C                     u4640:
 13783                           	line	181
 13784                           	
 13785  171C                     l18119:	
 13786                           ;Motor.c: 180: {
 13787                           ;Motor.c: 181: acCycle = t;
 13788  171C  0877               	movf	(CAL_AcPeriod@t+1),w
 13789  171D  01AB               	clrf	(_acCycle+1)^080h
 13790  171E  07AB               	addwf	(_acCycle+1)^080h
 13791  171F  0876               	movf	(CAL_AcPeriod@t),w
 13792  1720  01AA               	clrf	(_acCycle)^080h
 13793  1721  07AA               	addwf	(_acCycle)^080h
 13794                           
 13795                           	line	182
 13796                           ;Motor.c: 182: acCycleHalf = t >> 3;
 13797  1722  0877               	movf	(CAL_AcPeriod@t+1),w
 13798  1723  00F2               	movwf	(??_CAL_AcPeriod+0)+0+1
 13799  1724  0876               	movf	(CAL_AcPeriod@t),w
 13800  1725  00F1               	movwf	(??_CAL_AcPeriod+0)+0
 13801  1726  3003               	movlw	03h
 13802  1727                     u4655:
 13803  1727  36F2               	lsrf	(??_CAL_AcPeriod+0)+1,f
 13804  1728  0CF1               	rrf	(??_CAL_AcPeriod+0)+0,f
 13805  1729  0B89               	decfsz	wreg,f
 13806  172A  2F27               	goto	u4655
 13807  172B  0871               	movf	0+(??_CAL_AcPeriod+0)+0,w
 13808  172C  00F3               	movwf	(??_CAL_AcPeriod+2)+0
 13809  172D  0873               	movf	(??_CAL_AcPeriod+2)+0,w
 13810  172E  00B8               	movwf	(_acCycleHalf)^080h
 13811  172F  2F32               	goto	l18121
 13812                           	line	183
 13813                           	
 13814  1730                     l6527:	
 13815  1730  2F32               	goto	l18121
 13816                           	line	184
 13817                           	
 13818  1731                     l6526:	
 13819  1731  2F32               	goto	l18121
 13820                           	line	185
 13821                           	
 13822  1732                     l6525:	
 13823                           	
 13824  1732                     l18121:	
 13825                           ;Motor.c: 183: }
 13826                           ;Motor.c: 184: }
 13827                           ;Motor.c: 185: if ( acCycleHalf != 0 )
 13828  1732  0838               	movf	(_acCycleHalf)^080h,w
 13829  1733  1D03               	skipz
 13830  1734  2F36               	goto	u4660
 13831  1735  2F39               	goto	l18125
 13832  1736                     u4660:
 13833                           	line	187
 13834                           	
 13835  1736                     l18123:	
 13836                           ;Motor.c: 186: {
 13837                           ;Motor.c: 187: tmCRS = 0;
 13838  1736  01A8               	clrf	(CAL_AcPeriod@tmCRS)^080h
 13839  1737  01A9               	clrf	(CAL_AcPeriod@tmCRS+1)^080h
 13840                           	line	188
 13841                           ;Motor.c: 188: }
 13842  1738  2F56               	goto	l6534
 13843                           	line	189
 13844                           	
 13845  1739                     l6528:	
 13846                           	
 13847  1739                     l18125:	
 13848                           ;Motor.c: 189: else if ( ++tmCRS >= 300 )
 13849  1739  3001               	movlw	low(01h)
 13850  173A  07A8               	addwf	(CAL_AcPeriod@tmCRS)^080h,f
 13851  173B  3000               	movlw	high(01h)
 13852  173C  3DA9               	addwfc	(CAL_AcPeriod@tmCRS+1)^080h,f
 13853  173D  3001               	movlw	high(012Ch)
 13854  173E  0229               	subwf	((CAL_AcPeriod@tmCRS+1)^080h),w
 13855  173F  302C               	movlw	low(012Ch)
 13856  1740  1903               	skipnz
 13857  1741  0228               	subwf	((CAL_AcPeriod@tmCRS)^080h),w
 13858  1742  1C03               	skipc
 13859  1743  2F45               	goto	u4671
 13860  1744  2F46               	goto	u4670
 13861  1745                     u4671:
 13862  1745  2F56               	goto	l6534
 13863  1746                     u4670:
 13864  1746  2F47               	goto	l18127
 13865                           	line	191
 13866                           ;Motor.c: 190: {
 13867                           ;Motor.c: 191: do { if ( !mtrError ) mtrError = mtrError = 10; } while(0);
 13868                           	
 13869  1747                     l6531:	
 13870                           	
 13871  1747                     l18127:	
 13872  1747  0020               	movlb 0	; select bank0
 13873  1748  08C9               	movf	(_mtrError),f
 13874  1749  1D03               	skipz
 13875  174A  2F4C               	goto	u4681
 13876  174B  2F4D               	goto	u4680
 13877  174C                     u4681:
 13878  174C  2F56               	goto	l6534
 13879  174D                     u4680:
 13880                           	
 13881  174D                     l18129:	
 13882  174D  300A               	movlw	(0Ah)
 13883  174E  00C9               	movwf	(_mtrError)
 13884  174F  00F1               	movwf	(??_CAL_AcPeriod+0)+0
 13885  1750  0871               	movf	(??_CAL_AcPeriod+0)+0,w
 13886  1751  00C9               	movwf	(_mtrError)
 13887  1752  2F56               	goto	l6534
 13888                           	
 13889  1753                     l6532:	
 13890  1753  2F56               	goto	l6534
 13891                           	
 13892  1754                     l6533:	
 13893  1754  2F56               	goto	l6534
 13894                           	line	192
 13895                           	
 13896  1755                     l6530:	
 13897  1755  2F56               	goto	l6534
 13898                           	line	193
 13899                           	
 13900  1756                     l6529:	
 13901                           	
 13902  1756                     l6534:	
 13903  1756  0008               	return
 13904                           	opt stack 0
 13905                           GLOBAL	__end_of_CAL_AcPeriod
 13906  1757                     	__end_of_CAL_AcPeriod:
 13907 ;; =============== function _CAL_AcPeriod ends ============
 13908                           
 13909                           	signat	_CAL_AcPeriod,88
 13910                           	global	_SQRT32
 13911                           psect	text1010,local,class=CODE,delta=2
 13912                           global __ptext1010
 13913  162D                     __ptext1010:
 13914                           
 13915 ;; *************** function _SQRT32 *****************
 13916 ;; Defined at:
 13917 ;;		line 13 in file "D:\project\baratheon-winnie\baratheon\MyMath.c"
 13918 ;; Parameters:    Size  Location     Type
 13919 ;;  a               4    1[COMMON] unsigned long 
 13920 ;; Auto vars:     Size  Location     Type
 13921 ;;  root            4    9[BANK0 ] unsigned long 
 13922 ;;  remainder       4    5[BANK0 ] unsigned long 
 13923 ;;  divisor         4    1[BANK0 ] unsigned long 
 13924 ;;  i               1    0[BANK0 ] unsigned char 
 13925 ;; Return value:  Size  Location     Type
 13926 ;;                  2    1[COMMON] unsigned short 
 13927 ;; Registers used:
 13928 ;;		wreg, status,2, status,0
 13929 ;; Tracked objects:
 13930 ;;		On entry : 0/0
 13931 ;;		On exit  : 0/0
 13932 ;;		Unchanged: 0/0
 13933 ;; Data sizes:     COMMON   BANK0   BANK1   BANK2   BANK3   BANK4   BANK5   BANK7 BANK8hh BANK8hl  BANK8l BANK9hh BANK9h
       l  BANK9l BANK10h BANK10l  BANK11  BANK12
 13934 ;;      Params:         4       0       0       0       0       0       0       0       0       0       0       0       
       0       0       0       0       0       0
 13935 ;;      Locals:         0      13       0       0       0       0       0       0       0       0       0       0       
       0       0       0       0       0       0
 13936 ;;      Temps:          4       0       0       0       0       0       0       0       0       0       0       0       
       0       0       0       0       0       0
 13937 ;;      Totals:         8      13       0       0       0       0       0       0       0       0       0       0       
       0       0       0       0       0       0
 13938 ;;Total ram usage:       21 bytes
 13939 ;; Hardware stack levels used:    1
 13940 ;; Hardware stack levels required when called:    1
 13941 ;; This function calls:
 13942 ;;		Nothing
 13943 ;; This function is called by:
 13944 ;;		_CAL_MtrCurrent
 13945 ;; This function uses a non-reentrant model
 13946 ;;
 13947                           psect	text1010
 13948                           	file	"D:\project\baratheon-winnie\baratheon\MyMath.c"
 13949                           	line	13
 13950                           	global	__size_of_SQRT32
 13951  0093                     	__size_of_SQRT32	equ	__end_of_SQRT32-_SQRT32
 13952                           	
 13953  162D                     _SQRT32:	
 13954                           	opt	stack 12
 13955                           ; Regs used in _SQRT32: [wreg+status,2+status,0]
 13956                           	line	14
 13957                           	
 13958  162D                     l18067:	
 13959                           ;MyMath.c: 14: U32 root = 0;
 13960  162D  3000               	movlw	0
 13961  162E  0020               	movlb 0	; select bank0
 13962  162F  00DE               	movwf	(SQRT32@root+3)
 13963  1630  3000               	movlw	0
 13964  1631  00DD               	movwf	(SQRT32@root+2)
 13965  1632  3000               	movlw	0
 13966  1633  00DC               	movwf	(SQRT32@root+1)
 13967  1634  3000               	movlw	0
 13968  1635  00DB               	movwf	(SQRT32@root)
 13969                           
 13970                           	line	15
 13971                           ;MyMath.c: 15: U32 divisor = 0;
 13972  1636  3000               	movlw	0
 13973  1637  00D6               	movwf	(SQRT32@divisor+3)
 13974  1638  3000               	movlw	0
 13975  1639  00D5               	movwf	(SQRT32@divisor+2)
 13976  163A  3000               	movlw	0
 13977  163B  00D4               	movwf	(SQRT32@divisor+1)
 13978  163C  3000               	movlw	0
 13979  163D  00D3               	movwf	(SQRT32@divisor)
 13980                           
 13981                           	line	16
 13982                           ;MyMath.c: 16: U32 remainder = 0;
 13983  163E  3000               	movlw	0
 13984  163F  00DA               	movwf	(SQRT32@remainder+3)
 13985  1640  3000               	movlw	0
 13986  1641  00D9               	movwf	(SQRT32@remainder+2)
 13987  1642  3000               	movlw	0
 13988  1643  00D8               	movwf	(SQRT32@remainder+1)
 13989  1644  3000               	movlw	0
 13990  1645  00D7               	movwf	(SQRT32@remainder)
 13991                           
 13992                           	line	17
 13993                           ;MyMath.c: 17: U8 i = 16;
 13994  1646  3010               	movlw	(010h)
 13995  1647  00F5               	movwf	(??_SQRT32+0)+0
 13996  1648  0875               	movf	(??_SQRT32+0)+0,w
 13997  1649  00D2               	movwf	(SQRT32@i)
 13998  164A  2E4B               	goto	l18069
 13999                           	line	18
 14000                           ;MyMath.c: 18: do{
 14001                           	
 14002  164B                     l11465:	
 14003                           	line	19
 14004                           	
 14005  164B                     l18069:	
 14006                           ;MyMath.c: 19: root <<= 1;
 14007  164B  3001               	movlw	01h
 14008  164C                     u4505:
 14009  164C  35DB               	lslf	(SQRT32@root),f
 14010  164D  0DDC               	rlf	(SQRT32@root+1),f
 14011  164E  0DDD               	rlf	(SQRT32@root+2),f
 14012  164F  0DDE               	rlf	(SQRT32@root+3),f
 14013  1650  0B89               	decfsz	wreg,f
 14014  1651  2E4C               	goto	u4505
 14015                           	line	20
 14016                           	
 14017  1652                     l18071:	
 14018                           ;MyMath.c: 20: remainder <<= 1;
 14019  1652  3001               	movlw	01h
 14020  1653                     u4515:
 14021  1653  35D7               	lslf	(SQRT32@remainder),f
 14022  1654  0DD8               	rlf	(SQRT32@remainder+1),f
 14023  1655  0DD9               	rlf	(SQRT32@remainder+2),f
 14024  1656  0DDA               	rlf	(SQRT32@remainder+3),f
 14025  1657  0B89               	decfsz	wreg,f
 14026  1658  2E53               	goto	u4515
 14027                           	line	21
 14028                           	
 14029  1659                     l18073:	
 14030                           ;MyMath.c: 21: if ( a & 0x80000000 ) remainder |= 1;
 14031  1659  1FF4               	btfss	(SQRT32@a+3),(31)&7
 14032  165A  2E5C               	goto	u4521
 14033  165B  2E5D               	goto	u4520
 14034  165C                     u4521:
 14035  165C  2E5F               	goto	l18077
 14036  165D                     u4520:
 14037                           	
 14038  165D                     l18075:	
 14039  165D  1457               	bsf	(SQRT32@remainder)+(0/8),(0)&7
 14040  165E  2E5F               	goto	l18077
 14041                           	
 14042  165F                     l11466:	
 14043                           	line	22
 14044                           	
 14045  165F                     l18077:	
 14046                           ;MyMath.c: 22: a <<= 1;
 14047  165F  3001               	movlw	01h
 14048  1660                     u4535:
 14049  1660  35F1               	lslf	(SQRT32@a),f
 14050  1661  0DF2               	rlf	(SQRT32@a+1),f
 14051  1662  0DF3               	rlf	(SQRT32@a+2),f
 14052  1663  0DF4               	rlf	(SQRT32@a+3),f
 14053  1664  0B89               	decfsz	wreg,f
 14054  1665  2E60               	goto	u4535
 14055                           	line	23
 14056                           ;MyMath.c: 23: remainder <<= 1;
 14057  1666  3001               	movlw	01h
 14058  1667                     u4545:
 14059  1667  35D7               	lslf	(SQRT32@remainder),f
 14060  1668  0DD8               	rlf	(SQRT32@remainder+1),f
 14061  1669  0DD9               	rlf	(SQRT32@remainder+2),f
 14062  166A  0DDA               	rlf	(SQRT32@remainder+3),f
 14063  166B  0B89               	decfsz	wreg,f
 14064  166C  2E67               	goto	u4545
 14065                           	line	24
 14066                           	
 14067  166D                     l18079:	
 14068                           ;MyMath.c: 24: if ( a & 0x80000000 ) remainder |= 1;
 14069  166D  1FF4               	btfss	(SQRT32@a+3),(31)&7
 14070  166E  2E70               	goto	u4551
 14071  166F  2E71               	goto	u4550
 14072  1670                     u4551:
 14073  1670  2E73               	goto	l18083
 14074  1671                     u4550:
 14075                           	
 14076  1671                     l18081:	
 14077  1671  1457               	bsf	(SQRT32@remainder)+(0/8),(0)&7
 14078  1672  2E73               	goto	l18083
 14079                           	
 14080  1673                     l11467:	
 14081                           	line	25
 14082                           	
 14083  1673                     l18083:	
 14084                           ;MyMath.c: 25: a <<= 1;
 14085  1673  3001               	movlw	01h
 14086  1674                     u4565:
 14087  1674  35F1               	lslf	(SQRT32@a),f
 14088  1675  0DF2               	rlf	(SQRT32@a+1),f
 14089  1676  0DF3               	rlf	(SQRT32@a+2),f
 14090  1677  0DF4               	rlf	(SQRT32@a+3),f
 14091  1678  0B89               	decfsz	wreg,f
 14092  1679  2E74               	goto	u4565
 14093                           	line	26
 14094                           ;MyMath.c: 26: divisor = ( root << 1 ) | 1;
 14095  167A  085B               	movf	(SQRT32@root),w
 14096  167B  00F5               	movwf	(??_SQRT32+0)+0
 14097  167C  085C               	movf	(SQRT32@root+1),w
 14098  167D  00F6               	movwf	((??_SQRT32+0)+0+1)
 14099  167E  085D               	movf	(SQRT32@root+2),w
 14100  167F  00F7               	movwf	((??_SQRT32+0)+0+2)
 14101  1680  085E               	movf	(SQRT32@root+3),w
 14102  1681  00F8               	movwf	((??_SQRT32+0)+0+3)
 14103  1682  3001               	movlw	01h
 14104  1683                     u4575:
 14105  1683  35F5               	lslf	(??_SQRT32+0)+0,f
 14106  1684  0DF6               	rlf	(??_SQRT32+0)+1,f
 14107  1685  0DF7               	rlf	(??_SQRT32+0)+2,f
 14108  1686  0DF8               	rlf	(??_SQRT32+0)+3,f
 14109  1687                     u4570:
 14110  1687  0B89               	decfsz	wreg,f
 14111  1688  2E83               	goto	u4575
 14112  1689  3001               	movlw	01h
 14113  168A  0475               	iorwf	0+(??_SQRT32+0)+0,w
 14114  168B  00D3               	movwf	(SQRT32@divisor)
 14115  168C  3000               	movlw	0
 14116  168D  0476               	iorwf	1+(??_SQRT32+0)+0,w
 14117  168E  00D4               	movwf	1+(SQRT32@divisor)
 14118  168F  3000               	movlw	0
 14119  1690  0477               	iorwf	2+(??_SQRT32+0)+0,w
 14120  1691  00D5               	movwf	2+(SQRT32@divisor)
 14121  1692  3000               	movlw	0
 14122  1693  0478               	iorwf	3+(??_SQRT32+0)+0,w
 14123  1694  00D6               	movwf	3+(SQRT32@divisor)
 14124                           	line	27
 14125                           	
 14126  1695                     l18085:	
 14127                           ;MyMath.c: 27: if ( remainder >= divisor )
 14128  1695  0856               	movf	(SQRT32@divisor+3),w
 14129  1696  025A               	subwf	(SQRT32@remainder+3),w
 14130  1697  1D03               	skipz
 14131  1698  2EA3               	goto	u4585
 14132  1699  0855               	movf	(SQRT32@divisor+2),w
 14133  169A  0259               	subwf	(SQRT32@remainder+2),w
 14134  169B  1D03               	skipz
 14135  169C  2EA3               	goto	u4585
 14136  169D  0854               	movf	(SQRT32@divisor+1),w
 14137  169E  0258               	subwf	(SQRT32@remainder+1),w
 14138  169F  1D03               	skipz
 14139  16A0  2EA3               	goto	u4585
 14140  16A1  0853               	movf	(SQRT32@divisor),w
 14141  16A2  0257               	subwf	(SQRT32@remainder),w
 14142  16A3                     u4585:
 14143  16A3  1C03               	skipc
 14144  16A4  2EA6               	goto	u4581
 14145  16A5  2EA7               	goto	u4580
 14146  16A6                     u4581:
 14147  16A6  2EB1               	goto	l18091
 14148  16A7                     u4580:
 14149                           	line	29
 14150                           	
 14151  16A7                     l18087:	
 14152                           ;MyMath.c: 28: {
 14153                           ;MyMath.c: 29: remainder -= divisor;
 14154  16A7  0853               	movf	(SQRT32@divisor),w
 14155  16A8  02D7               	subwf	(SQRT32@remainder),f
 14156  16A9  0854               	movf	(SQRT32@divisor+1),w
 14157  16AA  3BD8               	subwfb	(SQRT32@remainder+1),f
 14158  16AB  0855               	movf	(SQRT32@divisor+2),w
 14159  16AC  3BD9               	subwfb	(SQRT32@remainder+2),f
 14160  16AD  0856               	movf	(SQRT32@divisor+3),w
 14161  16AE  3BDA               	subwfb	(SQRT32@remainder+3),f
 14162                           	line	30
 14163                           	
 14164  16AF                     l18089:	
 14165                           ;MyMath.c: 30: root |= 1;
 14166  16AF  145B               	bsf	(SQRT32@root)+(0/8),(0)&7
 14167  16B0  2EB1               	goto	l18091
 14168                           	line	31
 14169                           	
 14170  16B1                     l11468:	
 14171                           	line	32
 14172                           	
 14173  16B1                     l18091:	
 14174                           ;MyMath.c: 31: }
 14175                           ;MyMath.c: 32: } while( --i );
 14176  16B1  3001               	movlw	low(01h)
 14177  16B2  02D2               	subwf	(SQRT32@i),f
 14178  16B3  1D03               	btfss	status,2
 14179  16B4  2EB6               	goto	u4591
 14180  16B5  2EB7               	goto	u4590
 14181  16B6                     u4591:
 14182  16B6  2E4B               	goto	l18069
 14183  16B7                     u4590:
 14184  16B7  2EB8               	goto	l18093
 14185                           	
 14186  16B8                     l11469:	
 14187                           	line	33
 14188                           	
 14189  16B8                     l18093:	
 14190                           ;MyMath.c: 33: return ( ( U16 )root );
 14191  16B8  085C               	movf	(SQRT32@root+1),w
 14192  16B9  01F2               	clrf	(?_SQRT32+1)
 14193  16BA  07F2               	addwf	(?_SQRT32+1)
 14194  16BB  085B               	movf	(SQRT32@root),w
 14195  16BC  01F1               	clrf	(?_SQRT32)
 14196  16BD  07F1               	addwf	(?_SQRT32)
 14197                           
 14198  16BE  2EBF               	goto	l11470
 14199                           	
 14200  16BF                     l18095:	
 14201                           	line	34
 14202                           	
 14203  16BF                     l11470:	
 14204  16BF  0008               	return
 14205                           	opt stack 0
 14206                           GLOBAL	__end_of_SQRT32
 14207  16C0                     	__end_of_SQRT32:
 14208 ;; =============== function _SQRT32 ends ============
 14209                           
 14210                           	signat	_SQRT32,4218
 14211                           	global	_CAL_MtrTemp
 14212                           psect	text1011,local,class=CODE,delta=2
 14213                           global __ptext1011
 14214  151D                     __ptext1011:
 14215                           
 14216 ;; *************** function _CAL_MtrTemp *****************
 14217 ;; Defined at:
 14218 ;;		line 55 in file "D:\project\baratheon-winnie\baratheon\Motor.c"
 14219 ;; Parameters:    Size  Location     Type
 14220 ;;		None
 14221 ;; Auto vars:     Size  Location     Type
 14222 ;;		None
 14223 ;; Return value:  Size  Location     Type
 14224 ;;		None               void
 14225 ;; Registers used:
 14226 ;;		wreg, fsr0l, fsr0h, status,2, status,0, pclath
 14227 ;; Tracked objects:
 14228 ;;		On entry : 0/0
 14229 ;;		On exit  : 0/0
 14230 ;;		Unchanged: 0/0
 14231 ;; Data sizes:     COMMON   BANK0   BANK1   BANK2   BANK3   BANK4   BANK5   BANK7 BANK8hh BANK8hl  BANK8l BANK9hh BANK9h
       l  BANK9l BANK10h BANK10l  BANK11  BANK12
 14232 ;;      Params:         0       0       0       0       0       0       0       0       0       0       0       0       
       0       0       0       0       0       0
 14233 ;;      Locals:         0       0       0       0       0       0       0       0       0       0       0       0       
       0       0       0       0       0       0
 14234 ;;      Temps:          3       0       0       0       0       0       0       0       0       0       0       0       
       0       0       0       0       0       0
 14235 ;;      Totals:         3       0       0       0       0       0       0       0       0       0       0       0       
       0       0       0       0       0       0
 14236 ;;Total ram usage:        3 bytes
 14237 ;; Hardware stack levels used:    1
 14238 ;; Hardware stack levels required when called:    1
 14239 ;; This function calls:
 14240 ;;		Nothing
 14241 ;; This function is called by:
 14242 ;;		_MTR_Ctrl
 14243 ;; This function uses a non-reentrant model
 14244 ;;
 14245                           psect	text1011
 14246                           	file	"D:\project\baratheon-winnie\baratheon\Motor.c"
 14247                           	line	55
 14248                           	global	__size_of_CAL_MtrTemp
 14249  0087                     	__size_of_CAL_MtrTemp	equ	__end_of_CAL_MtrTemp-_CAL_MtrTemp
 14250                           	
 14251  151D                     _CAL_MtrTemp:	
 14252                           	opt	stack 13
 14253                           ; Regs used in _CAL_MtrTemp: [wreg-fsr0h+status,2+status,0+pclath]
 14254                           	line	60
 14255                           	
 14256  151D                     l18025:	
 14257                           ;Motor.c: 56: static  U16 sum = 0;
 14258                           ;Motor.c: 57: static  U8 err = 0;
 14259                           ;Motor.c: 58: static  U8 er1 = 0;
 14260                           ;Motor.c: 59: static  U8 cnt = 0;
 14261                           ;Motor.c: 60: if ( !acCycleHalf )
 14262  151D  0021               	movlb 1	; select bank1
 14263  151E  08B8               	movf	(_acCycleHalf)^080h,f
 14264  151F  1D03               	skipz
 14265  1520  2D22               	goto	u4391
 14266  1521  2D23               	goto	u4390
 14267  1522                     u4391:
 14268  1522  2D2A               	goto	l18035
 14269  1523                     u4390:
 14270                           	line	62
 14271                           	
 14272  1523                     l18027:	
 14273                           ;Motor.c: 61: {
 14274                           ;Motor.c: 62: sum = 0;
 14275  1523  0020               	movlb 0	; select bank0
 14276  1524  01AC               	clrf	(CAL_MtrTemp@sum)
 14277  1525  01AD               	clrf	(CAL_MtrTemp@sum+1)
 14278                           	line	63
 14279                           	
 14280  1526                     l18029:	
 14281                           ;Motor.c: 63: err = 0;
 14282  1526  01BA               	clrf	(CAL_MtrTemp@err)
 14283                           	line	64
 14284                           	
 14285  1527                     l18031:	
 14286                           ;Motor.c: 64: er1 = 0;
 14287  1527  01B9               	clrf	(CAL_MtrTemp@er1)
 14288                           	line	65
 14289                           	
 14290  1528                     l18033:	
 14291                           ;Motor.c: 65: cnt = 0;
 14292  1528  01B8               	clrf	(CAL_MtrTemp@cnt)
 14293                           	line	66
 14294                           ;Motor.c: 66: }
 14295  1529  2DA3               	goto	l6481
 14296                           	line	67
 14297                           	
 14298  152A                     l6464:	
 14299                           	
 14300  152A                     l18035:	
 14301                           ;Motor.c: 67: else if ( acCycleFlag )
 14302  152A  0021               	movlb 1	; select bank1
 14303  152B  0837               	movf	(_acCycleFlag)^080h,w
 14304  152C  1D03               	skipz
 14305  152D  2D2F               	goto	u4400
 14306  152E  2DA3               	goto	l6481
 14307  152F                     u4400:
 14308                           	line	69
 14309                           	
 14310  152F                     l18037:	
 14311                           ;Motor.c: 68: {
 14312                           ;Motor.c: 69: sum += ( U16 )adNtc;
 14313  152F  083B               	movf	(_adNtc)^080h,w
 14314  1530  00F1               	movwf	(??_CAL_MtrTemp+0)+0
 14315  1531  01F2               	clrf	(??_CAL_MtrTemp+0)+0+1
 14316  1532  0871               	movf	0+(??_CAL_MtrTemp+0)+0,w
 14317  1533  0020               	movlb 0	; select bank0
 14318  1534  07AC               	addwf	(CAL_MtrTemp@sum),f
 14319  1535  0872               	movf	1+(??_CAL_MtrTemp+0)+0,w
 14320  1536  3DAD               	addwfc	(CAL_MtrTemp@sum+1),f
 14321                           	line	70
 14322                           ;Motor.c: 70: if ( adNtc < 2 || adNtc >= 254 ) err++;
 14323  1537  3002               	movlw	(02h)
 14324  1538  0021               	movlb 1	; select bank1
 14325  1539  023B               	subwf	(_adNtc)^080h,w
 14326  153A  1C03               	skipc
 14327  153B  2D3D               	goto	u4411
 14328  153C  2D3E               	goto	u4410
 14329  153D                     u4411:
 14330  153D  2D45               	goto	l18041
 14331  153E                     u4410:
 14332                           	
 14333  153E                     l18039:	
 14334  153E  30FE               	movlw	(0FEh)
 14335  153F  023B               	subwf	(_adNtc)^080h,w
 14336  1540  1C03               	skipc
 14337  1541  2D43               	goto	u4421
 14338  1542  2D44               	goto	u4420
 14339  1543                     u4421:
 14340  1543  2D4A               	goto	l6467
 14341  1544                     u4420:
 14342  1544  2D45               	goto	l18041
 14343                           	
 14344  1545                     l6469:	
 14345                           	
 14346  1545                     l18041:	
 14347  1545  3001               	movlw	(01h)
 14348  1546  00F1               	movwf	(??_CAL_MtrTemp+0)+0
 14349  1547  0871               	movf	(??_CAL_MtrTemp+0)+0,w
 14350  1548  0020               	movlb 0	; select bank0
 14351  1549  07BA               	addwf	(CAL_MtrTemp@err),f
 14352                           	
 14353  154A                     l6467:	
 14354                           	line	71
 14355                           ;Motor.c: 71: if ( ++cnt >= 4 )
 14356  154A  3001               	movlw	(01h)
 14357  154B  00F1               	movwf	(??_CAL_MtrTemp+0)+0
 14358  154C  0871               	movf	(??_CAL_MtrTemp+0)+0,w
 14359  154D  0020               	movlb 0	; select bank0
 14360  154E  07B8               	addwf	(CAL_MtrTemp@cnt),f
 14361  154F  3004               	movlw	(04h)
 14362  1550  0238               	subwf	((CAL_MtrTemp@cnt)),w
 14363  1551  1C03               	skipc
 14364  1552  2D54               	goto	u4431
 14365  1553  2D55               	goto	u4430
 14366  1554                     u4431:
 14367  1554  2DA3               	goto	l6481
 14368  1555                     u4430:
 14369                           	line	73
 14370                           	
 14371  1555                     l18043:	
 14372                           ;Motor.c: 72: {
 14373                           ;Motor.c: 73: if ( !err )
 14374  1555  08BA               	movf	(CAL_MtrTemp@err),f
 14375  1556  1D03               	skipz
 14376  1557  2D59               	goto	u4441
 14377  1558  2D5A               	goto	u4440
 14378  1559                     u4441:
 14379  1559  2D84               	goto	l18055
 14380  155A                     u4440:
 14381                           	line	75
 14382                           	
 14383  155A                     l18045:	
 14384                           ;Motor.c: 74: {
 14385                           ;Motor.c: 75: er1 = 0;
 14386  155A  01B9               	clrf	(CAL_MtrTemp@er1)
 14387                           	line	76
 14388                           	
 14389  155B                     l18047:	
 14390                           ;Motor.c: 76: mtrTemp = ad2tpr[ sum >> 2 ];
 14391  155B  082D               	movf	(CAL_MtrTemp@sum+1),w
 14392  155C  00F2               	movwf	(??_CAL_MtrTemp+0)+0+1
 14393  155D  082C               	movf	(CAL_MtrTemp@sum),w
 14394  155E  00F1               	movwf	(??_CAL_MtrTemp+0)+0
 14395  155F  3002               	movlw	02h
 14396  1560                     u4455:
 14397  1560  36F2               	lsrf	(??_CAL_MtrTemp+0)+1,f
 14398  1561  0CF1               	rrf	(??_CAL_MtrTemp+0)+0,f
 14399  1562  0B89               	decfsz	wreg,f
 14400  1563  2D60               	goto	u4455
 14401  1564  0871               	movf	0+(??_CAL_MtrTemp+0)+0,w
 14402  1565  3E01               	addlw	low(_ad2tpr|8000h)
 14403  1566  0084               	movwf	fsr0l
 14404  1567  3090               	movlw	high(_ad2tpr|8000h)
 14405  1568  1803               	skipnc
 14406  1569  3E01               	addlw	1
 14407  156A  0085               	movwf	fsr0h
 14408  156B  0800               	movf	indf0,w ;code access
 14409  156C  00F3               	movwf	(??_CAL_MtrTemp+2)+0
 14410  156D  0873               	movf	(??_CAL_MtrTemp+2)+0,w
 14411  156E  00EE               	movwf	(_mtrTemp)
 14412                           	line	77
 14413                           	
 14414  156F                     l18049:	
 14415                           ;Motor.c: 77: if ( mtrTemp >= 104 )
 14416  156F  086E               	movf	(_mtrTemp),w
 14417  1570  3A80               	xorlw	80h
 14418  1571  3E18               	addlw	-((068h)^80h)
 14419  1572  1C03               	skipc
 14420  1573  2D75               	goto	u4461
 14421  1574  2D76               	goto	u4460
 14422  1575                     u4461:
 14423  1575  2D9C               	goto	l18061
 14424  1576                     u4460:
 14425  1576  2D77               	goto	l18051
 14426                           	line	79
 14427                           ;Motor.c: 78: {
 14428                           ;Motor.c: 79: do { if ( !mtrError ) mtrError = 2; } while(0);
 14429                           	
 14430  1577                     l6473:	
 14431                           	
 14432  1577                     l18051:	
 14433  1577  08C9               	movf	(_mtrError),f
 14434  1578  1D03               	skipz
 14435  1579  2D7B               	goto	u4471
 14436  157A  2D7C               	goto	u4470
 14437  157B                     u4471:
 14438  157B  2D9C               	goto	l18061
 14439  157C                     u4470:
 14440                           	
 14441  157C                     l18053:	
 14442  157C  3002               	movlw	(02h)
 14443  157D  00F1               	movwf	(??_CAL_MtrTemp+0)+0
 14444  157E  0871               	movf	(??_CAL_MtrTemp+0)+0,w
 14445  157F  00C9               	movwf	(_mtrError)
 14446  1580  2D9C               	goto	l18061
 14447                           	
 14448  1581                     l6474:	
 14449  1581  2D9C               	goto	l18061
 14450                           	
 14451  1582                     l6475:	
 14452  1582  2D9C               	goto	l18061
 14453                           	line	80
 14454                           	
 14455  1583                     l6472:	
 14456                           	line	81
 14457                           ;Motor.c: 80: }
 14458                           ;Motor.c: 81: }
 14459  1583  2D9C               	goto	l18061
 14460                           	line	82
 14461                           	
 14462  1584                     l6471:	
 14463                           	
 14464  1584                     l18055:	
 14465                           ;Motor.c: 82: else if ( ++er1 >= 10 )
 14466  1584  3001               	movlw	(01h)
 14467  1585  00F1               	movwf	(??_CAL_MtrTemp+0)+0
 14468  1586  0871               	movf	(??_CAL_MtrTemp+0)+0,w
 14469  1587  07B9               	addwf	(CAL_MtrTemp@er1),f
 14470  1588  300A               	movlw	(0Ah)
 14471  1589  0239               	subwf	((CAL_MtrTemp@er1)),w
 14472  158A  1C03               	skipc
 14473  158B  2D8D               	goto	u4481
 14474  158C  2D8E               	goto	u4480
 14475  158D                     u4481:
 14476  158D  2D9C               	goto	l18061
 14477  158E                     u4480:
 14478  158E  2D8F               	goto	l18057
 14479                           	line	84
 14480                           ;Motor.c: 83: {
 14481                           ;Motor.c: 84: do { if ( !mtrError ) mtrError = 2; } while(0);
 14482                           	
 14483  158F                     l6478:	
 14484                           	
 14485  158F                     l18057:	
 14486  158F  08C9               	movf	(_mtrError),f
 14487  1590  1D03               	skipz
 14488  1591  2D93               	goto	u4491
 14489  1592  2D94               	goto	u4490
 14490  1593                     u4491:
 14491  1593  2D9C               	goto	l18061
 14492  1594                     u4490:
 14493                           	
 14494  1594                     l18059:	
 14495  1594  3002               	movlw	(02h)
 14496  1595  00F1               	movwf	(??_CAL_MtrTemp+0)+0
 14497  1596  0871               	movf	(??_CAL_MtrTemp+0)+0,w
 14498  1597  00C9               	movwf	(_mtrError)
 14499  1598  2D9C               	goto	l18061
 14500                           	
 14501  1599                     l6479:	
 14502  1599  2D9C               	goto	l18061
 14503                           	
 14504  159A                     l6480:	
 14505  159A  2D9C               	goto	l18061
 14506                           	line	85
 14507                           	
 14508  159B                     l6477:	
 14509  159B  2D9C               	goto	l18061
 14510                           	line	86
 14511                           	
 14512  159C                     l6476:	
 14513                           	
 14514  159C                     l18061:	
 14515                           ;Motor.c: 85: }
 14516                           ;Motor.c: 86: sum = 0;
 14517  159C  01AC               	clrf	(CAL_MtrTemp@sum)
 14518  159D  01AD               	clrf	(CAL_MtrTemp@sum+1)
 14519                           	line	87
 14520                           	
 14521  159E                     l18063:	
 14522                           ;Motor.c: 87: err = 0;
 14523  159E  01BA               	clrf	(CAL_MtrTemp@err)
 14524                           	line	88
 14525                           	
 14526  159F                     l18065:	
 14527                           ;Motor.c: 88: cnt = 0;
 14528  159F  01B8               	clrf	(CAL_MtrTemp@cnt)
 14529  15A0  2DA3               	goto	l6481
 14530                           	line	89
 14531                           	
 14532  15A1                     l6470:	
 14533  15A1  2DA3               	goto	l6481
 14534                           	line	90
 14535                           	
 14536  15A2                     l6466:	
 14537  15A2  2DA3               	goto	l6481
 14538                           	line	91
 14539                           	
 14540  15A3                     l6465:	
 14541                           	
 14542  15A3                     l6481:	
 14543  15A3  0008               	return
 14544                           	opt stack 0
 14545                           GLOBAL	__end_of_CAL_MtrTemp
 14546  15A4                     	__end_of_CAL_MtrTemp:
 14547 ;; =============== function _CAL_MtrTemp ends ============
 14548                           
 14549                           	signat	_CAL_MtrTemp,88
 14550                           	global	_SYS_Init
 14551                           psect	text1012,local,class=CODE,delta=2
 14552                           global __ptext1012
 14553  1C74                     __ptext1012:
 14554                           
 14555 ;; *************** function _SYS_Init *****************
 14556 ;; Defined at:
 14557 ;;		line 130 in file "D:\project\baratheon-winnie\baratheon\System.c"
 14558 ;; Parameters:    Size  Location     Type
 14559 ;;		None
 14560 ;; Auto vars:     Size  Location     Type
 14561 ;;		None
 14562 ;; Return value:  Size  Location     Type
 14563 ;;		None               void
 14564 ;; Registers used:
 14565 ;;		None
 14566 ;; Tracked objects:
 14567 ;;		On entry : 0/0
 14568 ;;		On exit  : 0/0
 14569 ;;		Unchanged: 0/0
 14570 ;; Data sizes:     COMMON   BANK0   BANK1   BANK2   BANK3   BANK4   BANK5   BANK7 BANK8hh BANK8hl  BANK8l BANK9hh BANK9h
       l  BANK9l BANK10h BANK10l  BANK11  BANK12
 14571 ;;      Params:         0       0       0       0       0       0       0       0       0       0       0       0       
       0       0       0       0       0       0
 14572 ;;      Locals:         0       0       0       0       0       0       0       0       0       0       0       0       
       0       0       0       0       0       0
 14573 ;;      Temps:          0       0       0       0       0       0       0       0       0       0       0       0       
       0       0       0       0       0       0
 14574 ;;      Totals:         0       0       0       0       0       0       0       0       0       0       0       0       
       0       0       0       0       0       0
 14575 ;;Total ram usage:        0 bytes
 14576 ;; Hardware stack levels used:    1
 14577 ;; Hardware stack levels required when called:    1
 14578 ;; This function calls:
 14579 ;;		Nothing
 14580 ;; This function is called by:
 14581 ;;		_main
 14582 ;; This function uses a non-reentrant model
 14583 ;;
 14584                           psect	text1012
 14585                           	file	"D:\project\baratheon-winnie\baratheon\System.c"
 14586                           	line	130
 14587                           	global	__size_of_SYS_Init
 14588  0006                     	__size_of_SYS_Init	equ	__end_of_SYS_Init-_SYS_Init
 14589                           	
 14590  1C74                     _SYS_Init:	
 14591                           	opt	stack 14
 14592                           ; Regs used in _SYS_Init: []
 14593                           	line	131
 14594                           	
 14595  1C74                     l18023:	
 14596                           ;System.c: 131: sysStatus = 0;
 14597  1C74  0020               	movlb 0	; select bank0
 14598  1C75  01CC               	clrf	(_sysStatus)
 14599                           	line	132
 14600                           ;System.c: 132: sysLevel = 0;
 14601  1C76  01CB               	clrf	(_sysLevel)
 14602                           	line	133
 14603                           ;System.c: 133: sysFault = 0;
 14604  1C77  01CA               	clrf	(_sysFault)
 14605                           	line	134
 14606                           ;System.c: 134: mtrLevel = 0;
 14607  1C78  01FD               	clrf	(_mtrLevel)
 14608                           	line	135
 14609                           	
 14610  1C79                     l8278:	
 14611  1C79  0008               	return
 14612                           	opt stack 0
 14613                           GLOBAL	__end_of_SYS_Init
 14614  1C7A                     	__end_of_SYS_Init:
 14615 ;; =============== function _SYS_Init ends ============
 14616                           
 14617                           	signat	_SYS_Init,88
 14618                           	global	_MTR_Init
 14619                           psect	text1013,local,class=CODE,delta=2
 14620                           global __ptext1013
 14621  1CAE                     __ptext1013:
 14622                           
 14623 ;; *************** function _MTR_Init *****************
 14624 ;; Defined at:
 14625 ;;		line 278 in file "D:\project\baratheon-winnie\baratheon\Motor.c"
 14626 ;; Parameters:    Size  Location     Type
 14627 ;;		None
 14628 ;; Auto vars:     Size  Location     Type
 14629 ;;		None
 14630 ;; Return value:  Size  Location     Type
 14631 ;;		None               void
 14632 ;; Registers used:
 14633 ;;		status,2
 14634 ;; Tracked objects:
 14635 ;;		On entry : 0/0
 14636 ;;		On exit  : 0/0
 14637 ;;		Unchanged: 0/0
 14638 ;; Data sizes:     COMMON   BANK0   BANK1   BANK2   BANK3   BANK4   BANK5   BANK7 BANK8hh BANK8hl  BANK8l BANK9hh BANK9h
       l  BANK9l BANK10h BANK10l  BANK11  BANK12
 14639 ;;      Params:         0       0       0       0       0       0       0       0       0       0       0       0       
       0       0       0       0       0       0
 14640 ;;      Locals:         0       0       0       0       0       0       0       0       0       0       0       0       
       0       0       0       0       0       0
 14641 ;;      Temps:          0       0       0       0       0       0       0       0       0       0       0       0       
       0       0       0       0       0       0
 14642 ;;      Totals:         0       0       0       0       0       0       0       0       0       0       0       0       
       0       0       0       0       0       0
 14643 ;;Total ram usage:        0 bytes
 14644 ;; Hardware stack levels used:    1
 14645 ;; Hardware stack levels required when called:    1
 14646 ;; This function calls:
 14647 ;;		Nothing
 14648 ;; This function is called by:
 14649 ;;		_main
 14650 ;; This function uses a non-reentrant model
 14651 ;;
 14652                           psect	text1013
 14653                           	file	"D:\project\baratheon-winnie\baratheon\Motor.c"
 14654                           	line	278
 14655                           	global	__size_of_MTR_Init
 14656  0018                     	__size_of_MTR_Init	equ	__end_of_MTR_Init-_MTR_Init
 14657                           	
 14658  1CAE                     _MTR_Init:	
 14659                           	opt	stack 14
 14660                           ; Regs used in _MTR_Init: [status,2]
 14661                           	line	279
 14662                           	
 14663  1CAE                     l18005:	
 14664                           ;Motor.c: 279: acCrossIndex = 0;
 14665  1CAE  0021               	movlb 1	; select bank1
 14666  1CAF  01B5               	clrf	(_acCrossIndex)^080h
 14667                           	line	280
 14668                           ;Motor.c: 280: acCrossEvent = 0;
 14669  1CB0  01B4               	clrf	(_acCrossEvent)^080h
 14670                           	line	281
 14671                           ;Motor.c: 281: acCrossWDT = 0;
 14672  1CB1  01B6               	clrf	(_acCrossWDT)^080h
 14673                           	line	282
 14674                           	
 14675  1CB2                     l18007:	
 14676                           ;Motor.c: 282: acCycle = 0;
 14677  1CB2  01AA               	clrf	(_acCycle)^080h
 14678  1CB3  01AB               	clrf	(_acCycle+1)^080h
 14679                           	line	283
 14680                           	
 14681  1CB4                     l18009:	
 14682                           ;Motor.c: 283: acCycleHalf = 0;
 14683  1CB4  01B8               	clrf	(_acCycleHalf)^080h
 14684                           	line	284
 14685                           	
 14686  1CB5                     l18011:	
 14687                           ;Motor.c: 284: acCycleFlag = 0;
 14688  1CB5  01B7               	clrf	(_acCycleFlag)^080h
 14689                           	line	285
 14690                           	
 14691  1CB6                     l18013:	
 14692                           ;Motor.c: 285: mtrHallIndex = 0;
 14693  1CB6  01C1               	clrf	(_mtrHallIndex)^080h
 14694                           	line	286
 14695                           	
 14696  1CB7                     l18015:	
 14697                           ;Motor.c: 286: mtrHallEvent = 0;
 14698  1CB7  01C0               	clrf	(_mtrHallEvent)^080h
 14699                           	line	287
 14700                           	
 14701  1CB8                     l18017:	
 14702                           ;Motor.c: 287: mtrHallWDT = 0;
 14703  1CB8  01C2               	clrf	(_mtrHallWDT)^080h
 14704                           	line	288
 14705                           ;Motor.c: 288: tmTriac = 0;
 14706  1CB9  01AE               	clrf	(_tmTriac)^080h
 14707  1CBA  01AF               	clrf	(_tmTriac+1)^080h
 14708                           	line	289
 14709                           ;Motor.c: 289: mtrSpeedRef = 0;
 14710  1CBB  0020               	movlb 0	; select bank0
 14711  1CBC  01B6               	clrf	(_mtrSpeedRef)
 14712  1CBD  01B7               	clrf	(_mtrSpeedRef+1)
 14713                           	line	290
 14714                           ;Motor.c: 290: mtrSpeed = 0;
 14715  1CBE  01B4               	clrf	(_mtrSpeed)
 14716  1CBF  01B5               	clrf	(_mtrSpeed+1)
 14717                           	line	291
 14718                           ;Motor.c: 291: mtrCurrent = 0;
 14719  1CC0  01B2               	clrf	(_mtrCurrent)
 14720  1CC1  01B3               	clrf	(_mtrCurrent+1)
 14721                           	line	292
 14722                           	
 14723  1CC2                     l18019:	
 14724                           ;Motor.c: 292: mtrError = 0;
 14725  1CC2  01C9               	clrf	(_mtrError)
 14726                           	line	293
 14727                           	
 14728  1CC3                     l18021:	
 14729                           ;Motor.c: 293: mtrTemp = -1;
 14730  1CC3  01EE               	clrf	(_mtrTemp)
 14731  1CC4  03EE               	decf	(_mtrTemp),f
 14732                           	line	294
 14733                           	
 14734  1CC5                     l6582:	
 14735  1CC5  0008               	return
 14736                           	opt stack 0
 14737                           GLOBAL	__end_of_MTR_Init
 14738  1CC6                     	__end_of_MTR_Init:
 14739 ;; =============== function _MTR_Init ends ============
 14740                           
 14741                           	signat	_MTR_Init,88
 14742                           	global	_E2P_WriteByte
 14743                           psect	text1014,local,class=CODE,delta=2
 14744                           global __ptext1014
 14745  1102                     __ptext1014:
 14746                           
 14747 ;; *************** function _E2P_WriteByte *****************
 14748 ;; Defined at:
 14749 ;;		line 234 in file "D:\project\baratheon-winnie\baratheon\Hardware.c"
 14750 ;; Parameters:    Size  Location     Type
 14751 ;;  addr            1    wreg     unsigned char 
 14752 ;;  byte            1    1[COMMON] unsigned char 
 14753 ;; Auto vars:     Size  Location     Type
 14754 ;;  addr            1    2[COMMON] unsigned char 
 14755 ;; Return value:  Size  Location     Type
 14756 ;;		None               void
 14757 ;; Registers used:
 14758 ;;		wreg
 14759 ;; Tracked objects:
 14760 ;;		On entry : 0/0
 14761 ;;		On exit  : 0/0
 14762 ;;		Unchanged: 0/0
 14763 ;; Data sizes:     COMMON   BANK0   BANK1   BANK2   BANK3   BANK4   BANK5   BANK7 BANK8hh BANK8hl  BANK8l BANK9hh BANK9h
       l  BANK9l BANK10h BANK10l  BANK11  BANK12
 14764 ;;      Params:         1       0       0       0       0       0       0       0       0       0       0       0       
       0       0       0       0       0       0
 14765 ;;      Locals:         1       0       0       0       0       0       0       0       0       0       0       0       
       0       0       0       0       0       0
 14766 ;;      Temps:          0       0       0       0       0       0       0       0       0       0       0       0       
       0       0       0       0       0       0
 14767 ;;      Totals:         2       0       0       0       0       0       0       0       0       0       0       0       
       0       0       0       0       0       0
 14768 ;;Total ram usage:        2 bytes
 14769 ;; Hardware stack levels used:    1
 14770 ;; Hardware stack levels required when called:    1
 14771 ;; This function calls:
 14772 ;;		Nothing
 14773 ;; This function is called by:
 14774 ;;		_E2P_WR
 14775 ;; This function uses a non-reentrant model
 14776 ;;
 14777                           psect	text1014
 14778                           	file	"D:\project\baratheon-winnie\baratheon\Hardware.c"
 14779                           	line	234
 14780                           	global	__size_of_E2P_WriteByte
 14781  0012                     	__size_of_E2P_WriteByte	equ	__end_of_E2P_WriteByte-_E2P_WriteByte
 14782                           	
 14783  1102                     _E2P_WriteByte:	
 14784                           	opt	stack 12
 14785                           ; Regs used in _E2P_WriteByte: [wreg]
 14786                           ;E2P_WriteByte@addr stored from wreg
 14787  1102  00F2               	movwf	(E2P_WriteByte@addr)
 14788                           	line	235
 14789                           	
 14790  1103                     l17989:	
 14791                           ;Hardware.c: 235: EEADRL = addr;
 14792  1103  0872               	movf	(E2P_WriteByte@addr),w
 14793  1104  0023               	movlb 3	; select bank3
 14794  1105  0091               	movwf	(401)^0180h	;volatile
 14795                           	line	236
 14796                           ;Hardware.c: 236: EEDATL = byte;
 14797  1106  0871               	movf	(E2P_WriteByte@byte),w
 14798  1107  0093               	movwf	(403)^0180h	;volatile
 14799                           	line	237
 14800                           	
 14801  1108                     l17991:	
 14802                           ;Hardware.c: 237: CFGS = 0;
 14803  1108  1315               	bcf	(3246/8)^0180h,(3246)&7
 14804                           	line	238
 14805                           	
 14806  1109                     l17993:	
 14807                           ;Hardware.c: 238: EEPGD = 0;
 14808  1109  1395               	bcf	(3247/8)^0180h,(3247)&7
 14809                           	line	239
 14810                           	
 14811  110A                     l17995:	
 14812                           ;Hardware.c: 239: WREN = 1;
 14813  110A  1515               	bsf	(3242/8)^0180h,(3242)&7
 14814                           	line	240
 14815                           	
 14816  110B                     l17997:	
 14817                           ;Hardware.c: 240: GIE = 0;
 14818  110B  138B               	bcf	(95/8),(95)&7
 14819                           	line	241
 14820                           ;Hardware.c: 241: EECON2 = 0X55;
 14821  110C  3055               	movlw	(055h)
 14822  110D  0096               	movwf	(406)^0180h	;volatile
 14823                           	line	242
 14824                           ;Hardware.c: 242: EECON2 = 0XAA;
 14825  110E  30AA               	movlw	(0AAh)
 14826  110F  0096               	movwf	(406)^0180h	;volatile
 14827                           	line	243
 14828                           	
 14829  1110                     l17999:	
 14830                           ;Hardware.c: 243: WR = 1;
 14831  1110  1495               	bsf	(3241/8)^0180h,(3241)&7
 14832                           	line	244
 14833                           	
 14834  1111                     l18001:	
 14835                           ;Hardware.c: 244: GIE = 1;
 14836  1111  178B               	bsf	(95/8),(95)&7
 14837                           	line	245
 14838                           	
 14839  1112                     l18003:	
 14840                           ;Hardware.c: 245: WREN = 0;
 14841  1112  1115               	bcf	(3242/8)^0180h,(3242)&7
 14842                           	line	246
 14843                           	
 14844  1113                     l3251:	
 14845  1113  0008               	return
 14846                           	opt stack 0
 14847                           GLOBAL	__end_of_E2P_WriteByte
 14848  1114                     	__end_of_E2P_WriteByte:
 14849 ;; =============== function _E2P_WriteByte ends ============
 14850                           
 14851                           	signat	_E2P_WriteByte,8312
 14852                           	global	_MCU_Refresh
 14853                           psect	text1015,local,class=CODE,delta=2
 14854                           global __ptext1015
 14855  1178                     __ptext1015:
 14856                           
 14857 ;; *************** function _MCU_Refresh *****************
 14858 ;; Defined at:
 14859 ;;		line 209 in file "D:\project\baratheon-winnie\baratheon\Hardware.c"
 14860 ;; Parameters:    Size  Location     Type
 14861 ;;		None
 14862 ;; Auto vars:     Size  Location     Type
 14863 ;;		None
 14864 ;; Return value:  Size  Location     Type
 14865 ;;		None               void
 14866 ;; Registers used:
 14867 ;;		wreg, status,2
 14868 ;; Tracked objects:
 14869 ;;		On entry : 0/0
 14870 ;;		On exit  : 0/0
 14871 ;;		Unchanged: 0/0
 14872 ;; Data sizes:     COMMON   BANK0   BANK1   BANK2   BANK3   BANK4   BANK5   BANK7 BANK8hh BANK8hl  BANK8l BANK9hh BANK9h
       l  BANK9l BANK10h BANK10l  BANK11  BANK12
 14873 ;;      Params:         0       0       0       0       0       0       0       0       0       0       0       0       
       0       0       0       0       0       0
 14874 ;;      Locals:         0       0       0       0       0       0       0       0       0       0       0       0       
       0       0       0       0       0       0
 14875 ;;      Temps:          0       0       0       0       0       0       0       0       0       0       0       0       
       0       0       0       0       0       0
 14876 ;;      Totals:         0       0       0       0       0       0       0       0       0       0       0       0       
       0       0       0       0       0       0
 14877 ;;Total ram usage:        0 bytes
 14878 ;; Hardware stack levels used:    1
 14879 ;; Hardware stack levels required when called:    1
 14880 ;; This function calls:
 14881 ;;		Nothing
 14882 ;; This function is called by:
 14883 ;;		_main
 14884 ;; This function uses a non-reentrant model
 14885 ;;
 14886                           psect	text1015
 14887                           	file	"D:\project\baratheon-winnie\baratheon\Hardware.c"
 14888                           	line	209
 14889                           	global	__size_of_MCU_Refresh
 14890  002E                     	__size_of_MCU_Refresh	equ	__end_of_MCU_Refresh-_MCU_Refresh
 14891                           	
 14892  1178                     _MCU_Refresh:	
 14893                           	opt	stack 14
 14894                           ; Regs used in _MCU_Refresh: [wreg+status,2]
 14895                           	line	210
 14896                           	
 14897  1178                     l17963:	
 14898                           ;Hardware.c: 210: APFCON0 = 0X00;
 14899  1178  0022               	movlb 2	; select bank2
 14900  1179  019D               	clrf	(285)^0100h	;volatile
 14901                           	line	211
 14902                           ;Hardware.c: 211: APFCON1 = 0X00;
 14903  117A  019E               	clrf	(286)^0100h	;volatile
 14904                           	line	212
 14905                           	
 14906  117B                     l17965:	
 14907                           ;Hardware.c: 212: TRISA = 0X1B;
 14908  117B  301B               	movlw	(01Bh)
 14909  117C  0021               	movlb 1	; select bank1
 14910  117D  008C               	movwf	(140)^080h	;volatile
 14911                           	line	213
 14912                           	
 14913  117E                     l17967:	
 14914                           ;Hardware.c: 213: ANSELA = 0X11;
 14915  117E  3011               	movlw	(011h)
 14916  117F  0023               	movlb 3	; select bank3
 14917  1180  008C               	movwf	(396)^0180h	;volatile
 14918                           	line	214
 14919                           ;Hardware.c: 214: WPUA = 0X00;
 14920  1181  0024               	movlb 4	; select bank4
 14921  1182  018C               	clrf	(524)^0200h	;volatile
 14922                           	line	215
 14923                           ;Hardware.c: 215: INLVLA = 0X00;
 14924  1183  0027               	movlb 7	; select bank7
 14925  1184  018C               	clrf	(908)^0380h	;volatile
 14926                           	line	216
 14927                           	
 14928  1185                     l17969:	
 14929                           ;Hardware.c: 216: TRISB = 0X30;
 14930  1185  3030               	movlw	(030h)
 14931  1186  0021               	movlb 1	; select bank1
 14932  1187  008D               	movwf	(141)^080h	;volatile
 14933                           	line	217
 14934                           	
 14935  1188                     l17971:	
 14936                           ;Hardware.c: 217: ANSELB = 0X00;
 14937  1188  0023               	movlb 3	; select bank3
 14938  1189  018D               	clrf	(397)^0180h	;volatile
 14939                           	line	218
 14940                           	
 14941  118A                     l17973:	
 14942                           ;Hardware.c: 218: WPUB = 0X00;
 14943  118A  0024               	movlb 4	; select bank4
 14944  118B  018D               	clrf	(525)^0200h	;volatile
 14945                           	line	219
 14946                           	
 14947  118C                     l17975:	
 14948                           ;Hardware.c: 219: INLVLB = 0X20;
 14949  118C  3020               	movlw	(020h)
 14950  118D  0027               	movlb 7	; select bank7
 14951  118E  008D               	movwf	(909)^0380h	;volatile
 14952                           	line	220
 14953                           	
 14954  118F                     l17977:	
 14955                           ;Hardware.c: 220: TRISC = 0XEF;
 14956  118F  30EF               	movlw	(0EFh)
 14957  1190  0021               	movlb 1	; select bank1
 14958  1191  008E               	movwf	(142)^080h	;volatile
 14959                           	line	221
 14960                           	
 14961  1192                     l17979:	
 14962                           ;Hardware.c: 221: ANSELC = 0XCF;
 14963  1192  30CF               	movlw	(0CFh)
 14964  1193  0023               	movlb 3	; select bank3
 14965  1194  008E               	movwf	(398)^0180h	;volatile
 14966                           	line	222
 14967                           ;Hardware.c: 222: WPUC = 0X00;
 14968  1195  0024               	movlb 4	; select bank4
 14969  1196  018E               	clrf	(526)^0200h	;volatile
 14970                           	line	223
 14971                           ;Hardware.c: 223: INLVLC = 0X00;
 14972  1197  0027               	movlb 7	; select bank7
 14973  1198  018E               	clrf	(910)^0380h	;volatile
 14974                           	line	224
 14975                           ;Hardware.c: 224: FVRCON = 0X00;
 14976  1199  0022               	movlb 2	; select bank2
 14977  119A  0197               	clrf	(279)^0100h	;volatile
 14978                           	line	225
 14979                           ;Hardware.c: 225: DACCON0 = 0X00;
 14980  119B  0198               	clrf	(280)^0100h	;volatile
 14981                           	line	226
 14982                           ;Hardware.c: 226: DACCON1 = 0X00;
 14983  119C  0199               	clrf	(281)^0100h	;volatile
 14984                           	line	227
 14985                           	
 14986  119D                     l17981:	
 14987                           ;Hardware.c: 227: CM1CON0 = 0X82;
 14988  119D  3082               	movlw	(082h)
 14989  119E  0091               	movwf	(273)^0100h	;volatile
 14990                           	line	228
 14991                           	
 14992  119F                     l17983:	
 14993                           ;Hardware.c: 228: CM1CON1 = 0X03;
 14994  119F  3003               	movlw	(03h)
 14995  11A0  0092               	movwf	(274)^0100h	;volatile
 14996                           	line	229
 14997                           	
 14998  11A1                     l17985:	
 14999                           ;Hardware.c: 229: CM2CON0 = 0XA2;
 15000  11A1  30A2               	movlw	(0A2h)
 15001  11A2  0093               	movwf	(275)^0100h	;volatile
 15002                           	line	230
 15003                           	
 15004  11A3                     l17987:	
 15005                           ;Hardware.c: 230: CM2CON1 = 0X01;
 15006  11A3  3001               	movlw	(01h)
 15007  11A4  0094               	movwf	(276)^0100h	;volatile
 15008                           	line	231
 15009                           	
 15010  11A5                     l3248:	
 15011  11A5  0008               	return
 15012                           	opt stack 0
 15013                           GLOBAL	__end_of_MCU_Refresh
 15014  11A6                     	__end_of_MCU_Refresh:
 15015 ;; =============== function _MCU_Refresh ends ============
 15016                           
 15017                           	signat	_MCU_Refresh,88
 15018                           	global	_MCU_Init
 15019                           psect	text1016,local,class=CODE,delta=2
 15020                           global __ptext1016
 15021  1757                     __ptext1016:
 15022                           
 15023 ;; *************** function _MCU_Init *****************
 15024 ;; Defined at:
 15025 ;;		line 115 in file "D:\project\baratheon-winnie\baratheon\Hardware.c"
 15026 ;; Parameters:    Size  Location     Type
 15027 ;;		None
 15028 ;; Auto vars:     Size  Location     Type
 15029 ;;		None
 15030 ;; Return value:  Size  Location     Type
 15031 ;;		None               void
 15032 ;; Registers used:
 15033 ;;		wreg, status,2, status,0
 15034 ;; Tracked objects:
 15035 ;;		On entry : 0/0
 15036 ;;		On exit  : 0/0
 15037 ;;		Unchanged: 0/0
 15038 ;; Data sizes:     COMMON   BANK0   BANK1   BANK2   BANK3   BANK4   BANK5   BANK7 BANK8hh BANK8hl  BANK8l BANK9hh BANK9h
       l  BANK9l BANK10h BANK10l  BANK11  BANK12
 15039 ;;      Params:         0       0       0       0       0       0       0       0       0       0       0       0       
       0       0       0       0       0       0
 15040 ;;      Locals:         0       0       0       0       0       0       0       0       0       0       0       0       
       0       0       0       0       0       0
 15041 ;;      Temps:          1       0       0       0       0       0       0       0       0       0       0       0       
       0       0       0       0       0       0
 15042 ;;      Totals:         1       0       0       0       0       0       0       0       0       0       0       0       
       0       0       0       0       0       0
 15043 ;;Total ram usage:        1 bytes
 15044 ;; Hardware stack levels used:    1
 15045 ;; Hardware stack levels required when called:    1
 15046 ;; This function calls:
 15047 ;;		Nothing
 15048 ;; This function is called by:
 15049 ;;		_main
 15050 ;; This function uses a non-reentrant model
 15051 ;;
 15052                           psect	text1016
 15053                           	file	"D:\project\baratheon-winnie\baratheon\Hardware.c"
 15054                           	line	115
 15055                           	global	__size_of_MCU_Init
 15056  00A9                     	__size_of_MCU_Init	equ	__end_of_MCU_Init-_MCU_Init
 15057                           	
 15058  1757                     _MCU_Init:	
 15059                           	opt	stack 14
 15060                           ; Regs used in _MCU_Init: [wreg+status,2+status,0]
 15061                           	line	116
 15062                           	
 15063  1757                     l17815:	
 15064                           ;Hardware.c: 116: GIE = 0;
 15065  1757  138B               	bcf	(95/8),(95)&7
 15066                           	line	118
 15067                           	
 15068  1758                     l17817:	
 15069                           ;Hardware.c: 118: OSCCON = 0XF0;
 15070  1758  30F0               	movlw	(0F0h)
 15071  1759  0021               	movlb 1	; select bank1
 15072  175A  0099               	movwf	(153)^080h	;volatile
 15073                           	line	119
 15074                           	
 15075  175B                     l17819:	
 15076                           ;Hardware.c: 119: OSCTUNE = 0X00;
 15077  175B  0198               	clrf	(152)^080h	;volatile
 15078                           	line	121
 15079                           	
 15080  175C                     l17821:	
 15081                           ;Hardware.c: 121: WDTCON = 0X11;
 15082  175C  3011               	movlw	(011h)
 15083  175D  0097               	movwf	(151)^080h	;volatile
 15084                           	line	123
 15085                           ;Hardware.c: 123: APFCON0 = 0X00;
 15086  175E  0022               	movlb 2	; select bank2
 15087  175F  019D               	clrf	(285)^0100h	;volatile
 15088                           	line	124
 15089                           ;Hardware.c: 124: APFCON1 = 0X00;
 15090  1760  019E               	clrf	(286)^0100h	;volatile
 15091                           	line	125
 15092                           	
 15093  1761                     l17823:	
 15094                           ;Hardware.c: 125: ODRA = 0X04;
 15095  1761  3004               	movlw	(04h)
 15096  1762  00F1               	movwf	(??_MCU_Init+0)+0
 15097  1763  0871               	movf	(??_MCU_Init+0)+0,w
 15098  1764  0021               	movlb 1	; select bank1
 15099  1765  00D7               	movwf	(_ODRA)^080h
 15100                           	line	126
 15101                           	
 15102  1766                     l17825:	
 15103                           ;Hardware.c: 126: LATA = 0X04;
 15104  1766  3004               	movlw	(04h)
 15105  1767  0022               	movlb 2	; select bank2
 15106  1768  008C               	movwf	(268)^0100h	;volatile
 15107                           	line	127
 15108                           	
 15109  1769                     l17827:	
 15110                           ;Hardware.c: 127: TRISA = 0X1B;
 15111  1769  301B               	movlw	(01Bh)
 15112  176A  0021               	movlb 1	; select bank1
 15113  176B  008C               	movwf	(140)^080h	;volatile
 15114                           	line	128
 15115                           	
 15116  176C                     l17829:	
 15117                           ;Hardware.c: 128: ANSELA = 0X11;
 15118  176C  3011               	movlw	(011h)
 15119  176D  0023               	movlb 3	; select bank3
 15120  176E  008C               	movwf	(396)^0180h	;volatile
 15121                           	line	129
 15122                           ;Hardware.c: 129: WPUA = 0X00;
 15123  176F  0024               	movlb 4	; select bank4
 15124  1770  018C               	clrf	(524)^0200h	;volatile
 15125                           	line	130
 15126                           ;Hardware.c: 130: INLVLA = 0X00;
 15127  1771  0027               	movlb 7	; select bank7
 15128  1772  018C               	clrf	(908)^0380h	;volatile
 15129                           	line	131
 15130                           	
 15131  1773                     l17831:	
 15132                           ;Hardware.c: 131: LATB = 0XE0;
 15133  1773  30E0               	movlw	(0E0h)
 15134  1774  0022               	movlb 2	; select bank2
 15135  1775  008D               	movwf	(269)^0100h	;volatile
 15136                           	line	132
 15137                           	
 15138  1776                     l17833:	
 15139                           ;Hardware.c: 132: TRISB = 0X30;
 15140  1776  3030               	movlw	(030h)
 15141  1777  0021               	movlb 1	; select bank1
 15142  1778  008D               	movwf	(141)^080h	;volatile
 15143                           	line	133
 15144                           ;Hardware.c: 133: ANSELB = 0X00;
 15145  1779  0023               	movlb 3	; select bank3
 15146  177A  018D               	clrf	(397)^0180h	;volatile
 15147                           	line	134
 15148                           ;Hardware.c: 134: WPUB = 0X00;
 15149  177B  0024               	movlb 4	; select bank4
 15150  177C  018D               	clrf	(525)^0200h	;volatile
 15151                           	line	135
 15152                           	
 15153  177D                     l17835:	
 15154                           ;Hardware.c: 135: INLVLB = 0X20;
 15155  177D  3020               	movlw	(020h)
 15156  177E  0027               	movlb 7	; select bank7
 15157  177F  008D               	movwf	(909)^0380h	;volatile
 15158                           	line	136
 15159                           	
 15160  1780                     l17837:	
 15161                           ;Hardware.c: 136: LATC = 0X00;
 15162  1780  0022               	movlb 2	; select bank2
 15163  1781  018E               	clrf	(270)^0100h	;volatile
 15164                           	line	137
 15165                           ;Hardware.c: 137: TRISC = 0XEF;
 15166  1782  30EF               	movlw	(0EFh)
 15167  1783  0021               	movlb 1	; select bank1
 15168  1784  008E               	movwf	(142)^080h	;volatile
 15169                           	line	138
 15170                           ;Hardware.c: 138: ANSELC = 0XCF;
 15171  1785  30CF               	movlw	(0CFh)
 15172  1786  0023               	movlb 3	; select bank3
 15173  1787  008E               	movwf	(398)^0180h	;volatile
 15174                           	line	139
 15175                           	
 15176  1788                     l17839:	
 15177                           ;Hardware.c: 139: WPUC = 0X00;
 15178  1788  0024               	movlb 4	; select bank4
 15179  1789  018E               	clrf	(526)^0200h	;volatile
 15180                           	line	140
 15181                           	
 15182  178A                     l17841:	
 15183                           ;Hardware.c: 140: INLVLC = 0X00;
 15184  178A  0027               	movlb 7	; select bank7
 15185  178B  018E               	clrf	(910)^0380h	;volatile
 15186                           	line	141
 15187                           	
 15188  178C                     l17843:	
 15189                           ;Hardware.c: 141: FVRCON = 0X00;
 15190  178C  0022               	movlb 2	; select bank2
 15191  178D  0197               	clrf	(279)^0100h	;volatile
 15192                           	line	142
 15193                           	
 15194  178E                     l17845:	
 15195                           ;Hardware.c: 142: DACCON1 = 0X00;
 15196  178E  0199               	clrf	(281)^0100h	;volatile
 15197                           	line	143
 15198                           	
 15199  178F                     l17847:	
 15200                           ;Hardware.c: 143: DACCON0 = 0X00;
 15201  178F  0198               	clrf	(280)^0100h	;volatile
 15202                           	line	144
 15203                           	
 15204  1790                     l17849:	
 15205                           ;Hardware.c: 144: CM1CON1 = 0X03;
 15206  1790  3003               	movlw	(03h)
 15207  1791  0092               	movwf	(274)^0100h	;volatile
 15208                           	line	145
 15209                           	
 15210  1792                     l17851:	
 15211                           ;Hardware.c: 145: CM1CON0 = 0X82;
 15212  1792  3082               	movlw	(082h)
 15213  1793  0091               	movwf	(273)^0100h	;volatile
 15214                           	line	146
 15215                           	
 15216  1794                     l17853:	
 15217                           ;Hardware.c: 146: CM2CON1 = 0X01;
 15218  1794  3001               	movlw	(01h)
 15219  1795  0094               	movwf	(276)^0100h	;volatile
 15220                           	line	147
 15221                           	
 15222  1796                     l17855:	
 15223                           ;Hardware.c: 147: CM2CON0 = 0XA2;
 15224  1796  30A2               	movlw	(0A2h)
 15225  1797  0093               	movwf	(275)^0100h	;volatile
 15226                           	line	149
 15227                           	
 15228  1798                     l17857:	
 15229                           ;Hardware.c: 149: ADCON1 = 0XA0;
 15230  1798  30A0               	movlw	(0A0h)
 15231  1799  0021               	movlb 1	; select bank1
 15232  179A  009E               	movwf	(158)^080h	;volatile
 15233                           	line	150
 15234                           	
 15235  179B                     l17859:	
 15236                           ;Hardware.c: 150: ADCON0 = 9*4+1;
 15237  179B  3025               	movlw	(025h)
 15238  179C  009D               	movwf	(157)^080h	;volatile
 15239                           	line	151
 15240                           	
 15241  179D                     l17861:	
 15242                           ;Hardware.c: 151: enADC = 1;
 15243  179D  01D8               	clrf	(_enADC)^080h
 15244  179E  1403               	bsf	status,0
 15245  179F  0DD8               	rlf	(_enADC)^080h,f
 15246                           	line	152
 15247                           	
 15248  17A0                     l17863:	
 15249                           ;Hardware.c: 152: tmADVAC = 255;
 15250  17A0  30FF               	movlw	(0FFh)
 15251  17A1  00F1               	movwf	(??_MCU_Init+0)+0
 15252  17A2  0871               	movf	(??_MCU_Init+0)+0,w
 15253  17A3  00DA               	movwf	(_tmADVAC)^080h
 15254                           	line	153
 15255                           	
 15256  17A4                     l17865:	
 15257                           ;Hardware.c: 153: tmADVRS = 255;
 15258  17A4  30FF               	movlw	(0FFh)
 15259  17A5  00F1               	movwf	(??_MCU_Init+0)+0
 15260  17A6  0871               	movf	(??_MCU_Init+0)+0,w
 15261  17A7  00DB               	movwf	(_tmADVRS)^080h
 15262                           	line	154
 15263                           	
 15264  17A8                     l17867:	
 15265                           ;Hardware.c: 154: tmADNTC = 255;
 15266  17A8  30FF               	movlw	(0FFh)
 15267  17A9  00F1               	movwf	(??_MCU_Init+0)+0
 15268  17AA  0871               	movf	(??_MCU_Init+0)+0,w
 15269  17AB  00D9               	movwf	(_tmADNTC)^080h
 15270                           	line	155
 15271                           	
 15272  17AC                     l17869:	
 15273                           ;Hardware.c: 155: adVac = 0;
 15274  17AC  01BC               	clrf	(_adVac)^080h
 15275                           	line	156
 15276                           	
 15277  17AD                     l17871:	
 15278                           ;Hardware.c: 156: adVrs = 0;
 15279  17AD  01BD               	clrf	(_adVrs)^080h
 15280                           	line	157
 15281                           	
 15282  17AE                     l17873:	
 15283                           ;Hardware.c: 157: adNtc = 0;
 15284  17AE  01BB               	clrf	(_adNtc)^080h
 15285                           	line	158
 15286                           	
 15287  17AF                     l17875:	
 15288                           ;Hardware.c: 158: adCur2Buf = 0;
 15289  17AF  3000               	movlw	0
 15290  17B0  00A7               	movwf	(_adCur2Buf+3)^080h
 15291  17B1  3000               	movlw	0
 15292  17B2  00A6               	movwf	(_adCur2Buf+2)^080h
 15293  17B3  3000               	movlw	0
 15294  17B4  00A5               	movwf	(_adCur2Buf+1)^080h
 15295  17B5  3000               	movlw	0
 15296  17B6  00A4               	movwf	(_adCur2Buf)^080h
 15297                           
 15298                           	line	159
 15299                           	
 15300  17B7                     l17877:	
 15301                           ;Hardware.c: 159: adCurNBuf = 0;
 15302  17B7  01BA               	clrf	(_adCurNBuf)^080h
 15303                           	line	160
 15304                           	
 15305  17B8                     l17879:	
 15306                           ;Hardware.c: 160: adCur2 = 0;
 15307  17B8  3000               	movlw	0
 15308  17B9  00A3               	movwf	(_adCur2+3)^080h
 15309  17BA  3000               	movlw	0
 15310  17BB  00A2               	movwf	(_adCur2+2)^080h
 15311  17BC  3000               	movlw	0
 15312  17BD  00A1               	movwf	(_adCur2+1)^080h
 15313  17BE  3000               	movlw	0
 15314  17BF  00A0               	movwf	(_adCur2)^080h
 15315                           
 15316                           	line	161
 15317                           	
 15318  17C0                     l17881:	
 15319                           ;Hardware.c: 161: adCurN = 0;
 15320  17C0  01B9               	clrf	(_adCurN)^080h
 15321                           	line	163
 15322                           	
 15323  17C1                     l17883:	
 15324                           ;Hardware.c: 163: BAUDCON = 0X0A;
 15325  17C1  300A               	movlw	(0Ah)
 15326  17C2  0023               	movlb 3	; select bank3
 15327  17C3  009F               	movwf	(415)^0180h	;volatile
 15328                           	line	164
 15329                           	
 15330  17C4                     l17885:	
 15331                           ;Hardware.c: 164: SPBRGL = 799%256;
 15332  17C4  301F               	movlw	(01Fh)
 15333  17C5  009B               	movwf	(411)^0180h	;volatile
 15334                           	line	165
 15335                           	
 15336  17C6                     l17887:	
 15337                           ;Hardware.c: 165: SPBRGH = 799/256;
 15338  17C6  3003               	movlw	(03h)
 15339  17C7  009C               	movwf	(412)^0180h	;volatile
 15340                           	line	166
 15341                           	
 15342  17C8                     l17889:	
 15343                           ;Hardware.c: 166: RCSTA = 0X00;
 15344  17C8  019D               	clrf	(413)^0180h	;volatile
 15345                           	line	167
 15346                           	
 15347  17C9                     l17891:	
 15348                           ;Hardware.c: 167: TXSTA = 0X04;
 15349  17C9  3004               	movlw	(04h)
 15350  17CA  009E               	movwf	(414)^0180h	;volatile
 15351                           	line	168
 15352                           	
 15353  17CB                     l17893:	
 15354                           ;Hardware.c: 168: SPEN = 1;
 15355  17CB  179D               	bsf	(3311/8)^0180h,(3311)&7
 15356                           	line	169
 15357                           	
 15358  17CC                     l17895:	
 15359                           ;Hardware.c: 169: CREN = 1;
 15360  17CC  161D               	bsf	(3308/8)^0180h,(3308)&7
 15361                           	line	170
 15362                           	
 15363  17CD                     l17897:	
 15364                           ;Hardware.c: 170: TXEN = 1;
 15365  17CD  169E               	bsf	(3317/8)^0180h,(3317)&7
 15366                           	line	171
 15367                           	
 15368  17CE                     l17899:	
 15369                           ;Hardware.c: 171: txTIM = 0;
 15370  17CE  01A6               	clrf	(_txTIM)^0180h
 15371                           	line	172
 15372                           	
 15373  17CF                     l17901:	
 15374                           ;Hardware.c: 172: txCNT = 0;
 15375  17CF  01A4               	clrf	(_txCNT)^0180h
 15376                           	line	173
 15377                           	
 15378  17D0                     l17903:	
 15379                           ;Hardware.c: 173: txWRP = 0;
 15380  17D0  01A7               	clrf	(_txWRP)^0180h
 15381                           	line	174
 15382                           	
 15383  17D1                     l17905:	
 15384                           ;Hardware.c: 174: txRDP = 0;
 15385  17D1  01A5               	clrf	(_txRDP)^0180h
 15386                           	line	175
 15387                           	
 15388  17D2                     l17907:	
 15389                           ;Hardware.c: 175: rxTIM = 0;
 15390  17D2  01A2               	clrf	(_rxTIM)^0180h
 15391                           	line	176
 15392                           	
 15393  17D3                     l17909:	
 15394                           ;Hardware.c: 176: rxCNT = 0;
 15395  17D3  01A0               	clrf	(_rxCNT)^0180h
 15396                           	line	177
 15397                           	
 15398  17D4                     l17911:	
 15399                           ;Hardware.c: 177: rxWRP = 0;
 15400  17D4  01A3               	clrf	(_rxWRP)^0180h
 15401                           	line	178
 15402                           	
 15403  17D5                     l17913:	
 15404                           ;Hardware.c: 178: rxRDP = 0;
 15405  17D5  01A1               	clrf	(_rxRDP)^0180h
 15406                           	line	180
 15407                           	
 15408  17D6                     l17915:	
 15409                           ;Hardware.c: 180: T1GCON = 0X00;
 15410  17D6  0020               	movlb 0	; select bank0
 15411  17D7  0199               	clrf	(25)	;volatile
 15412                           	line	181
 15413                           	
 15414  17D8                     l17917:	
 15415                           ;Hardware.c: 181: T1CON = 0X30;
 15416  17D8  3030               	movlw	(030h)
 15417  17D9  0098               	movwf	(24)	;volatile
 15418                           	line	182
 15419                           	
 15420  17DA                     l17919:	
 15421                           ;Hardware.c: 182: PR6 = 49;
 15422  17DA  3031               	movlw	(031h)
 15423  17DB  0028               	movlb 8	; select bank8
 15424  17DC  009D               	movwf	(1053)^0400h	;volatile
 15425                           	line	183
 15426                           	
 15427  17DD                     l17921:	
 15428                           ;Hardware.c: 183: T6CON = 0X05;
 15429  17DD  3005               	movlw	(05h)
 15430  17DE  009E               	movwf	(1054)^0400h	;volatile
 15431                           	line	185
 15432                           	
 15433  17DF                     l17923:	
 15434                           ;Hardware.c: 185: PIR1 = 0X00;
 15435  17DF  0020               	movlb 0	; select bank0
 15436  17E0  0191               	clrf	(17)	;volatile
 15437                           	line	186
 15438                           	
 15439  17E1                     l17925:	
 15440                           ;Hardware.c: 186: PIR2 = 0X00;
 15441  17E1  0192               	clrf	(18)	;volatile
 15442                           	line	187
 15443                           	
 15444  17E2                     l17927:	
 15445                           ;Hardware.c: 187: PIR3 = 0X00;
 15446  17E2  0193               	clrf	(19)	;volatile
 15447                           	line	188
 15448                           	
 15449  17E3                     l17929:	
 15450                           ;Hardware.c: 188: PIR4 = 0X00;
 15451  17E3  0194               	clrf	(20)	;volatile
 15452                           	line	189
 15453                           	
 15454  17E4                     l17931:	
 15455                           ;Hardware.c: 189: PIE1 = 0X00;
 15456  17E4  0021               	movlb 1	; select bank1
 15457  17E5  0191               	clrf	(145)^080h	;volatile
 15458                           	line	190
 15459                           	
 15460  17E6                     l17933:	
 15461                           ;Hardware.c: 190: PIE2 = 0X00;
 15462  17E6  0192               	clrf	(146)^080h	;volatile
 15463                           	line	191
 15464                           	
 15465  17E7                     l17935:	
 15466                           ;Hardware.c: 191: PIE3 = 0X08;
 15467  17E7  3008               	movlw	(08h)
 15468  17E8  0093               	movwf	(147)^080h	;volatile
 15469                           	line	192
 15470                           	
 15471  17E9                     l17937:	
 15472                           ;Hardware.c: 192: PIE4 = 0X00;
 15473  17E9  0194               	clrf	(148)^080h	;volatile
 15474                           	line	193
 15475                           	
 15476  17EA                     l17939:	
 15477                           ;Hardware.c: 193: PEIE = 1;
 15478  17EA  170B               	bsf	(94/8),(94)&7
 15479                           	line	195
 15480                           	
 15481  17EB                     l17941:	
 15482                           ;Hardware.c: 195: sysTicks = 0;
 15483  17EB  01C6               	clrf	(_sysTicks)^080h
 15484                           	line	196
 15485                           	
 15486  17EC                     l17943:	
 15487                           ;Hardware.c: 196: sysTimer = 0;
 15488  17EC  01AC               	clrf	(_sysTimer)^080h
 15489  17ED  01AD               	clrf	(_sysTimer+1)^080h
 15490                           	line	197
 15491                           	
 15492  17EE                     l17945:	
 15493                           ;Hardware.c: 197: tmTST0 = 255;
 15494  17EE  30FF               	movlw	(0FFh)
 15495  17EF  00F1               	movwf	(??_MCU_Init+0)+0
 15496  17F0  0871               	movf	(??_MCU_Init+0)+0,w
 15497  17F1  00DC               	movwf	(_tmTST0)^080h
 15498                           	line	198
 15499                           	
 15500  17F2                     l17947:	
 15501                           ;Hardware.c: 198: tmTST1 = 255;
 15502  17F2  30FF               	movlw	(0FFh)
 15503  17F3  00F1               	movwf	(??_MCU_Init+0)+0
 15504  17F4  0871               	movf	(??_MCU_Init+0)+0,w
 15505  17F5  00DD               	movwf	(_tmTST1)^080h
 15506                           	line	199
 15507                           	
 15508  17F6                     l17949:	
 15509                           ;Hardware.c: 199: idrTest0 = 0;
 15510  17F6  01BE               	clrf	(_idrTest0)^080h
 15511                           	line	200
 15512                           	
 15513  17F7                     l17951:	
 15514                           ;Hardware.c: 200: idrTest1 = 0;
 15515  17F7  01BF               	clrf	(_idrTest1)^080h
 15516                           	line	201
 15517                           	
 15518  17F8                     l17953:	
 15519                           ;Hardware.c: 201: scnHall = 0;
 15520  17F8  01C3               	clrf	(_scnHall)^080h
 15521                           	line	202
 15522                           	
 15523  17F9                     l17955:	
 15524                           ;Hardware.c: 202: scnZero = 0;
 15525  17F9  01C5               	clrf	(_scnZero)^080h
 15526                           	line	203
 15527                           	
 15528  17FA                     l17957:	
 15529                           ;Hardware.c: 203: scnTest = 0;
 15530  17FA  01C4               	clrf	(_scnTest)^080h
 15531                           	line	204
 15532                           	
 15533  17FB                     l17959:	
 15534                           ;Hardware.c: 204: tmTriacOn = 0;
 15535  17FB  01B2               	clrf	(_tmTriacOn)^080h
 15536  17FC  01B3               	clrf	(_tmTriacOn+1)^080h
 15537                           	line	205
 15538                           	
 15539  17FD                     l17961:	
 15540                           ;Hardware.c: 205: tmTriacOff = 0;
 15541  17FD  01B0               	clrf	(_tmTriacOff)^080h
 15542  17FE  01B1               	clrf	(_tmTriacOff+1)^080h
 15543                           	line	206
 15544                           	
 15545  17FF                     l3245:	
 15546  17FF  0008               	return
 15547                           	opt stack 0
 15548                           GLOBAL	__end_of_MCU_Init
 15549  1800                     	__end_of_MCU_Init:
 15550 ;; =============== function _MCU_Init ends ============
 15551                           
 15552                           	signat	_MCU_Init,88
 15553                           	global	_E2P_ReadByte
 15554                           psect	text1017,local,class=CODE,delta=2
 15555                           global __ptext1017
 15556  1C80                     __ptext1017:
 15557                           
 15558 ;; *************** function _E2P_ReadByte *****************
 15559 ;; Defined at:
 15560 ;;		line 249 in file "D:\project\baratheon-winnie\baratheon\Hardware.c"
 15561 ;; Parameters:    Size  Location     Type
 15562 ;;  addr            1    wreg     unsigned char 
 15563 ;; Auto vars:     Size  Location     Type
 15564 ;;  addr            1    1[COMMON] unsigned char 
 15565 ;; Return value:  Size  Location     Type
 15566 ;;                  1    wreg      unsigned char 
 15567 ;; Registers used:
 15568 ;;		wreg
 15569 ;; Tracked objects:
 15570 ;;		On entry : 0/0
 15571 ;;		On exit  : 0/0
 15572 ;;		Unchanged: 0/0
 15573 ;; Data sizes:     COMMON   BANK0   BANK1   BANK2   BANK3   BANK4   BANK5   BANK7 BANK8hh BANK8hl  BANK8l BANK9hh BANK9h
       l  BANK9l BANK10h BANK10l  BANK11  BANK12
 15574 ;;      Params:         0       0       0       0       0       0       0       0       0       0       0       0       
       0       0       0       0       0       0
 15575 ;;      Locals:         1       0       0       0       0       0       0       0       0       0       0       0       
       0       0       0       0       0       0
 15576 ;;      Temps:          0       0       0       0       0       0       0       0       0       0       0       0       
       0       0       0       0       0       0
 15577 ;;      Totals:         1       0       0       0       0       0       0       0       0       0       0       0       
       0       0       0       0       0       0
 15578 ;;Total ram usage:        1 bytes
 15579 ;; Hardware stack levels used:    1
 15580 ;; Hardware stack levels required when called:    1
 15581 ;; This function calls:
 15582 ;;		Nothing
 15583 ;; This function is called by:
 15584 ;;		_COM_Ctrl
 15585 ;;		_E2P_RD
 15586 ;;		_E2P_WR
 15587 ;; This function uses a non-reentrant model
 15588 ;;
 15589                           psect	text1017
 15590                           	file	"D:\project\baratheon-winnie\baratheon\Hardware.c"
 15591                           	line	249
 15592                           	global	__size_of_E2P_ReadByte
 15593  000A                     	__size_of_E2P_ReadByte	equ	__end_of_E2P_ReadByte-_E2P_ReadByte
 15594                           	
 15595  1C80                     _E2P_ReadByte:	
 15596                           	opt	stack 12
 15597                           ; Regs used in _E2P_ReadByte: [wreg]
 15598                           ;E2P_ReadByte@addr stored from wreg
 15599  1C80  00F1               	movwf	(E2P_ReadByte@addr)
 15600                           	line	250
 15601                           	
 15602  1C81                     l17805:	
 15603                           ;Hardware.c: 250: EEADRL = addr;
 15604  1C81  0871               	movf	(E2P_ReadByte@addr),w
 15605  1C82  0023               	movlb 3	; select bank3
 15606  1C83  0091               	movwf	(401)^0180h	;volatile
 15607                           	line	251
 15608                           	
 15609  1C84                     l17807:	
 15610                           ;Hardware.c: 251: CFGS = 0;
 15611  1C84  1315               	bcf	(3246/8)^0180h,(3246)&7
 15612                           	line	252
 15613                           	
 15614  1C85                     l17809:	
 15615                           ;Hardware.c: 252: EEPGD = 0;
 15616  1C85  1395               	bcf	(3247/8)^0180h,(3247)&7
 15617                           	line	253
 15618                           	
 15619  1C86                     l17811:	
 15620                           ;Hardware.c: 253: RD = 1;
 15621  1C86  1415               	bsf	(3240/8)^0180h,(3240)&7
 15622                           	line	254
 15623                           ;Hardware.c: 254: return EEDATL;
 15624  1C87  0813               	movf	(403)^0180h,w	;volatile
 15625  1C88  2C89               	goto	l3254
 15626                           	
 15627  1C89                     l17813:	
 15628                           	line	255
 15629                           	
 15630  1C89                     l3254:	
 15631  1C89  0008               	return
 15632                           	opt stack 0
 15633                           GLOBAL	__end_of_E2P_ReadByte
 15634  1C8A                     	__end_of_E2P_ReadByte:
 15635 ;; =============== function _E2P_ReadByte ends ============
 15636                           
 15637                           	signat	_E2P_ReadByte,4217
 15638                           	global	_COM_Init
 15639                           psect	text1018,local,class=CODE,delta=2
 15640                           global __ptext1018
 15641  1101                     __ptext1018:
 15642                           
 15643 ;; *************** function _COM_Init *****************
 15644 ;; Defined at:
 15645 ;;		line 45 in file "D:\project\baratheon-winnie\baratheon\COM.c"
 15646 ;; Parameters:    Size  Location     Type
 15647 ;;		None
 15648 ;; Auto vars:     Size  Location     Type
 15649 ;;		None
 15650 ;; Return value:  Size  Location     Type
 15651 ;;		None               void
 15652 ;; Registers used:
 15653 ;;		None
 15654 ;; Tracked objects:
 15655 ;;		On entry : 0/0
 15656 ;;		On exit  : 0/0
 15657 ;;		Unchanged: 0/0
 15658 ;; Data sizes:     COMMON   BANK0   BANK1   BANK2   BANK3   BANK4   BANK5   BANK7 BANK8hh BANK8hl  BANK8l BANK9hh BANK9h
       l  BANK9l BANK10h BANK10l  BANK11  BANK12
 15659 ;;      Params:         0       0       0       0       0       0       0       0       0       0       0       0       
       0       0       0       0       0       0
 15660 ;;      Locals:         0       0       0       0       0       0       0       0       0       0       0       0       
       0       0       0       0       0       0
 15661 ;;      Temps:          0       0       0       0       0       0       0       0       0       0       0       0       
       0       0       0       0       0       0
 15662 ;;      Totals:         0       0       0       0       0       0       0       0       0       0       0       0       
       0       0       0       0       0       0
 15663 ;;Total ram usage:        0 bytes
 15664 ;; Hardware stack levels used:    1
 15665 ;; Hardware stack levels required when called:    1
 15666 ;; This function calls:
 15667 ;;		Nothing
 15668 ;; This function is called by:
 15669 ;;		_main
 15670 ;; This function uses a non-reentrant model
 15671 ;;
 15672                           psect	text1018
 15673                           	file	"D:\project\baratheon-winnie\baratheon\COM.c"
 15674                           	line	45
 15675                           	global	__size_of_COM_Init
 15676  0001                     	__size_of_COM_Init	equ	__end_of_COM_Init-_COM_Init
 15677                           	
 15678  1101                     _COM_Init:	
 15679                           	opt	stack 14
 15680                           ; Regs used in _COM_Init: []
 15681                           	line	46
 15682                           	
 15683  1101                     l1588:	
 15684  1101  0008               	return
 15685                           	opt stack 0
 15686                           GLOBAL	__end_of_COM_Init
 15687  1102                     	__end_of_COM_Init:
 15688 ;; =============== function _COM_Init ends ============
 15689                           
 15690                           	signat	_COM_Init,88
 15691                           	global	_SRL_Putc
 15692                           psect	text1019,local,class=CODE,delta=2
 15693                           global __ptext1019
 15694  1CE2                     __ptext1019:
 15695                           
 15696 ;; *************** function _SRL_Putc *****************
 15697 ;; Defined at:
 15698 ;;		line 39 in file "D:\project\baratheon-winnie\baratheon\Uart.c"
 15699 ;; Parameters:    Size  Location     Type
 15700 ;;  c               1    wreg     unsigned char 
 15701 ;; Auto vars:     Size  Location     Type
 15702 ;;  c               1    2[COMMON] unsigned char 
 15703 ;; Return value:  Size  Location     Type
 15704 ;;                  1    wreg      unsigned char 
 15705 ;; Registers used:
 15706 ;;		wreg, fsr1l, fsr1h, status,2, status,0
 15707 ;; Tracked objects:
 15708 ;;		On entry : 0/0
 15709 ;;		On exit  : 0/0
 15710 ;;		Unchanged: 0/0
 15711 ;; Data sizes:     COMMON   BANK0   BANK1   BANK2   BANK3   BANK4   BANK5   BANK7 BANK8hh BANK8hl  BANK8l BANK9hh BANK9h
       l  BANK9l BANK10h BANK10l  BANK11  BANK12
 15712 ;;      Params:         0       0       0       0       0       0       0       0       0       0       0       0       
       0       0       0       0       0       0
 15713 ;;      Locals:         1       0       0       0       0       0       0       0       0       0       0       0       
       0       0       0       0       0       0
 15714 ;;      Temps:          1       0       0       0       0       0       0       0       0       0       0       0       
       0       0       0       0       0       0
 15715 ;;      Totals:         2       0       0       0       0       0       0       0       0       0       0       0       
       0       0       0       0       0       0
 15716 ;;Total ram usage:        2 bytes
 15717 ;; Hardware stack levels used:    1
 15718 ;; Hardware stack levels required when called:    1
 15719 ;; This function calls:
 15720 ;;		Nothing
 15721 ;; This function is called by:
 15722 ;;		_COM_Print
 15723 ;;		_COM_Ctrl
 15724 ;; This function uses a non-reentrant model
 15725 ;;
 15726                           psect	text1019
 15727                           	file	"D:\project\baratheon-winnie\baratheon\Uart.c"
 15728                           	line	39
 15729                           	global	__size_of_SRL_Putc
 15730  001E                     	__size_of_SRL_Putc	equ	__end_of_SRL_Putc-_SRL_Putc
 15731                           	
 15732  1CE2                     _SRL_Putc:	
 15733                           	opt	stack 13
 15734                           ; Regs used in _SRL_Putc: [wreg+fsr1l-status,0]
 15735                           ;SRL_Putc@c stored from wreg
 15736  1CE2  00F2               	movwf	(SRL_Putc@c)
 15737                           	line	40
 15738                           	
 15739  1CE3                     l17793:	
 15740                           ;Uart.c: 40: if ( txCNT >= 32 ) return 0;
 15741  1CE3  3020               	movlw	(020h)
 15742  1CE4  0023               	movlb 3	; select bank3
 15743  1CE5  0224               	subwf	(_txCNT)^0180h,w
 15744  1CE6  1C03               	skipc
 15745  1CE7  2CE9               	goto	u4381
 15746  1CE8  2CEA               	goto	u4380
 15747  1CE9                     u4381:
 15748  1CE9  2CEC               	goto	l17797
 15749  1CEA                     u4380:
 15750  1CEA  2CFF               	goto	l9898
 15751                           	
 15752  1CEB                     l17795:	
 15753                           ;	Return value of _SRL_Putc is never used
 15754  1CEB  2CFF               	goto	l9898
 15755                           	
 15756  1CEC                     l9897:	
 15757                           	line	41
 15758                           	
 15759  1CEC                     l17797:	
 15760                           ;Uart.c: 41: txFIFO[ txWRP & 31 ] = c;
 15761  1CEC  0872               	movf	(SRL_Putc@c),w
 15762  1CED  00F1               	movwf	(??_SRL_Putc+0)+0
 15763  1CEE  0827               	movf	(_txWRP)^0180h,w
 15764  1CEF  391F               	andlw	01Fh
 15765  1CF0  3EA0               	addlw	928&0ffh
 15766  1CF1  0086               	movwf	fsr1l
 15767  1CF2  3003               	movlw 3	; select bank7/8
 15768  1CF3  0087               	movwf fsr1h	
 15769                           	
 15770  1CF4  0871               	movf	(??_SRL_Putc+0)+0,w
 15771  1CF5  0081               	movwf	indf1
 15772                           	line	42
 15773                           	
 15774  1CF6                     l17799:	
 15775                           ;Uart.c: 42: txWRP++;
 15776  1CF6  3001               	movlw	(01h)
 15777  1CF7  00F1               	movwf	(??_SRL_Putc+0)+0
 15778  1CF8  0871               	movf	(??_SRL_Putc+0)+0,w
 15779  1CF9  07A7               	addwf	(_txWRP)^0180h,f
 15780                           	line	43
 15781                           	
 15782  1CFA                     l17801:	
 15783                           ;Uart.c: 43: txCNT++;
 15784  1CFA  3001               	movlw	(01h)
 15785  1CFB  00F1               	movwf	(??_SRL_Putc+0)+0
 15786  1CFC  0871               	movf	(??_SRL_Putc+0)+0,w
 15787  1CFD  07A4               	addwf	(_txCNT)^0180h,f
 15788  1CFE  2CFF               	goto	l9898
 15789                           	line	44
 15790                           	
 15791  1CFF                     l17803:	
 15792                           	line	45
 15793                           ;Uart.c: 44: return 1;
 15794                           ;	Return value of _SRL_Putc is never used
 15795                           	
 15796  1CFF                     l9898:	
 15797  1CFF  0008               	return
 15798                           	opt stack 0
 15799                           GLOBAL	__end_of_SRL_Putc
 15800  1D00                     	__end_of_SRL_Putc:
 15801 ;; =============== function _SRL_Putc ends ============
 15802                           
 15803                           	signat	_SRL_Putc,4217
 15804                           	global	_INTSR
 15805                           psect	intentry,class=CODE,delta=2
 15806                           global __pintentry
 15807  0004                     __pintentry:
 15808                           
 15809 ;; *************** function _INTSR *****************
 15810 ;; Defined at:
 15811 ;;		line 258 in file "D:\project\baratheon-winnie\baratheon\Hardware.c"
 15812 ;; Parameters:    Size  Location     Type
 15813 ;;		None
 15814 ;; Auto vars:     Size  Location     Type
 15815 ;;		None
 15816 ;; Return value:  Size  Location     Type
 15817 ;;		None               void
 15818 ;; Registers used:
 15819 ;;		None
 15820 ;; Tracked objects:
 15821 ;;		On entry : 0/0
 15822 ;;		On exit  : 0/0
 15823 ;;		Unchanged: 0/0
 15824 ;; Data sizes:     COMMON   BANK0   BANK1   BANK2   BANK3   BANK4   BANK5   BANK7 BANK8hh BANK8hl  BANK8l BANK9hh BANK9h
       l  BANK9l BANK10h BANK10l  BANK11  BANK12
 15825 ;;      Params:         0       0       0       0       0       0       0       0       0       0       0       0       
       0       0       0       0       0       0
 15826 ;;      Locals:         0       0       0       0       0       0       0       0       0       0       0       0       
       0       0       0       0       0       0
 15827 ;;      Temps:          1       0       0       0       0       0       0       0       0       0       0       0       
       0       0       0       0       0       0
 15828 ;;      Totals:         1       0       0       0       0       0       0       0       0       0       0       0       
       0       0       0       0       0       0
 15829 ;;Total ram usage:        1 bytes
 15830 ;; Hardware stack levels used:    1
 15831 ;; This function calls:
 15832 ;;		Nothing
 15833 ;; This function is called by:
 15834 ;;		Interrupt level 1
 15835 ;; This function uses a non-reentrant model
 15836 ;;
 15837                           psect	intentry
 15838                           	file	"D:\project\baratheon-winnie\baratheon\Hardware.c"
 15839                           	line	258
 15840                           	global	__size_of_INTSR
 15841  013A                     	__size_of_INTSR	equ	__end_of_INTSR-_INTSR
 15842                           	
 15843  0004                     _INTSR:	
 15844                           	opt	stack 11
 15845                           ; Regs used in _INTSR: []
 15846                           psect	intentry
 15847  0004  3180               	pagesel	$
 15848  0005  0020               	movlb 0	; select bank0
 15849  0006  087F               	movf	btemp+1,w
 15850  0007  00F0               	movwf	(??_INTSR+0)
 15851                           	line	260
 15852                           	
 15853  0008                     i1l15623:	
 15854                           # 260 "D:\project\baratheon-winnie\baratheon\Hardware.c"
 15855                                       ;++++++++++++++++++++++++++++++++++++++++++++++ ;#
 15856                           	line	261
 15857                           # 261 "D:\project\baratheon-winnie\baratheon\Hardware.c"
 15858                                       ; COMMON REGS. ;#
 15859                           	line	262
 15860                           # 262 "D:\project\baratheon-winnie\baratheon\Hardware.c"
 15861  0000                                 INDF0 EQU 0X00 ;#
 15862                           	line	263
 15863                           # 263 "D:\project\baratheon-winnie\baratheon\Hardware.c"
 15864  0001                                 INDF1 EQU 0X01 ;#
 15865                           	line	264
 15866                           # 264 "D:\project\baratheon-winnie\baratheon\Hardware.c"
 15867  0002                                 PCL EQU 0X02 ;#
 15868                           	line	265
 15869                           # 265 "D:\project\baratheon-winnie\baratheon\Hardware.c"
 15870  0003                                 STATUS EQU 0X03 ;#
 15871                           	line	266
 15872                           # 266 "D:\project\baratheon-winnie\baratheon\Hardware.c"
 15873  0000                                 C EQU 0 ;#
 15874                           	line	267
 15875                           # 267 "D:\project\baratheon-winnie\baratheon\Hardware.c"
 15876  0002                                 Z EQU 2 ;#
 15877                           	line	268
 15878                           # 268 "D:\project\baratheon-winnie\baratheon\Hardware.c"
 15879  0004                                 FSR0L EQU 0X04 ;#
 15880                           	line	269
 15881                           # 269 "D:\project\baratheon-winnie\baratheon\Hardware.c"
 15882  0005                                 FSR0H EQU 0X05 ;#
 15883                           	line	270
 15884                           # 270 "D:\project\baratheon-winnie\baratheon\Hardware.c"
 15885  0006                                 FSR1L EQU 0X06 ;#
 15886                           	line	271
 15887                           # 271 "D:\project\baratheon-winnie\baratheon\Hardware.c"
 15888  0007                                 FSR1H EQU 0X07 ;#
 15889                           	line	272
 15890                           # 272 "D:\project\baratheon-winnie\baratheon\Hardware.c"
 15891  0008                                 BSR EQU 0X08 ;#
 15892                           	line	273
 15893                           # 273 "D:\project\baratheon-winnie\baratheon\Hardware.c"
 15894  0009                                 WREG EQU 0X09 ;#
 15895                           	line	274
 15896                           # 274 "D:\project\baratheon-winnie\baratheon\Hardware.c"
 15897  000A                                 PCLATH EQU 0X0A ;#
 15898                           	line	275
 15899                           # 275 "D:\project\baratheon-winnie\baratheon\Hardware.c"
 15900  000B                                 INTCON EQU 0X0B ;#
 15901                           	line	276
 15902                           # 276 "D:\project\baratheon-winnie\baratheon\Hardware.c"
 15903                                       ; BANK0 REGS. ;#
 15904                           	line	277
 15905                           # 277 "D:\project\baratheon-winnie\baratheon\Hardware.c"
 15906  000C                                 PORTA EQU 0X0C ;#
 15907                           	line	278
 15908                           # 278 "D:\project\baratheon-winnie\baratheon\Hardware.c"
 15909  000D                                 PORTB EQU 0X0D ;#
 15910                           	line	279
 15911                           # 279 "D:\project\baratheon-winnie\baratheon\Hardware.c"
 15912  000E                                 PORTC EQU 0X0E ;#
 15913                           	line	280
 15914                           # 280 "D:\project\baratheon-winnie\baratheon\Hardware.c"
 15915  0011                                 PIR1 EQU 0X11 ;#
 15916                           	line	281
 15917                           # 281 "D:\project\baratheon-winnie\baratheon\Hardware.c"
 15918  0000                                 TMR1IF EQU 0 ;#
 15919                           	line	282
 15920                           # 282 "D:\project\baratheon-winnie\baratheon\Hardware.c"
 15921  0001                                 TMR2IF EQU 1 ;#
 15922                           	line	283
 15923                           # 283 "D:\project\baratheon-winnie\baratheon\Hardware.c"
 15924  0004                                 TXIF EQU 4 ;#
 15925                           	line	284
 15926                           # 284 "D:\project\baratheon-winnie\baratheon\Hardware.c"
 15927  0005                                 RCIF EQU 5 ;#
 15928                           	line	285
 15929                           # 285 "D:\project\baratheon-winnie\baratheon\Hardware.c"
 15930  0012                                 PIR2 EQU 0X12 ;#
 15931                           	line	286
 15932                           # 286 "D:\project\baratheon-winnie\baratheon\Hardware.c"
 15933  0013                                 PIR3 EQU 0X13 ;#
 15934                           	line	287
 15935                           # 287 "D:\project\baratheon-winnie\baratheon\Hardware.c"
 15936  0001                                 TMR4IF EQU 1 ;#
 15937                           	line	288
 15938                           # 288 "D:\project\baratheon-winnie\baratheon\Hardware.c"
 15939  0003                                 TMR6IF EQU 3 ;#
 15940                           	line	289
 15941                           # 289 "D:\project\baratheon-winnie\baratheon\Hardware.c"
 15942  0014                                 PIR4 EQU 0X14 ;#
 15943                           	line	290
 15944                           # 290 "D:\project\baratheon-winnie\baratheon\Hardware.c"
 15945                                       ; BANK1 REGS. ;#
 15946                           	line	291
 15947                           # 291 "D:\project\baratheon-winnie\baratheon\Hardware.c"
 15948  000C                                 TRISA EQU 0X0C ;#
 15949                           	line	292
 15950                           # 292 "D:\project\baratheon-winnie\baratheon\Hardware.c"
 15951  000D                                 TRISB EQU 0X0D ;#
 15952                           	line	293
 15953                           # 293 "D:\project\baratheon-winnie\baratheon\Hardware.c"
 15954  000E                                 TRISC EQU 0X0E ;#
 15955                           	line	294
 15956                           # 294 "D:\project\baratheon-winnie\baratheon\Hardware.c"
 15957  0011                                 PIE1 EQU 0X11 ;#
 15958                           	line	295
 15959                           # 295 "D:\project\baratheon-winnie\baratheon\Hardware.c"
 15960  0012                                 PIE2 EQU 0X12 ;#
 15961                           	line	296
 15962                           # 296 "D:\project\baratheon-winnie\baratheon\Hardware.c"
 15963  0013                                 PIE3 EQU 0X13 ;#
 15964                           	line	297
 15965                           # 297 "D:\project\baratheon-winnie\baratheon\Hardware.c"
 15966  0014                                 PIE4 EQU 0X14 ;#
 15967                           	line	298
 15968                           # 298 "D:\project\baratheon-winnie\baratheon\Hardware.c"
 15969  001B                                 ADRESL EQU 0X1B ;#
 15970                           	line	299
 15971                           # 299 "D:\project\baratheon-winnie\baratheon\Hardware.c"
 15972  001C                                 ADRESH EQU 0X1C ;#
 15973                           	line	300
 15974                           # 300 "D:\project\baratheon-winnie\baratheon\Hardware.c"
 15975  001D                                 ADCON0 EQU 0X1D ;#
 15976                           	line	301
 15977                           # 301 "D:\project\baratheon-winnie\baratheon\Hardware.c"
 15978  001E                                 ADCON1 EQU 0X1E ;#
 15979                           	line	302
 15980                           # 302 "D:\project\baratheon-winnie\baratheon\Hardware.c"
 15981                                       ; BANK2 REGS. ;#
 15982                           	line	303
 15983                           # 303 "D:\project\baratheon-winnie\baratheon\Hardware.c"
 15984  000C                                 LATA EQU 0X0C ;#
 15985                           	line	304
 15986                           # 304 "D:\project\baratheon-winnie\baratheon\Hardware.c"
 15987  000D                                 LATB EQU 0X0D ;#
 15988                           	line	305
 15989                           # 305 "D:\project\baratheon-winnie\baratheon\Hardware.c"
 15990  000E                                 LATC EQU 0X0E ;#
 15991                           	line	306
 15992                           # 306 "D:\project\baratheon-winnie\baratheon\Hardware.c"
 15993  0011                                 CM1CON0 EQU 0X11 ;#
 15994                           	line	307
 15995                           # 307 "D:\project\baratheon-winnie\baratheon\Hardware.c"
 15996  0012                                 CM1CON1 EQU 0X12 ;#
 15997                           	line	308
 15998                           # 308 "D:\project\baratheon-winnie\baratheon\Hardware.c"
 15999  0013                                 CM2CON0 EQU 0X13 ;#
 16000                           	line	309
 16001                           # 309 "D:\project\baratheon-winnie\baratheon\Hardware.c"
 16002  0014                                 CM2CON1 EQU 0X14 ;#
 16003                           	line	310
 16004                           # 310 "D:\project\baratheon-winnie\baratheon\Hardware.c"
 16005  0015                                 CMOUT EQU 0X15 ;#
 16006                           	line	311
 16007                           # 311 "D:\project\baratheon-winnie\baratheon\Hardware.c"
 16008  0018                                 DACCON0 EQU 0X18 ;#
 16009                           	line	312
 16010                           # 312 "D:\project\baratheon-winnie\baratheon\Hardware.c"
 16011  0019                                 DACCON1 EQU 0X19 ;#
 16012                           	line	313
 16013                           # 313 "D:\project\baratheon-winnie\baratheon\Hardware.c"
 16014                                       ; BANK3 REGS. ;#
 16015                           	line	314
 16016                           # 314 "D:\project\baratheon-winnie\baratheon\Hardware.c"
 16017  000C                                 ANSELA EQU 0X0C ;#
 16018                           	line	315
 16019                           # 315 "D:\project\baratheon-winnie\baratheon\Hardware.c"
 16020  000D                                 ANSELB EQU 0X0D ;#
 16021                           	line	316
 16022                           # 316 "D:\project\baratheon-winnie\baratheon\Hardware.c"
 16023  000E                                 ANSELC EQU 0X0E ;#
 16024                           	line	317
 16025                           # 317 "D:\project\baratheon-winnie\baratheon\Hardware.c"
 16026  0019                                 RCREG EQU 0X19 ;#
 16027                           	line	318
 16028                           # 318 "D:\project\baratheon-winnie\baratheon\Hardware.c"
 16029  001A                                 TXREG EQU 0X1A ;#
 16030                           	line	319
 16031                           # 319 "D:\project\baratheon-winnie\baratheon\Hardware.c"
 16032  001D                                 RCSTA EQU 0X1D ;#
 16033                           	line	320
 16034                           # 320 "D:\project\baratheon-winnie\baratheon\Hardware.c"
 16035  001E                                 TXSTA EQU 0X1E ;#
 16036                           	line	321
 16037                           # 321 "D:\project\baratheon-winnie\baratheon\Hardware.c"
 16038                                       ;++++++++++++++++++++++++++++++++++++++++++++++ ;#
 16039                           	line	322
 16040                           # 322 "D:\project\baratheon-winnie\baratheon\Hardware.c"
 16041                                       ; PORT DEFINITION. ;#
 16042                           	line	323
 16043                           # 323 "D:\project\baratheon-winnie\baratheon\Hardware.c"
 16044  0057                                 ODRA EQU (127&_ODRA) ;#
 16045                           	line	324
 16046                           # 324 "D:\project\baratheon-winnie\baratheon\Hardware.c"
 16047  0057                                 ODR_TRIAC EQU ODRA ;porta=0x04 ;#
 16048                           	line	325
 16049                           # 325 "D:\project\baratheon-winnie\baratheon\Hardware.c"
 16050  0005                                 PIN_TRIAC EQU 5 ;RA5 ;#
 16051                           	line	326
 16052                           # 326 "D:\project\baratheon-winnie\baratheon\Hardware.c"
 16053                                       ;++++++++++++++++++++++++++++++++++++++++++++++ ;#
 16054                           	line	327
 16055                           # 327 "D:\project\baratheon-winnie\baratheon\Hardware.c"
 16056                                       ; DATA DEFINITION. ;#
 16057                           	line	328
 16058                           # 328 "D:\project\baratheon-winnie\baratheon\Hardware.c"
 16059  0046                                 SYS_TICKS EQU (127&_sysTicks) ;#
 16060                           	line	329
 16061                           # 329 "D:\project\baratheon-winnie\baratheon\Hardware.c"
 16062  002C                                 SYS_TIMER EQU (127&_sysTimer) ;#
 16063                           	line	330
 16064                           # 330 "D:\project\baratheon-winnie\baratheon\Hardware.c"
 16065  0043                                 HL_SCAN EQU (127&_scnHall) ;hall speed ;#
 16066                           	line	331
 16067                           # 331 "D:\project\baratheon-winnie\baratheon\Hardware.c"
 16068  0045                                 AC_SCAN EQU (127&_scnZero) ;ac zero across ;#
 16069                           	line	332
 16070                           # 332 "D:\project\baratheon-winnie\baratheon\Hardware.c"
 16071  0044                                 TS_SCAN EQU (127&_scnTest) ;motor error detect ;#
 16072                           	line	333
 16073                           # 333 "D:\project\baratheon-winnie\baratheon\Hardware.c"
 16074  0006                                 nEDGE EQU 6 ; ;#
 16075                           	line	334
 16076                           # 334 "D:\project\baratheon-winnie\baratheon\Hardware.c"
 16077  0005                                 nFALL EQU 5 ;#
 16078                           	line	335
 16079                           # 335 "D:\project\baratheon-winnie\baratheon\Hardware.c"
 16080  0004                                 nRISE EQU 4 ;#
 16081                           	line	336
 16082                           # 336 "D:\project\baratheon-winnie\baratheon\Hardware.c"
 16083  0058                                 EN_ADC EQU (127&_enADC) ; ;#
 16084                           	line	337
 16085                           # 337 "D:\project\baratheon-winnie\baratheon\Hardware.c"
 16086  005A                                 TAD_VAC EQU (127&_tmADVAC) ;#
 16087                           	line	338
 16088                           # 338 "D:\project\baratheon-winnie\baratheon\Hardware.c"
 16089  005B                                 TAD_VRS EQU (127&_tmADVRS) ;#
 16090                           	line	339
 16091                           # 339 "D:\project\baratheon-winnie\baratheon\Hardware.c"
 16092  0059                                 TAD_NTC EQU (127&_tmADNTC) ;#
 16093                           	line	340
 16094                           # 340 "D:\project\baratheon-winnie\baratheon\Hardware.c"
 16095  005C                                 TM_TST0 EQU (127&_tmTST0) ;#
 16096                           	line	341
 16097                           # 341 "D:\project\baratheon-winnie\baratheon\Hardware.c"
 16098  005D                                 TM_TST1 EQU (127&_tmTST1) ;#
 16099                           	line	342
 16100                           # 342 "D:\project\baratheon-winnie\baratheon\Hardware.c"
 16101  003E                                 DR_TST0 EQU (127&_idrTest0) ;#
 16102                           	line	343
 16103                           # 343 "D:\project\baratheon-winnie\baratheon\Hardware.c"
 16104  003F                                 DR_TST1 EQU (127&_idrTest1) ;#
 16105                           	line	344
 16106                           # 344 "D:\project\baratheon-winnie\baratheon\Hardware.c"
 16107  003D                                 AD_VRS EQU (127&_adVrs) ;#
 16108                           	line	345
 16109                           # 345 "D:\project\baratheon-winnie\baratheon\Hardware.c"
 16110  003B                                 AD_NTC EQU (127&_adNtc) ;#
 16111                           	line	346
 16112                           # 346 "D:\project\baratheon-winnie\baratheon\Hardware.c"
 16113  003C                                 AD_VAC EQU (127&_adVac) ;#
 16114                           	line	347
 16115                           # 347 "D:\project\baratheon-winnie\baratheon\Hardware.c"
 16116  0020                                 AD_CUR_2 EQU (127&_adCur2) ;#
 16117                           	line	348
 16118                           # 348 "D:\project\baratheon-winnie\baratheon\Hardware.c"
 16119  0039                                 AD_CUR_N EQU (127&_adCurN) ;#
 16120                           	line	349
 16121                           # 349 "D:\project\baratheon-winnie\baratheon\Hardware.c"
 16122  0024                                 AD_CUR_2B EQU (127&_adCur2Buf) ;#
 16123                           	line	350
 16124                           # 350 "D:\project\baratheon-winnie\baratheon\Hardware.c"
 16125  003A                                 AD_CUR_NB EQU (127&_adCurNBuf) ;#
 16126                           	line	351
 16127                           # 351 "D:\project\baratheon-winnie\baratheon\Hardware.c"
 16128  0024                                 TX_CNT EQU (127&_txCNT) ;#
 16129                           	line	352
 16130                           # 352 "D:\project\baratheon-winnie\baratheon\Hardware.c"
 16131  0027                                 TX_WRP EQU (127&_txWRP) ;#
 16132                           	line	353
 16133                           # 353 "D:\project\baratheon-winnie\baratheon\Hardware.c"
 16134  0025                                 TX_RDP EQU (127&_txRDP) ;#
 16135                           	line	354
 16136                           # 354 "D:\project\baratheon-winnie\baratheon\Hardware.c"
 16137  0026                                 TX_TIM EQU (127&_txTIM) ;#
 16138                           	line	355
 16139                           # 355 "D:\project\baratheon-winnie\baratheon\Hardware.c"
 16140  00A0                                 TX_FIFO_PL EQU LOW (_txFIFO) ;#
 16141                           	line	356
 16142                           # 356 "D:\project\baratheon-winnie\baratheon\Hardware.c"
 16143  0003                                 TX_FIFO_PH EQU HIGH(_txFIFO) ;#
 16144                           	line	357
 16145                           # 357 "D:\project\baratheon-winnie\baratheon\Hardware.c"
 16146  0020                                 RX_CNT EQU (127&_rxCNT) ;#
 16147                           	line	358
 16148                           # 358 "D:\project\baratheon-winnie\baratheon\Hardware.c"
 16149  0023                                 RX_WRP EQU (127&_rxWRP) ;#
 16150                           	line	359
 16151                           # 359 "D:\project\baratheon-winnie\baratheon\Hardware.c"
 16152  0021                                 RX_RDP EQU (127&_rxRDP) ;#
 16153                           	line	360
 16154                           # 360 "D:\project\baratheon-winnie\baratheon\Hardware.c"
 16155  0022                                 RX_TIM EQU (127&_rxTIM) ;#
 16156                           	line	361
 16157                           # 361 "D:\project\baratheon-winnie\baratheon\Hardware.c"
 16158  00C0                                 RX_FIFO_PL EQU LOW (_rxFIFO) ;#
 16159                           	line	362
 16160                           # 362 "D:\project\baratheon-winnie\baratheon\Hardware.c"
 16161  0003                                 RX_FIFO_PH EQU HIGH(_rxFIFO) ;#
 16162                           	line	363
 16163                           # 363 "D:\project\baratheon-winnie\baratheon\Hardware.c"
 16164  002A                                 AC_CYCLE EQU (127&_acCycle) ;#
 16165                           	line	364
 16166                           # 364 "D:\project\baratheon-winnie\baratheon\Hardware.c"
 16167  0038                                 AC_CYCLE_2 EQU (127&_acCycleHalf) ;#
 16168                           	line	365
 16169                           # 365 "D:\project\baratheon-winnie\baratheon\Hardware.c"
 16170  0037                                 AC_FLAG EQU (127&_acCycleFlag) ;#
 16171                           	line	366
 16172                           # 366 "D:\project\baratheon-winnie\baratheon\Hardware.c"
 16173  0035                                 AC_INDEX EQU (127&_acCrossIndex) ;#
 16174                           	line	367
 16175                           # 367 "D:\project\baratheon-winnie\baratheon\Hardware.c"
 16176  0034                                 AC_EVENT EQU (127&_acCrossEvent) ;#
 16177                           	line	368
 16178                           # 368 "D:\project\baratheon-winnie\baratheon\Hardware.c"
 16179  0036                                 AC_WATCH EQU (127&_acCrossWDT) ;#
 16180                           	line	369
 16181                           # 369 "D:\project\baratheon-winnie\baratheon\Hardware.c"
 16182  0060                                 AC_TIME_PL EQU LOW (_acCrossTime) ;#
 16183                           	line	370
 16184                           # 370 "D:\project\baratheon-winnie\baratheon\Hardware.c"
 16185  0003                                 AC_TIME_PH EQU HIGH(_acCrossTime) ;#
 16186                           	line	371
 16187                           # 371 "D:\project\baratheon-winnie\baratheon\Hardware.c"
 16188  0041                                 HL_INDEX EQU (127&_mtrHallIndex) ;#
 16189                           	line	372
 16190                           # 372 "D:\project\baratheon-winnie\baratheon\Hardware.c"
 16191  0040                                 HL_EVENT EQU (127&_mtrHallEvent) ;#
 16192                           	line	373
 16193                           # 373 "D:\project\baratheon-winnie\baratheon\Hardware.c"
 16194  0042                                 HL_WATCH EQU (127&_mtrHallWDT) ;#
 16195                           	line	374
 16196                           # 374 "D:\project\baratheon-winnie\baratheon\Hardware.c"
 16197  0020                                 HL_TIME_PL EQU LOW (_mtrHallTime) ;#
 16198                           	line	375
 16199                           # 375 "D:\project\baratheon-winnie\baratheon\Hardware.c"
 16200  0003                                 HL_TIME_PH EQU HIGH(_mtrHallTime) ;#
 16201                           	line	376
 16202                           # 376 "D:\project\baratheon-winnie\baratheon\Hardware.c"
 16203  002E                                 TM_TRIAC EQU (127&_tmTriac) ; ;#
 16204                           	line	377
 16205                           # 377 "D:\project\baratheon-winnie\baratheon\Hardware.c"
 16206  0032                                 TMR_ON EQU (127&_tmTriacOn) ;#
 16207                           	line	378
 16208                           # 378 "D:\project\baratheon-winnie\baratheon\Hardware.c"
 16209  0030                                 TMR_OFF EQU (127&_tmTriacOff) ;#
 16210                           	line	379
 16211                           # 379 "D:\project\baratheon-winnie\baratheon\Hardware.c"
 16212                                       ;++++++++++++++++++++++++++++++++++++++++++++++ ;#
 16213                           	line	380
 16214                           # 380 "D:\project\baratheon-winnie\baratheon\Hardware.c"
 16215                                      ;MOVLP 0 ;#
 16216                           	line	381
 16217                           # 381 "D:\project\baratheon-winnie\baratheon\Hardware.c"
 16218  0008  0021                           MOVLB 1 ;#
 16219                           	line	382
 16220                           # 382 "D:\project\baratheon-winnie\baratheon\Hardware.c"
 16221  0009  1858                           BTFSC EN_ADC, 0 ;#
 16222                           	line	383
 16223                           # 383 "D:\project\baratheon-winnie\baratheon\Hardware.c"
 16224  000A  149D                           BSF ADCON0, 1 ; ;#
 16225                           	line	384
 16226                           # 384 "D:\project\baratheon-winnie\baratheon\Hardware.c"
 16227  000B  1557                           BSF ODRA, 2 ; ;#
 16228                           	line	385
 16229                           # 385 "D:\project\baratheon-winnie\baratheon\Hardware.c"
 16230  000C  0857                           MOVF ODRA, W ;#
 16231                           	line	386
 16232                           # 386 "D:\project\baratheon-winnie\baratheon\Hardware.c"
 16233  000D  0022                           MOVLB 2 ;#
 16234                           	line	387
 16235                           # 387 "D:\project\baratheon-winnie\baratheon\Hardware.c"
 16236  000E  060C                           XORWF LATA, W ; ;#
 16237                           	line	388
 16238                           # 388 "D:\project\baratheon-winnie\baratheon\Hardware.c"
 16239  000F  3924                           ANDLW 0X24 ; ;#
 16240                           	line	389
 16241                           # 389 "D:\project\baratheon-winnie\baratheon\Hardware.c"
 16242  0010  068C                           XORWF LATA, F ;#
 16243                           	line	390
 16244                           # 390 "D:\project\baratheon-winnie\baratheon\Hardware.c"
 16245  0011  0020                           MOVLB 0 ;#
 16246                           	line	391
 16247                           # 391 "D:\project\baratheon-winnie\baratheon\Hardware.c"
 16248  0012  1193                           BCF PIR3, TMR6IF ; 12 instruction cycle ;#
 16249                           	line	392
 16250                           # 392 "D:\project\baratheon-winnie\baratheon\Hardware.c"
 16251                                       ;++++++++++++++++++++++++++++++++++++++++++++++ ;#
 16252                           	line	393
 16253                           # 393 "D:\project\baratheon-winnie\baratheon\Hardware.c"
 16254  0013  309D                           MOVLW HIGH _FLT | 0X80 ; ;#
 16255                           	line	394
 16256                           # 394 "D:\project\baratheon-winnie\baratheon\Hardware.c"
 16257  0014  0085                           MOVWF FSR0H ;#
 16258                           	line	395
 16259                           # 395 "D:\project\baratheon-winnie\baratheon\Hardware.c"
 16260  0015  0021                           MOVLB 1 ; 3 instruction cycle ;#
 16261                           	line	396
 16262                           # 396 "D:\project\baratheon-winnie\baratheon\Hardware.c"
 16263                                       ;++++++++++++++++++++++++++++++++++++++++++++++ ;#
 16264                           	line	397
 16265                           # 397 "D:\project\baratheon-winnie\baratheon\Hardware.c"
 16266  0016                                 SCAN_HALL: ;#
 16267                           	line	398
 16268                           # 398 "D:\project\baratheon-winnie\baratheon\Hardware.c"
 16269  0016  0843                           MOVF HL_SCAN, W ;#
 16270                           	line	399
 16271                           # 399 "D:\project\baratheon-winnie\baratheon\Hardware.c"
 16272  0017  0020                           MOVLB 0 ;#
 16273                           	line	400
 16274                           # 400 "D:\project\baratheon-winnie\baratheon\Hardware.c"
 16275  0018  1A8E                           BTFSC PORTC, 5 ; ;#
 16276                           	line	401
 16277                           # 401 "D:\project\baratheon-winnie\baratheon\Hardware.c"
 16278  0019  3801                           IORLW 1 ; ;#
 16279                           	line	402
 16280                           # 402 "D:\project\baratheon-winnie\baratheon\Hardware.c"
 16281  001A  0084                           MOVWF FSR0L ; ;#
 16282                           	line	403
 16283                           # 403 "D:\project\baratheon-winnie\baratheon\Hardware.c"
 16284  001B  3F00                           MOVIW [0]FSR0 ; ;#
 16285                           	line	404
 16286                           # 404 "D:\project\baratheon-winnie\baratheon\Hardware.c"
 16287  001C  0021                           MOVLB 1 ;#
 16288                           	line	405
 16289                           # 405 "D:\project\baratheon-winnie\baratheon\Hardware.c"
 16290  001D  00C3                           MOVWF HL_SCAN ; 9 instruction cycle ;#
 16291                           	line	406
 16292                           # 406 "D:\project\baratheon-winnie\baratheon\Hardware.c"
 16293                                       ;++++++++++++++++++++++++++++++++++++++++++++++ ;#
 16294                           	line	407
 16295                           # 407 "D:\project\baratheon-winnie\baratheon\Hardware.c"
 16296  001E                                 SCAN_ZERO: ;#
 16297                           	line	408
 16298                           # 408 "D:\project\baratheon-winnie\baratheon\Hardware.c"
 16299  001E  0845                           MOVF AC_SCAN, W ;#
 16300                           	line	409
 16301                           # 409 "D:\project\baratheon-winnie\baratheon\Hardware.c"
 16302  001F  0022                           MOVLB 2 ;#
 16303                           	line	410
 16304                           # 410 "D:\project\baratheon-winnie\baratheon\Hardware.c"
 16305  0020  1895                           BTFSC CMOUT, 1 ; ;#
 16306                           	line	411
 16307                           # 411 "D:\project\baratheon-winnie\baratheon\Hardware.c"
 16308  0021  3801                           IORLW 1 ;#
 16309                           	line	412
 16310                           # 412 "D:\project\baratheon-winnie\baratheon\Hardware.c"
 16311  0022  0084                           MOVWF FSR0L ;#
 16312                           	line	413
 16313                           # 413 "D:\project\baratheon-winnie\baratheon\Hardware.c"
 16314  0023  3F00                           MOVIW [0]FSR0 ; ;#
 16315                           	line	414
 16316                           # 414 "D:\project\baratheon-winnie\baratheon\Hardware.c"
 16317  0024  0021                           MOVLB 1 ;#
 16318                           	line	415
 16319                           # 415 "D:\project\baratheon-winnie\baratheon\Hardware.c"
 16320  0025  00C5                           MOVWF AC_SCAN ; 9 instruction cycle ;#
 16321                           	line	416
 16322                           # 416 "D:\project\baratheon-winnie\baratheon\Hardware.c"
 16323                                       ;++++++++++++++++++++++++++++++++++++++++++++++ ;#
 16324                           	line	417
 16325                           # 417 "D:\project\baratheon-winnie\baratheon\Hardware.c"
 16326  0026                                 SCAN_TEST: ;#
 16327                           	line	418
 16328                           # 418 "D:\project\baratheon-winnie\baratheon\Hardware.c"
 16329  0026  0844                           MOVF TS_SCAN, W ;#
 16330                           	line	419
 16331                           # 419 "D:\project\baratheon-winnie\baratheon\Hardware.c"
 16332  0027  0022                           MOVLB 2 ;#
 16333                           	line	420
 16334                           # 420 "D:\project\baratheon-winnie\baratheon\Hardware.c"
 16335  0028  1815                           BTFSC CMOUT, 0 ; ;#
 16336                           	line	421
 16337                           # 421 "D:\project\baratheon-winnie\baratheon\Hardware.c"
 16338  0029  3801                           IORLW 1 ;#
 16339                           	line	422
 16340                           # 422 "D:\project\baratheon-winnie\baratheon\Hardware.c"
 16341  002A  0084                           MOVWF FSR0L ;#
 16342                           	line	423
 16343                           # 423 "D:\project\baratheon-winnie\baratheon\Hardware.c"
 16344  002B  3F00                           MOVIW [0]FSR0 ;#
 16345                           	line	424
 16346                           # 424 "D:\project\baratheon-winnie\baratheon\Hardware.c"
 16347  002C  0021                           MOVLB 1 ;#
 16348                           	line	425
 16349                           # 425 "D:\project\baratheon-winnie\baratheon\Hardware.c"
 16350  002D  00C4                           MOVWF TS_SCAN ; 9 instruction cycle ;#
 16351                           	line	426
 16352                           # 426 "D:\project\baratheon-winnie\baratheon\Hardware.c"
 16353                                       ;++++++++++++++++++++++++++++++++++++++++++++++ ;#
 16354                           	line	427
 16355                           # 427 "D:\project\baratheon-winnie\baratheon\Hardware.c"
 16356  002E                                 HALL_CHECK: ;#
 16357                           	line	428
 16358                           # 428 "D:\project\baratheon-winnie\baratheon\Hardware.c"
 16359  002E  1EC3                           BTFSS HL_SCAN, nFALL ;RC5, hall 1->0, fall edge ;#
 16360                           	line	429
 16361                           # 429 "D:\project\baratheon-winnie\baratheon\Hardware.c"
 16362  002F  283D                           GOTO HALL_CHECK_E ; 3 instruction cycle ;#
 16363                           	line	430
 16364                           # 430 "D:\project\baratheon-winnie\baratheon\Hardware.c"
 16365  0030  3541                           LSLF HL_INDEX, W ;#
 16366                           	line	431
 16367                           # 431 "D:\project\baratheon-winnie\baratheon\Hardware.c"
 16368  0031  393E                           ANDLW 31*2 ; 0001 1111<<1, 11 1110 ;#
 16369                           	line	432
 16370                           # 432 "D:\project\baratheon-winnie\baratheon\Hardware.c"
 16371  0032  3E20                           ADDLW HL_TIME_PL ;#
 16372                           	line	433
 16373                           # 433 "D:\project\baratheon-winnie\baratheon\Hardware.c"
 16374  0033  0084                           MOVWF FSR0L ;#
 16375                           	line	434
 16376                           # 434 "D:\project\baratheon-winnie\baratheon\Hardware.c"
 16377  0034  3003                           MOVLW HL_TIME_PH ;#
 16378                           	line	435
 16379                           # 435 "D:\project\baratheon-winnie\baratheon\Hardware.c"
 16380  0035  0085                           MOVWF FSR0H ;#
 16381                           	line	436
 16382                           # 436 "D:\project\baratheon-winnie\baratheon\Hardware.c"
 16383  0036  082C                           MOVF SYS_TIMER, W ;#
 16384                           	line	437
 16385                           # 437 "D:\project\baratheon-winnie\baratheon\Hardware.c"
 16386  0037  001A                           MOVWI FSR0++ ;#
 16387                           	line	438
 16388                           # 438 "D:\project\baratheon-winnie\baratheon\Hardware.c"
 16389  0038  082D                           MOVF SYS_TIMER+1,W ;#
 16390                           	line	439
 16391                           # 439 "D:\project\baratheon-winnie\baratheon\Hardware.c"
 16392  0039  001A                           MOVWI FSR0++ ;#
 16393                           	line	440
 16394                           # 440 "D:\project\baratheon-winnie\baratheon\Hardware.c"
 16395  003A  0AC1                           INCF HL_INDEX, F ;#
 16396                           	line	441
 16397                           # 441 "D:\project\baratheon-winnie\baratheon\Hardware.c"
 16398  003B  0AC0                           INCF HL_EVENT, F ;#
 16399                           	line	442
 16400                           # 442 "D:\project\baratheon-winnie\baratheon\Hardware.c"
 16401  003C  01C2                           CLRF HL_WATCH ; 15 instruction cycle ;#
 16402                           	line	443
 16403                           # 443 "D:\project\baratheon-winnie\baratheon\Hardware.c"
 16404  003D                                 HALL_CHECK_E: ; end ;#
 16405                           	line	444
 16406                           # 444 "D:\project\baratheon-winnie\baratheon\Hardware.c"
 16407                                       ;++++++++++++++++++++++++++++++++++++++++++++++ ;#
 16408                           	line	445
 16409                           # 445 "D:\project\baratheon-winnie\baratheon\Hardware.c"
 16410  003D                                 ZERO_CHECK: ;#
 16411                           	line	446
 16412                           # 446 "D:\project\baratheon-winnie\baratheon\Hardware.c"
 16413  003D  12D7                           BCF ODR_TRIAC, PIN_TRIAC ; RA5=0, trig triac, off ;#
 16414                           	line	447
 16415                           # 447 "D:\project\baratheon-winnie\baratheon\Hardware.c"
 16416  003E  1B45                           BTFSC AC_SCAN, nEDGE ; both fall and rise edge ;#
 16417                           	line	448
 16418                           # 448 "D:\project\baratheon-winnie\baratheon\Hardware.c"
 16419  003F  284C                           GOTO ZERO_EDGE ; 4 ;#
 16420                           	line	449
 16421                           # 449 "D:\project\baratheon-winnie\baratheon\Hardware.c"
 16422  0040                                 ZERO_TRIG: ;#
 16423                           	line	450
 16424                           # 450 "D:\project\baratheon-winnie\baratheon\Hardware.c"
 16425  0040  1FB1                           BTFSS TMR_OFF+1, 7 ; max 7F+1=0x80 1000 0000 ;#
 16426                           	line	451
 16427                           # 451 "D:\project\baratheon-winnie\baratheon\Hardware.c"
 16428  0041  28A3                           GOTO ZERO_CHECK_E ; 6 zero check end ;#
 16429                           	line	452
 16430                           # 452 "D:\project\baratheon-winnie\baratheon\Hardware.c"
 16431  0042  0FB0                           INCFSZ TMR_OFF, F ;#
 16432                           	line	453
 16433                           # 453 "D:\project\baratheon-winnie\baratheon\Hardware.c"
 16434  0043  2845                           GOTO $+2 ;#
 16435                           	line	454
 16436                           # 454 "D:\project\baratheon-winnie\baratheon\Hardware.c"
 16437  0044  0AB1                           INCF TMR_OFF+1, F ;#
 16438                           	line	455
 16439                           # 455 "D:\project\baratheon-winnie\baratheon\Hardware.c"
 16440  0045  0FB2                           INCFSZ TMR_ON, F ;#
 16441                           	line	456
 16442                           # 456 "D:\project\baratheon-winnie\baratheon\Hardware.c"
 16443  0046  2848                           GOTO $+2 ;#
 16444                           	line	457
 16445                           # 457 "D:\project\baratheon-winnie\baratheon\Hardware.c"
 16446  0047  0AB3                           INCF TMR_ON+1, F ;#
 16447                           	line	458
 16448                           # 458 "D:\project\baratheon-winnie\baratheon\Hardware.c"
 16449  0048  1BB3                           BTFSC TMR_ON+1, 7 ;#
 16450                           	line	459
 16451                           # 459 "D:\project\baratheon-winnie\baratheon\Hardware.c"
 16452  0049  28A3                           GOTO ZERO_CHECK_E ; 14 instruction cycle ;#
 16453                           	line	460
 16454                           # 460 "D:\project\baratheon-winnie\baratheon\Hardware.c"
 16455  004A  16D7                           BSF ODR_TRIAC, PIN_TRIAC ; RA5=1, trig on ;#
 16456                           	line	461
 16457                           # 461 "D:\project\baratheon-winnie\baratheon\Hardware.c"
 16458  004B  28A3                           GOTO ZERO_CHECK_E ; 16 instruction cycle ;#
 16459                           	line	462
 16460                           # 462 "D:\project\baratheon-winnie\baratheon\Hardware.c"
 16461  004C                                 ZERO_EDGE: ;#
 16462                           	line	463
 16463                           # 463 "D:\project\baratheon-winnie\baratheon\Hardware.c"
 16464  004C  01B1                           CLRF TMR_OFF+1 ;#
 16465                           	line	464
 16466                           # 464 "D:\project\baratheon-winnie\baratheon\Hardware.c"
 16467  004D  0838                           MOVF AC_CYCLE_2, W ; ;#
 16468                           	line	465
 16469                           # 465 "D:\project\baratheon-winnie\baratheon\Hardware.c"
 16470  004E  1903                           BTFSC STATUS, Z ; Z=0,skip, !acCycleHalf ;#
 16471                           	line	466
 16472                           # 466 "D:\project\baratheon-winnie\baratheon\Hardware.c"
 16473  004F  287B                           GOTO ZERO_CYCLE ; 9 ;#
 16474                           	line	467
 16475                           # 467 "D:\project\baratheon-winnie\baratheon\Hardware.c"
 16476  0050  3EFD                           ADDLW 256-3 ; ;#
 16477                           	line	468
 16478                           # 468 "D:\project\baratheon-winnie\baratheon\Hardware.c"
 16479  0051  00DC                           MOVWF TM_TST0 ; TM_TST0=acCycleHalf+253 ;#
 16480                           	line	469
 16481                           # 469 "D:\project\baratheon-winnie\baratheon\Hardware.c"
 16482  0052  3E0A                           ADDLW 10 ;#
 16483                           	line	470
 16484                           # 470 "D:\project\baratheon-winnie\baratheon\Hardware.c"
 16485  0053  00DD                           MOVWF TM_TST1 ; TM_TST1=acCycleHalf+263 ;#
 16486                           	line	471
 16487                           # 471 "D:\project\baratheon-winnie\baratheon\Hardware.c"
 16488  0054  3028                           MOVLW 40 ;#
 16489                           	line	472
 16490                           # 472 "D:\project\baratheon-winnie\baratheon\Hardware.c"
 16491  0055  022E                           SUBWF TM_TRIAC, W ; ;#
 16492                           	line	473
 16493                           # 473 "D:\project\baratheon-winnie\baratheon\Hardware.c"
 16494  0056  3000                           MOVLW 0 ;#
 16495                           	line	474
 16496                           # 474 "D:\project\baratheon-winnie\baratheon\Hardware.c"
 16497  0057  3B2F                           SUBWFB TM_TRIAC+1, W ; u16 tmTriac, high byte= 0 ;#
 16498                           	line	475
 16499                           # 475 "D:\project\baratheon-winnie\baratheon\Hardware.c"
 16500  0058  1C03                           BTFSS STATUS, C ;#
 16501                           	line	476
 16502                           # 476 "D:\project\baratheon-winnie\baratheon\Hardware.c"
 16503  0059  287B                           GOTO ZERO_CYCLE ; 19 ;#
 16504                           	line	477
 16505                           # 477 "D:\project\baratheon-winnie\baratheon\Hardware.c"
 16506  005A  082A                           MOVF AC_CYCLE, W ;#
 16507                           	line	478
 16508                           # 478 "D:\project\baratheon-winnie\baratheon\Hardware.c"
 16509  005B  022E                           SUBWF TM_TRIAC, W ; AC_CYCLE-TM_TRIAC, trig off for safe ;#
 16510                           	line	479
 16511                           # 479 "D:\project\baratheon-winnie\baratheon\Hardware.c"
 16512  005C  00B2                           MOVWF TMR_ON ;#
 16513                           	line	480
 16514                           # 480 "D:\project\baratheon-winnie\baratheon\Hardware.c"
 16515  005D  082B                           MOVF AC_CYCLE+1, W ;#
 16516                           	line	481
 16517                           # 481 "D:\project\baratheon-winnie\baratheon\Hardware.c"
 16518  005E  3B2F                           SUBWFB TM_TRIAC+1, W ;#
 16519                           	line	482
 16520                           # 482 "D:\project\baratheon-winnie\baratheon\Hardware.c"
 16521  005F  00B3                           MOVWF TMR_ON+1 ;#
 16522                           	line	483
 16523                           # 483 "D:\project\baratheon-winnie\baratheon\Hardware.c"
 16524  0060  30FF                           MOVLW 255 ;#
 16525                           	line	484
 16526                           # 484 "D:\project\baratheon-winnie\baratheon\Hardware.c"
 16527  0061  1803                           BTFSC STATUS, C ;#
 16528                           	line	485
 16529                           # 485 "D:\project\baratheon-winnie\baratheon\Hardware.c"
 16530  0062  00B2                           MOVWF TMR_ON ;#
 16531                           	line	486
 16532                           # 486 "D:\project\baratheon-winnie\baratheon\Hardware.c"
 16533  0063  1803                           BTFSC STATUS, C ;#
 16534                           	line	487
 16535                           # 487 "D:\project\baratheon-winnie\baratheon\Hardware.c"
 16536  0064  00B3                           MOVWF TMR_ON+1 ;#
 16537                           	line	488
 16538                           # 488 "D:\project\baratheon-winnie\baratheon\Hardware.c"
 16539  0065  082A                           MOVF AC_CYCLE, W ;#
 16540                           	line	489
 16541                           # 489 "D:\project\baratheon-winnie\baratheon\Hardware.c"
 16542  0066  3C24                           SUBLW 36 ;#
 16543                           	line	490
 16544                           # 490 "D:\project\baratheon-winnie\baratheon\Hardware.c"
 16545  0067  0084                           MOVWF FSR0L ;#
 16546                           	line	491
 16547                           # 491 "D:\project\baratheon-winnie\baratheon\Hardware.c"
 16548  0068  082B                           MOVF AC_CYCLE+1, W ;#
 16549                           	line	492
 16550                           # 492 "D:\project\baratheon-winnie\baratheon\Hardware.c"
 16551  0069  3B31                           SUBWFB TMR_OFF+1, W ;#
 16552                           	line	493
 16553                           # 493 "D:\project\baratheon-winnie\baratheon\Hardware.c"
 16554  006A  0085                           MOVWF FSR0H ;#
 16555                           	line	494
 16556                           # 494 "D:\project\baratheon-winnie\baratheon\Hardware.c"
 16557  006B  3005                           MOVLW 5 ;98 ;#
 16558                           	line	495
 16559                           # 495 "D:\project\baratheon-winnie\baratheon\Hardware.c"
 16560  006C  0232                           SUBWF TMR_ON, W ;#
 16561                           	line	496
 16562                           # 496 "D:\project\baratheon-winnie\baratheon\Hardware.c"
 16563  006D  00B0                           MOVWF TMR_OFF ;#
 16564                           	line	497
 16565                           # 497 "D:\project\baratheon-winnie\baratheon\Hardware.c"
 16566  006E  3000                           MOVLW 0 ;#
 16567                           	line	498
 16568                           # 498 "D:\project\baratheon-winnie\baratheon\Hardware.c"
 16569  006F  3B33                           SUBWFB TMR_ON+1, W ;#
 16570                           	line	499
 16571                           # 499 "D:\project\baratheon-winnie\baratheon\Hardware.c"
 16572  0070  00B1                           MOVWF TMR_OFF+1 ;#
 16573                           	line	500
 16574                           # 500 "D:\project\baratheon-winnie\baratheon\Hardware.c"
 16575  0071  0804                           MOVF FSR0L, W ;#
 16576                           	line	501
 16577                           # 501 "D:\project\baratheon-winnie\baratheon\Hardware.c"
 16578  0072  0230                           SUBWF TMR_OFF, W ;#
 16579                           	line	502
 16580                           # 502 "D:\project\baratheon-winnie\baratheon\Hardware.c"
 16581  0073  0805                           MOVF FSR0H, W ;#
 16582                           	line	503
 16583                           # 503 "D:\project\baratheon-winnie\baratheon\Hardware.c"
 16584  0074  3B31                           SUBWFB TMR_OFF+1, W ;#
 16585                           	line	504
 16586                           # 504 "D:\project\baratheon-winnie\baratheon\Hardware.c"
 16587  0075  1803                           BTFSC STATUS, C ;#
 16588                           	line	505
 16589                           # 505 "D:\project\baratheon-winnie\baratheon\Hardware.c"
 16590  0076  287B                           GOTO ZERO_CYCLE ; 48 ;#
 16591                           	line	506
 16592                           # 506 "D:\project\baratheon-winnie\baratheon\Hardware.c"
 16593  0077  0804                           MOVF FSR0L, W ;#
 16594                           	line	507
 16595                           # 507 "D:\project\baratheon-winnie\baratheon\Hardware.c"
 16596  0078  00B0                           MOVWF TMR_OFF ;#
 16597                           	line	508
 16598                           # 508 "D:\project\baratheon-winnie\baratheon\Hardware.c"
 16599  0079  0805                           MOVF FSR0H, W ;#
 16600                           	line	509
 16601                           # 509 "D:\project\baratheon-winnie\baratheon\Hardware.c"
 16602  007A  00B1                           MOVWF TMR_OFF+1 ; 51 instruction cycle ;#
 16603                           	line	510
 16604                           # 510 "D:\project\baratheon-winnie\baratheon\Hardware.c"
 16605  007B                                 ZERO_CYCLE: ;#
 16606                           	line	511
 16607                           # 511 "D:\project\baratheon-winnie\baratheon\Hardware.c"
 16608  007B  1E45                           BTFSS AC_SCAN, nRISE ; rise 0->1 ;#
 16609                           	line	512
 16610                           # 512 "D:\project\baratheon-winnie\baratheon\Hardware.c"
 16611  007C  28A3                           GOTO ZERO_CHECK_E ;#
 16612                           	line	513
 16613                           # 513 "D:\project\baratheon-winnie\baratheon\Hardware.c"
 16614  007D  1437                           BSF AC_FLAG, 0 ;#
 16615                           	line	514
 16616                           # 514 "D:\project\baratheon-winnie\baratheon\Hardware.c"
 16617  007E  3535                           LSLF AC_INDEX, W ;#
 16618                           	line	515
 16619                           # 515 "D:\project\baratheon-winnie\baratheon\Hardware.c"
 16620  007F  390E                           ANDLW 7*2 ; 0111<<1=1110 ;#
 16621                           	line	516
 16622                           # 516 "D:\project\baratheon-winnie\baratheon\Hardware.c"
 16623  0080  3E60                           ADDLW AC_TIME_PL ;#
 16624                           	line	517
 16625                           # 517 "D:\project\baratheon-winnie\baratheon\Hardware.c"
 16626  0081  0084                           MOVWF FSR0L ;#
 16627                           	line	518
 16628                           # 518 "D:\project\baratheon-winnie\baratheon\Hardware.c"
 16629  0082  3003                           MOVLW AC_TIME_PH ;#
 16630                           	line	519
 16631                           # 519 "D:\project\baratheon-winnie\baratheon\Hardware.c"
 16632  0083  0085                           MOVWF FSR0H ;#
 16633                           	line	520
 16634                           # 520 "D:\project\baratheon-winnie\baratheon\Hardware.c"
 16635  0084  082C                           MOVF SYS_TIMER, W ;#
 16636                           	line	521
 16637                           # 521 "D:\project\baratheon-winnie\baratheon\Hardware.c"
 16638  0085  001A                           MOVWI FSR0++ ;#
 16639                           	line	522
 16640                           # 522 "D:\project\baratheon-winnie\baratheon\Hardware.c"
 16641  0086  082D                           MOVF SYS_TIMER+1,W ;#
 16642                           	line	523
 16643                           # 523 "D:\project\baratheon-winnie\baratheon\Hardware.c"
 16644  0087  001A                           MOVWI FSR0++ ;#
 16645                           	line	524
 16646                           # 524 "D:\project\baratheon-winnie\baratheon\Hardware.c"
 16647  0088  0AB5                           INCF AC_INDEX, F ;#
 16648                           	line	525
 16649                           # 525 "D:\project\baratheon-winnie\baratheon\Hardware.c"
 16650  0089  0AB4                           INCF AC_EVENT, F ;#
 16651                           	line	526
 16652                           # 526 "D:\project\baratheon-winnie\baratheon\Hardware.c"
 16653  008A  01B6                           CLRF AC_WATCH ;#
 16654                           	line	527
 16655                           # 527 "D:\project\baratheon-winnie\baratheon\Hardware.c"
 16656  008B  0824                           MOVF AD_CUR_2B, W ;#
 16657                           	line	528
 16658                           # 528 "D:\project\baratheon-winnie\baratheon\Hardware.c"
 16659  008C  00A0                           MOVWF AD_CUR_2 ;#
 16660                           	line	529
 16661                           # 529 "D:\project\baratheon-winnie\baratheon\Hardware.c"
 16662  008D  0825                           MOVF AD_CUR_2B+1,W ;#
 16663                           	line	530
 16664                           # 530 "D:\project\baratheon-winnie\baratheon\Hardware.c"
 16665  008E  00A1                           MOVWF AD_CUR_2+1 ;#
 16666                           	line	531
 16667                           # 531 "D:\project\baratheon-winnie\baratheon\Hardware.c"
 16668  008F  0826                           MOVF AD_CUR_2B+2,W ;#
 16669                           	line	532
 16670                           # 532 "D:\project\baratheon-winnie\baratheon\Hardware.c"
 16671  0090  00A2                           MOVWF AD_CUR_2+2 ;#
 16672                           	line	533
 16673                           # 533 "D:\project\baratheon-winnie\baratheon\Hardware.c"
 16674  0091  0827                           MOVF AD_CUR_2B+3,W ;#
 16675                           	line	534
 16676                           # 534 "D:\project\baratheon-winnie\baratheon\Hardware.c"
 16677  0092  00A3                           MOVWF AD_CUR_2+3 ;#
 16678                           	line	535
 16679                           # 535 "D:\project\baratheon-winnie\baratheon\Hardware.c"
 16680  0093  083A                           MOVF AD_CUR_NB, W ;#
 16681                           	line	536
 16682                           # 536 "D:\project\baratheon-winnie\baratheon\Hardware.c"
 16683  0094  00B9                           MOVWF AD_CUR_N ;#
 16684                           	line	537
 16685                           # 537 "D:\project\baratheon-winnie\baratheon\Hardware.c"
 16686  0095  01A4                           CLRF AD_CUR_2B ;#
 16687                           	line	538
 16688                           # 538 "D:\project\baratheon-winnie\baratheon\Hardware.c"
 16689  0096  01A5                           CLRF AD_CUR_2B+1 ;#
 16690                           	line	539
 16691                           # 539 "D:\project\baratheon-winnie\baratheon\Hardware.c"
 16692  0097  01A6                           CLRF AD_CUR_2B+2 ;#
 16693                           	line	540
 16694                           # 540 "D:\project\baratheon-winnie\baratheon\Hardware.c"
 16695  0098  01A7                           CLRF AD_CUR_2B+3 ;#
 16696                           	line	541
 16697                           # 541 "D:\project\baratheon-winnie\baratheon\Hardware.c"
 16698  0099  01BA                           CLRF AD_CUR_NB ;#
 16699                           	line	542
 16700                           # 542 "D:\project\baratheon-winnie\baratheon\Hardware.c"
 16701  009A  0838                           MOVF AC_CYCLE_2, W ;#
 16702                           	line	543
 16703                           # 543 "D:\project\baratheon-winnie\baratheon\Hardware.c"
 16704  009B  1903                           BTFSC STATUS, Z ;#
 16705                           	line	544
 16706                           # 544 "D:\project\baratheon-winnie\baratheon\Hardware.c"
 16707  009C  28A3                           GOTO ZERO_CHECK_E ;#
 16708                           	line	545
 16709                           # 545 "D:\project\baratheon-winnie\baratheon\Hardware.c"
 16710  009D  3E02                           ADDLW 2 ;#
 16711                           	line	546
 16712                           # 546 "D:\project\baratheon-winnie\baratheon\Hardware.c"
 16713  009E  00DA                           MOVWF TAD_VAC ;#
 16714                           	line	551
 16715                           # 551 "D:\project\baratheon-winnie\baratheon\Hardware.c"
 16716  009F  3E01                                                                           ADDLW 1 ;#
 16717                           	line	553
 16718                           # 553 "D:\project\baratheon-winnie\baratheon\Hardware.c"
 16719  00A0  00DB                                       MOVWF TAD_VRS ;#
 16720                           	line	554
 16721                           # 554 "D:\project\baratheon-winnie\baratheon\Hardware.c"
 16722  00A1  3E02                           ADDLW 2 ;#
 16723                           	line	555
 16724                           # 555 "D:\project\baratheon-winnie\baratheon\Hardware.c"
 16725  00A2  00D9                           MOVWF TAD_NTC ;#
 16726                           	line	556
 16727                           # 556 "D:\project\baratheon-winnie\baratheon\Hardware.c"
 16728  00A3                                 ZERO_CHECK_E: ;#
 16729                           	line	557
 16730                           # 557 "D:\project\baratheon-winnie\baratheon\Hardware.c"
 16731                                       ;++++++++++++++++++++++++++++++++++++++++++++++ ;#
 16732                           	line	558
 16733                           # 558 "D:\project\baratheon-winnie\baratheon\Hardware.c"
 16734  00A3  082C                           MOVF SYS_TIMER, W ;#
 16735                           	line	559
 16736                           # 559 "D:\project\baratheon-winnie\baratheon\Hardware.c"
 16737  00A4  0FAC                           INCFSZ SYS_TIMER, F ; ;#
 16738                           	line	560
 16739                           # 560 "D:\project\baratheon-winnie\baratheon\Hardware.c"
 16740  00A5  28A7                           GOTO $+2 ;#
 16741                           	line	561
 16742                           # 561 "D:\project\baratheon-winnie\baratheon\Hardware.c"
 16743  00A6  0AAD                           INCF SYS_TIMER+1,F ; ;#
 16744                           	line	562
 16745                           # 562 "D:\project\baratheon-winnie\baratheon\Hardware.c"
 16746  00A7  3903                           ANDLW 3 ;#
 16747                           	line	563
 16748                           # 563 "D:\project\baratheon-winnie\baratheon\Hardware.c"
 16749  00A8  000B                           BRW ;#
 16750                           	line	564
 16751                           # 564 "D:\project\baratheon-winnie\baratheon\Hardware.c"
 16752  00A9  28AD                           GOTO ISR_BRCH_0 ; 9 ;#
 16753                           	line	565
 16754                           # 565 "D:\project\baratheon-winnie\baratheon\Hardware.c"
 16755  00AA  28E1                           GOTO ISR_BRCH_1 ; 9 ;#
 16756                           	line	566
 16757                           # 566 "D:\project\baratheon-winnie\baratheon\Hardware.c"
 16758  00AB  290E                           GOTO ISR_BRCH_2 ; 9 ;#
 16759                           	line	567
 16760                           # 567 "D:\project\baratheon-winnie\baratheon\Hardware.c"
 16761  00AC  2926                           GOTO ISR_BRCH_3 ; 9 ;#
 16762                           	line	568
 16763                           # 568 "D:\project\baratheon-winnie\baratheon\Hardware.c"
 16764                                       ;++++++++++++++++++++++++++++++++++++++++++++++ ;#
 16765                           	line	569
 16766                           # 569 "D:\project\baratheon-winnie\baratheon\Hardware.c"
 16767  00AD                                 ISR_BRCH_0: ;#
 16768                           	line	570
 16769                           # 570 "D:\project\baratheon-winnie\baratheon\Hardware.c"
 16770  00AD                                 UART_TX_PRO: ;#
 16771                           	line	571
 16772                           # 571 "D:\project\baratheon-winnie\baratheon\Hardware.c"
 16773  00AD  0023                           MOVLB 3 ;#
 16774                           	line	572
 16775                           # 572 "D:\project\baratheon-winnie\baratheon\Hardware.c"
 16776  00AE  1FA6                           BTFSS TX_TIM, 7 ;#
 16777                           	line	573
 16778                           # 573 "D:\project\baratheon-winnie\baratheon\Hardware.c"
 16779  00AF  0AA6                           INCF TX_TIM, F ;#
 16780                           	line	574
 16781                           # 574 "D:\project\baratheon-winnie\baratheon\Hardware.c"
 16782  00B0  0824                           MOVF TX_CNT, W ;#
 16783                           	line	575
 16784                           # 575 "D:\project\baratheon-winnie\baratheon\Hardware.c"
 16785  00B1  1903                           BTFSC STATUS, Z ;#
 16786                           	line	576
 16787                           # 576 "D:\project\baratheon-winnie\baratheon\Hardware.c"
 16788  00B2  28C2                           GOTO UART_TX_PRO_E ; 7 ;#
 16789                           	line	577
 16790                           # 577 "D:\project\baratheon-winnie\baratheon\Hardware.c"
 16791  00B3  300C                           MOVLW 12 ;#
 16792                           	line	578
 16793                           # 578 "D:\project\baratheon-winnie\baratheon\Hardware.c"
 16794  00B4  0226                           SUBWF TX_TIM, W ;#
 16795                           	line	579
 16796                           # 579 "D:\project\baratheon-winnie\baratheon\Hardware.c"
 16797  00B5  1C03                           BTFSS STATUS, C ;#
 16798                           	line	580
 16799                           # 580 "D:\project\baratheon-winnie\baratheon\Hardware.c"
 16800  00B6  28C2                           GOTO UART_TX_PRO_E ; 11 ;#
 16801                           	line	581
 16802                           # 581 "D:\project\baratheon-winnie\baratheon\Hardware.c"
 16803  00B7  01A6                           CLRF TX_TIM ;#
 16804                           	line	582
 16805                           # 582 "D:\project\baratheon-winnie\baratheon\Hardware.c"
 16806  00B8  0825                           MOVF TX_RDP, W ;#
 16807                           	line	583
 16808                           # 583 "D:\project\baratheon-winnie\baratheon\Hardware.c"
 16809  00B9  391F                           ANDLW 31 ; 0001 1111 ;#
 16810                           	line	584
 16811                           # 584 "D:\project\baratheon-winnie\baratheon\Hardware.c"
 16812  00BA  3EA0                           ADDLW TX_FIFO_PL ;#
 16813                           	line	585
 16814                           # 585 "D:\project\baratheon-winnie\baratheon\Hardware.c"
 16815  00BB  0084                           MOVWF FSR0L ;#
 16816                           	line	586
 16817                           # 586 "D:\project\baratheon-winnie\baratheon\Hardware.c"
 16818  00BC  3003                           MOVLW TX_FIFO_PH ;#
 16819                           	line	587
 16820                           # 587 "D:\project\baratheon-winnie\baratheon\Hardware.c"
 16821  00BD  0085                           MOVWF FSR0H ;#
 16822                           	line	588
 16823                           # 588 "D:\project\baratheon-winnie\baratheon\Hardware.c"
 16824  00BE  3F00                           MOVIW [0]FSR0 ;#
 16825                           	line	589
 16826                           # 589 "D:\project\baratheon-winnie\baratheon\Hardware.c"
 16827  00BF  009A                           MOVWF TXREG ;#
 16828                           	line	590
 16829                           # 590 "D:\project\baratheon-winnie\baratheon\Hardware.c"
 16830  00C0  0AA5                           INCF TX_RDP, F ;#
 16831                           	line	591
 16832                           # 591 "D:\project\baratheon-winnie\baratheon\Hardware.c"
 16833  00C1  03A4                           DECF TX_CNT, F ; 21 ;#
 16834                           	line	592
 16835                           # 592 "D:\project\baratheon-winnie\baratheon\Hardware.c"
 16836  00C2                                 UART_TX_PRO_E: ;#
 16837                           	line	593
 16838                           # 593 "D:\project\baratheon-winnie\baratheon\Hardware.c"
 16839  00C2  0021                           MOVLB 1 ;#
 16840                           	line	594
 16841                           # 594 "D:\project\baratheon-winnie\baratheon\Hardware.c"
 16842  00C3  0AC6                           INCF SYS_TICKS, F ;#
 16843                           	line	595
 16844                           # 595 "D:\project\baratheon-winnie\baratheon\Hardware.c"
 16845  00C4  1C58                           BTFSS EN_ADC, 0 ;#
 16846                           	line	596
 16847                           # 596 "D:\project\baratheon-winnie\baratheon\Hardware.c"
 16848  00C5  28D7                           GOTO AD_VAC_START ;#
 16849                           	line	597
 16850                           # 597 "D:\project\baratheon-winnie\baratheon\Hardware.c"
 16851  00C6                                 AD_CUR_READ: ;#
 16852                           	line	598
 16853                           # 598 "D:\project\baratheon-winnie\baratheon\Hardware.c"
 16854  00C6  189D                           BTFSC ADCON0, 1 ; ;#
 16855                           	line	599
 16856                           # 599 "D:\project\baratheon-winnie\baratheon\Hardware.c"
 16857  00C7  28C6                           GOTO $-1 ; ;#
 16858                           	line	600
 16859                           # 600 "D:\project\baratheon-winnie\baratheon\Hardware.c"
 16860  00C8  091B                           COMF ADRESL, W ; ;#
 16861                           	line	601
 16862                           # 601 "D:\project\baratheon-winnie\baratheon\Hardware.c"
 16863  00C9  0084                           MOVWF FSR0L ; ;#
 16864                           	line	602
 16865                           # 602 "D:\project\baratheon-winnie\baratheon\Hardware.c"
 16866  00CA  309E                           MOVLW HIGH _SQ8 | 0X80 ; ;#
 16867                           	line	603
 16868                           # 603 "D:\project\baratheon-winnie\baratheon\Hardware.c"
 16869  00CB  0085                           MOVWF FSR0H ;#
 16870                           	line	604
 16871                           # 604 "D:\project\baratheon-winnie\baratheon\Hardware.c"
 16872  00CC  3584                           LSLF FSR0L, F ;#
 16873                           	line	605
 16874                           # 605 "D:\project\baratheon-winnie\baratheon\Hardware.c"
 16875  00CD  1803                           BTFSC STATUS, C ;#
 16876                           	line	606
 16877                           # 606 "D:\project\baratheon-winnie\baratheon\Hardware.c"
 16878  00CE  0A85                           INCF FSR0H, F ;#
 16879                           	line	607
 16880                           # 607 "D:\project\baratheon-winnie\baratheon\Hardware.c"
 16881  00CF  0012                           MOVIW FSR0++ ;#
 16882                           	line	608
 16883                           # 608 "D:\project\baratheon-winnie\baratheon\Hardware.c"
 16884  00D0  07A4                           ADDWF AD_CUR_2B, F ;#
 16885                           	line	609
 16886                           # 609 "D:\project\baratheon-winnie\baratheon\Hardware.c"
 16887  00D1  0012                           MOVIW FSR0++ ;#
 16888                           	line	610
 16889                           # 610 "D:\project\baratheon-winnie\baratheon\Hardware.c"
 16890  00D2  3DA5                           ADDWFC AD_CUR_2B+1,F ;#
 16891                           	line	611
 16892                           # 611 "D:\project\baratheon-winnie\baratheon\Hardware.c"
 16893  00D3  0100                           CLRW ;#
 16894                           	line	612
 16895                           # 612 "D:\project\baratheon-winnie\baratheon\Hardware.c"
 16896  00D4  3DA6                           ADDWFC AD_CUR_2B+2,F ;#
 16897                           	line	613
 16898                           # 613 "D:\project\baratheon-winnie\baratheon\Hardware.c"
 16899  00D5  3DA7                           ADDWFC AD_CUR_2B+3,F ;#
 16900                           	line	614
 16901                           # 614 "D:\project\baratheon-winnie\baratheon\Hardware.c"
 16902  00D6  0ABA                           INCF AD_CUR_NB, F ; ;#
 16903                           	line	615
 16904                           # 615 "D:\project\baratheon-winnie\baratheon\Hardware.c"
 16905  00D7                                 AD_VAC_START: ;#
 16906                           	line	616
 16907                           # 616 "D:\project\baratheon-winnie\baratheon\Hardware.c"
 16908  00D7  01D8                           CLRF EN_ADC ;#
 16909                           	line	617
 16910                           # 617 "D:\project\baratheon-winnie\baratheon\Hardware.c"
 16911  00D8  1FDA                           BTFSS TAD_VAC, 7 ;#
 16912                           	line	618
 16913                           # 618 "D:\project\baratheon-winnie\baratheon\Hardware.c"
 16914  00D9  0BDA                           DECFSZ TAD_VAC, F ;#
 16915                           	line	619
 16916                           # 619 "D:\project\baratheon-winnie\baratheon\Hardware.c"
 16917  00DA  0009                           RETFIE ;#
 16918                           	line	620
 16919                           # 620 "D:\project\baratheon-winnie\baratheon\Hardware.c"
 16920  00DB  3015                           MOVLW 5*4+1 ; ;#
 16921                           	line	621
 16922                           # 621 "D:\project\baratheon-winnie\baratheon\Hardware.c"
 16923  00DC  009D                           MOVWF ADCON0 ;#
 16924                           	line	622
 16925                           # 622 "D:\project\baratheon-winnie\baratheon\Hardware.c"
 16926  00DD  3020                           MOVLW 0X20 ; left adjustied ;#
 16927                           	line	623
 16928                           # 623 "D:\project\baratheon-winnie\baratheon\Hardware.c"
 16929  00DE  009E                           MOVWF ADCON1 ;#
 16930                           	line	624
 16931                           # 624 "D:\project\baratheon-winnie\baratheon\Hardware.c"
 16932  00DF  1458                           BSF EN_ADC, 0 ;#
 16933                           	line	625
 16934                           # 625 "D:\project\baratheon-winnie\baratheon\Hardware.c"
 16935  00E0  0009                           RETFIE ;#
 16936                           	line	626
 16937                           # 626 "D:\project\baratheon-winnie\baratheon\Hardware.c"
 16938                                       ;++++++++++++++++++++++++++++++++++++++++++++++ ;#
 16939                           	line	627
 16940                           # 627 "D:\project\baratheon-winnie\baratheon\Hardware.c"
 16941  00E1                                 ISR_BRCH_1: ;#
 16942                           	line	628
 16943                           # 628 "D:\project\baratheon-winnie\baratheon\Hardware.c"
 16944  00E1                                 UART_RX_PRO: ;#
 16945                           	line	629
 16946                           # 629 "D:\project\baratheon-winnie\baratheon\Hardware.c"
 16947  00E1  0023                           MOVLB 3 ;#
 16948                           	line	630
 16949                           # 630 "D:\project\baratheon-winnie\baratheon\Hardware.c"
 16950  00E2  1FA2                           BTFSS RX_TIM, 7 ;#
 16951                           	line	631
 16952                           # 631 "D:\project\baratheon-winnie\baratheon\Hardware.c"
 16953  00E3  0AA2                           INCF RX_TIM, F ;#
 16954                           	line	632
 16955                           # 632 "D:\project\baratheon-winnie\baratheon\Hardware.c"
 16956  00E4  0020                           MOVLB 0 ;#
 16957                           	line	633
 16958                           # 633 "D:\project\baratheon-winnie\baratheon\Hardware.c"
 16959  00E5  1E91                           BTFSS PIR1, RCIF ;#
 16960                           	line	634
 16961                           # 634 "D:\project\baratheon-winnie\baratheon\Hardware.c"
 16962  00E6  28FA                           GOTO UART_RX_PRO_E ; 11 ;#
 16963                           	line	635
 16964                           # 635 "D:\project\baratheon-winnie\baratheon\Hardware.c"
 16965  00E7  0023                           MOVLB 3 ;#
 16966                           	line	636
 16967                           # 636 "D:\project\baratheon-winnie\baratheon\Hardware.c"
 16968  00E8  01A2                           CLRF RX_TIM ;#
 16969                           	line	637
 16970                           # 637 "D:\project\baratheon-winnie\baratheon\Hardware.c"
 16971  00E9  0819                           MOVF RCREG, W ;#
 16972                           	line	638
 16973                           # 638 "D:\project\baratheon-winnie\baratheon\Hardware.c"
 16974  00EA  0085                           MOVWF FSR0H ;#
 16975                           	line	639
 16976                           # 639 "D:\project\baratheon-winnie\baratheon\Hardware.c"
 16977  00EB  3020                           MOVLW 32 ;#
 16978                           	line	640
 16979                           # 640 "D:\project\baratheon-winnie\baratheon\Hardware.c"
 16980  00EC  0220                           SUBWF RX_CNT, W ;#
 16981                           	line	641
 16982                           # 641 "D:\project\baratheon-winnie\baratheon\Hardware.c"
 16983  00ED  1C03                           BTFSS STATUS, C ;#
 16984                           	line	642
 16985                           # 642 "D:\project\baratheon-winnie\baratheon\Hardware.c"
 16986  00EE  28FA                           GOTO UART_RX_PRO_E ; 19 ;#
 16987                           	line	643
 16988                           # 643 "D:\project\baratheon-winnie\baratheon\Hardware.c"
 16989  00EF  0823                           MOVF RX_WRP, W ;#
 16990                           	line	644
 16991                           # 644 "D:\project\baratheon-winnie\baratheon\Hardware.c"
 16992  00F0  391F                           ANDLW 31 ;#
 16993                           	line	645
 16994                           # 645 "D:\project\baratheon-winnie\baratheon\Hardware.c"
 16995  00F1  3EC0                           ADDLW RX_FIFO_PL ;#
 16996                           	line	646
 16997                           # 646 "D:\project\baratheon-winnie\baratheon\Hardware.c"
 16998  00F2  0084                           MOVWF FSR0L ;#
 16999                           	line	647
 17000                           # 647 "D:\project\baratheon-winnie\baratheon\Hardware.c"
 17001  00F3  3003                           MOVLW RX_FIFO_PH ;#
 17002                           	line	648
 17003                           # 648 "D:\project\baratheon-winnie\baratheon\Hardware.c"
 17004  00F4  0605                           XORWF FSR0H, W ;#
 17005                           	line	649
 17006                           # 649 "D:\project\baratheon-winnie\baratheon\Hardware.c"
 17007  00F5  0685                           XORWF FSR0H, F ;#
 17008                           	line	650
 17009                           # 650 "D:\project\baratheon-winnie\baratheon\Hardware.c"
 17010  00F6  0605                           XORWF FSR0H, W ;#
 17011                           	line	651
 17012                           # 651 "D:\project\baratheon-winnie\baratheon\Hardware.c"
 17013  00F7  3F80                           MOVWI [0]FSR0 ;#
 17014                           	line	652
 17015                           # 652 "D:\project\baratheon-winnie\baratheon\Hardware.c"
 17016  00F8  0AA3                           INCF RX_WRP, F ;#
 17017                           	line	653
 17018                           # 653 "D:\project\baratheon-winnie\baratheon\Hardware.c"
 17019  00F9  0AA0                           INCF RX_CNT, F ;#
 17020                           	line	654
 17021                           # 654 "D:\project\baratheon-winnie\baratheon\Hardware.c"
 17022  00FA                                 UART_RX_PRO_E: ;#
 17023                           	line	655
 17024                           # 655 "D:\project\baratheon-winnie\baratheon\Hardware.c"
 17025  00FA  0021                           MOVLB 1 ;#
 17026                           	line	656
 17027                           # 656 "D:\project\baratheon-winnie\baratheon\Hardware.c"
 17028  00FB  1C58                           BTFSS EN_ADC, 0 ;#
 17029                           	line	657
 17030                           # 657 "D:\project\baratheon-winnie\baratheon\Hardware.c"
 17031  00FC  2904                           GOTO AD_VRS_START ;#
 17032                           	line	658
 17033                           # 658 "D:\project\baratheon-winnie\baratheon\Hardware.c"
 17034  00FD                                 AD_VAC_READ: ;#
 17035                           	line	659
 17036                           # 659 "D:\project\baratheon-winnie\baratheon\Hardware.c"
 17037  00FD  189D                           BTFSC ADCON0, 1 ;#
 17038                           	line	660
 17039                           # 660 "D:\project\baratheon-winnie\baratheon\Hardware.c"
 17040  00FE  28FD                           GOTO $-1 ; ? ;#
 17041                           	line	661
 17042                           # 661 "D:\project\baratheon-winnie\baratheon\Hardware.c"
 17043  00FF  081C                           MOVF ADRESH, W ; zero across, left, ad High ;#
 17044                           	line	662
 17045                           # 662 "D:\project\baratheon-winnie\baratheon\Hardware.c"
 17046  0100  3C80                           SUBLW 128 ;#
 17047                           	line	663
 17048                           # 663 "D:\project\baratheon-winnie\baratheon\Hardware.c"
 17049  0101  1C03                           BTFSS STATUS, C ;#
 17050                           	line	664
 17051                           # 664 "D:\project\baratheon-winnie\baratheon\Hardware.c"
 17052  0102  3C00                           SUBLW 0 ;#
 17053                           	line	665
 17054                           # 665 "D:\project\baratheon-winnie\baratheon\Hardware.c"
 17055  0103  00BC                           MOVWF AD_VAC ;#
 17056                           	line	666
 17057                           # 666 "D:\project\baratheon-winnie\baratheon\Hardware.c"
 17058  0104                                 AD_VRS_START: ;#
 17059                           	line	667
 17060                           # 667 "D:\project\baratheon-winnie\baratheon\Hardware.c"
 17061  0104  01D8                           CLRF EN_ADC ;#
 17062                           	line	668
 17063                           # 668 "D:\project\baratheon-winnie\baratheon\Hardware.c"
 17064  0105  1FDB                           BTFSS TAD_VRS, 7 ;#
 17065                           	line	669
 17066                           # 669 "D:\project\baratheon-winnie\baratheon\Hardware.c"
 17067  0106  0BDB                           DECFSZ TAD_VRS, F ;#
 17068                           	line	670
 17069                           # 670 "D:\project\baratheon-winnie\baratheon\Hardware.c"
 17070  0107  0009                           RETFIE ;#
 17071                           	line	671
 17072                           # 671 "D:\project\baratheon-winnie\baratheon\Hardware.c"
 17073  0108  3019                           MOVLW 6*4+1 ; AN6, variable resistor, speed ;#
 17074                           	line	672
 17075                           # 672 "D:\project\baratheon-winnie\baratheon\Hardware.c"
 17076  0109  009D                           MOVWF ADCON0 ;#
 17077                           	line	673
 17078                           # 673 "D:\project\baratheon-winnie\baratheon\Hardware.c"
 17079  010A  3020                           MOVLW 0X20 ; left adjustied ;#
 17080                           	line	674
 17081                           # 674 "D:\project\baratheon-winnie\baratheon\Hardware.c"
 17082  010B  009E                           MOVWF ADCON1 ;#
 17083                           	line	675
 17084                           # 675 "D:\project\baratheon-winnie\baratheon\Hardware.c"
 17085  010C  1458                           BSF EN_ADC, 0 ;#
 17086                           	line	676
 17087                           # 676 "D:\project\baratheon-winnie\baratheon\Hardware.c"
 17088  010D  0009                           RETFIE ;#
 17089                           	line	677
 17090                           # 677 "D:\project\baratheon-winnie\baratheon\Hardware.c"
 17091                                       ;++++++++++++++++++++++++++++++++++++++++++++++ ;#
 17092                           	line	678
 17093                           # 678 "D:\project\baratheon-winnie\baratheon\Hardware.c"
 17094  010E                                 ISR_BRCH_2: ;#
 17095                           	line	679
 17096                           # 679 "D:\project\baratheon-winnie\baratheon\Hardware.c"
 17097  010E                                 TST0_PRO: ;#
 17098                           	line	680
 17099                           # 680 "D:\project\baratheon-winnie\baratheon\Hardware.c"
 17100  010E  1FDC                           BTFSS TM_TST0, 7 ; ;#
 17101                           	line	681
 17102                           # 681 "D:\project\baratheon-winnie\baratheon\Hardware.c"
 17103  010F  0BDC                           DECFSZ TM_TST0, F ; TM_TST0<=127 -- ;#
 17104                           	line	682
 17105                           # 682 "D:\project\baratheon-winnie\baratheon\Hardware.c"
 17106  0110  2916                           GOTO TST0_PRO_E ; TM_TST0>127 exit ;#
 17107                           	line	683
 17108                           # 683 "D:\project\baratheon-winnie\baratheon\Hardware.c"
 17109  0111  0844                           MOVF TS_SCAN, W ;#
 17110                           	line	684
 17111                           # 684 "D:\project\baratheon-winnie\baratheon\Hardware.c"
 17112  0112  0645                           XORWF AC_SCAN, W ;#
 17113                           	line	685
 17114                           # 685 "D:\project\baratheon-winnie\baratheon\Hardware.c"
 17115  0113  3A80                           XORLW 0X80 ;#
 17116                           	line	686
 17117                           # 686 "D:\project\baratheon-winnie\baratheon\Hardware.c"
 17118  0114  0D09                           RLF WREG, W ;#
 17119                           	line	687
 17120                           # 687 "D:\project\baratheon-winnie\baratheon\Hardware.c"
 17121  0115  0DBE                           RLF DR_TST0, F ; test "C", rotate 8 times to 0xFF ;#
 17122                           	line	688
 17123                           # 688 "D:\project\baratheon-winnie\baratheon\Hardware.c"
 17124  0116                                 TST0_PRO_E: ;#
 17125                           	line	689
 17126                           # 689 "D:\project\baratheon-winnie\baratheon\Hardware.c"
 17127  0116  1C58                           BTFSS EN_ADC, 0 ;#
 17128                           	line	690
 17129                           # 690 "D:\project\baratheon-winnie\baratheon\Hardware.c"
 17130  0117  291C                           GOTO AD_NTC_START ;#
 17131                           	line	691
 17132                           # 691 "D:\project\baratheon-winnie\baratheon\Hardware.c"
 17133  0118                                 AD_VRS_READ: ;#
 17134                           	line	692
 17135                           # 692 "D:\project\baratheon-winnie\baratheon\Hardware.c"
 17136  0118  189D                           BTFSC ADCON0, 1 ;#
 17137                           	line	693
 17138                           # 693 "D:\project\baratheon-winnie\baratheon\Hardware.c"
 17139  0119  2918                           GOTO $-1 ; ;#
 17140                           	line	694
 17141                           # 694 "D:\project\baratheon-winnie\baratheon\Hardware.c"
 17142  011A  081C                           MOVF ADRESH, W ; variable resistor, ad high, left ;#
 17143                           	line	695
 17144                           # 695 "D:\project\baratheon-winnie\baratheon\Hardware.c"
 17145  011B  00BD                           MOVWF AD_VRS ;#
 17146                           	line	696
 17147                           # 696 "D:\project\baratheon-winnie\baratheon\Hardware.c"
 17148  011C                                 AD_NTC_START: ;#
 17149                           	line	697
 17150                           # 697 "D:\project\baratheon-winnie\baratheon\Hardware.c"
 17151  011C  01D8                           CLRF EN_ADC ;#
 17152                           	line	698
 17153                           # 698 "D:\project\baratheon-winnie\baratheon\Hardware.c"
 17154  011D  1FD9                           BTFSS TAD_NTC, 7 ;#
 17155                           	line	699
 17156                           # 699 "D:\project\baratheon-winnie\baratheon\Hardware.c"
 17157  011E  0BD9                           DECFSZ TAD_NTC, F ;#
 17158                           	line	700
 17159                           # 700 "D:\project\baratheon-winnie\baratheon\Hardware.c"
 17160  011F  0009                           RETFIE ;#
 17161                           	line	701
 17162                           # 701 "D:\project\baratheon-winnie\baratheon\Hardware.c"
 17163  0120  300D                           MOVLW 3*4+1 ; ;#
 17164                           	line	702
 17165                           # 702 "D:\project\baratheon-winnie\baratheon\Hardware.c"
 17166  0121  009D                           MOVWF ADCON0 ;#
 17167                           	line	703
 17168                           # 703 "D:\project\baratheon-winnie\baratheon\Hardware.c"
 17169  0122  3020                           MOVLW 0X20 ;#
 17170                           	line	704
 17171                           # 704 "D:\project\baratheon-winnie\baratheon\Hardware.c"
 17172  0123  009E                           MOVWF ADCON1 ; ;#
 17173                           	line	705
 17174                           # 705 "D:\project\baratheon-winnie\baratheon\Hardware.c"
 17175  0124  1458                           BSF EN_ADC, 0 ;#
 17176                           	line	706
 17177                           # 706 "D:\project\baratheon-winnie\baratheon\Hardware.c"
 17178  0125  0009                           RETFIE ;#
 17179                           	line	707
 17180                           # 707 "D:\project\baratheon-winnie\baratheon\Hardware.c"
 17181                                       ;++++++++++++++++++++++++++++++++++++++++++++++ ;#
 17182                           	line	708
 17183                           # 708 "D:\project\baratheon-winnie\baratheon\Hardware.c"
 17184  0126                                 ISR_BRCH_3: ;#
 17185                           	line	709
 17186                           # 709 "D:\project\baratheon-winnie\baratheon\Hardware.c"
 17187  0126                                 TST1_PRO: ;#
 17188                           	line	710
 17189                           # 710 "D:\project\baratheon-winnie\baratheon\Hardware.c"
 17190  0126  1FDD                           BTFSS TM_TST1, 7 ;#
 17191                           	line	711
 17192                           # 711 "D:\project\baratheon-winnie\baratheon\Hardware.c"
 17193  0127  0BDD                           DECFSZ TM_TST1, F ;#
 17194                           	line	712
 17195                           # 712 "D:\project\baratheon-winnie\baratheon\Hardware.c"
 17196  0128  292E                           GOTO TST1_PRO_E ;#
 17197                           	line	713
 17198                           # 713 "D:\project\baratheon-winnie\baratheon\Hardware.c"
 17199  0129  0844                           MOVF TS_SCAN, W ;#
 17200                           	line	714
 17201                           # 714 "D:\project\baratheon-winnie\baratheon\Hardware.c"
 17202  012A  0645                           XORWF AC_SCAN, W ;#
 17203                           	line	715
 17204                           # 715 "D:\project\baratheon-winnie\baratheon\Hardware.c"
 17205  012B  3A80                           XORLW 0X80 ;#
 17206                           	line	716
 17207                           # 716 "D:\project\baratheon-winnie\baratheon\Hardware.c"
 17208  012C  0D09                           RLF WREG, W ;#
 17209                           	line	717
 17210                           # 717 "D:\project\baratheon-winnie\baratheon\Hardware.c"
 17211  012D  0DBF                           RLF DR_TST1, F ; test "C", rotate 8 times to 0xFF ;#
 17212                           	line	718
 17213                           # 718 "D:\project\baratheon-winnie\baratheon\Hardware.c"
 17214  012E                                 TST1_PRO_E: ;#
 17215                           	line	719
 17216                           # 719 "D:\project\baratheon-winnie\baratheon\Hardware.c"
 17217  012E  1C58                           BTFSS EN_ADC, 0 ;#
 17218                           	line	720
 17219                           # 720 "D:\project\baratheon-winnie\baratheon\Hardware.c"
 17220  012F  2934                           GOTO AD_CUR_START ;#
 17221                           	line	721
 17222                           # 721 "D:\project\baratheon-winnie\baratheon\Hardware.c"
 17223  0130                                 AD_NTC_READ: ;#
 17224                           	line	722
 17225                           # 722 "D:\project\baratheon-winnie\baratheon\Hardware.c"
 17226  0130  189D                           BTFSC ADCON0, 1 ;#
 17227                           	line	723
 17228                           # 723 "D:\project\baratheon-winnie\baratheon\Hardware.c"
 17229  0131  2930                           GOTO $-1 ; ;#
 17230                           	line	724
 17231                           # 724 "D:\project\baratheon-winnie\baratheon\Hardware.c"
 17232  0132  081C                           MOVF ADRESH, W ;#
 17233                           	line	725
 17234                           # 725 "D:\project\baratheon-winnie\baratheon\Hardware.c"
 17235  0133  00BB                           MOVWF AD_NTC ; ;#
 17236                           	line	726
 17237                           # 726 "D:\project\baratheon-winnie\baratheon\Hardware.c"
 17238  0134                                 AD_CUR_START: ;#
 17239                           	line	727
 17240                           # 727 "D:\project\baratheon-winnie\baratheon\Hardware.c"
 17241  0134  3025                           MOVLW 9*4+1 ; ;#
 17242                           	line	728
 17243                           # 728 "D:\project\baratheon-winnie\baratheon\Hardware.c"
 17244  0135  009D                           MOVWF ADCON0 ;#
 17245                           	line	729
 17246                           # 729 "D:\project\baratheon-winnie\baratheon\Hardware.c"
 17247  0136  30A0                           MOVLW 0XA0 ; ;#
 17248                           	line	730
 17249                           # 730 "D:\project\baratheon-winnie\baratheon\Hardware.c"
 17250  0137  009E                           MOVWF ADCON1 ;#
 17251                           	line	731
 17252                           # 731 "D:\project\baratheon-winnie\baratheon\Hardware.c"
 17253  0138  1458                           BSF EN_ADC, 0 ;#
 17254                           	line	732
 17255                           # 732 "D:\project\baratheon-winnie\baratheon\Hardware.c"
 17256  0139  0009                           RETFIE ;#
 17257                           	line	733
 17258                           # 733 "D:\project\baratheon-winnie\baratheon\Hardware.c"
 17259                                       ;++++++++++++++++++++++++++++++++++++++++++++++ ;#
 17260                           psect	intentry
 17261                           	line	735
 17262                           	
 17263  013A                     i1l3257:	
 17264  013A  0870               	movf	(??_INTSR+0),w
 17265  013B  0020               	movlb 0	; select bank0
 17266  013C  00FF               	movwf	btemp+1
 17267  013D  0009               	retfie
 17268                           	opt stack 0
 17269                           GLOBAL	__end_of_INTSR
 17270  013E                     	__end_of_INTSR:
 17271 ;; =============== function _INTSR ends ============
 17272                           
 17273                           	signat	_INTSR,88
 17274                           psect	intentry
 17275                           	global	btemp
 17276  007E                     	btemp set 07Eh
 17277                           
 17278                           	DABS	1,126,2	;btemp
 17279                           	global	wtemp0
 17280  007E                     	wtemp0 set btemp


HI-TECH Software PICC Macro Assembler V9.83 build 10920 
Symbol Table                                                                                   Fri Mar 14 20:17:55 2025

                         C 0000                           Z 0002       __end_of_CAL_MtrLevel 04CC  
     __end_of_CAL_MtrError 0003                          pc 0002       __end_of_CAL_MtrSpeed 0C6F  
            MTR_Driver@err 0069              MTR_Driver@max 006B                         _RD 0CA8  
                       _WR 0CA9             MTR_Driver@OLIM 0020             MTR_Driver@SREG 00C7  
      ___wmul@multiplicand 0073              CAL_AcPeriod@i 0075              CAL_AcPeriod@t 0076  
__size_of_REC_WorkingPower 0001     __end_of_CAL_MtrCurrent 0A82                        LATA 000C  
                      ODRA 0057                        RCIF 0005                        PIR1 0011  
                      PIR3 0013             MTR_Driver@time 0040                        WREG 0009  
           MTR_Driver@sref 0030                        _GIE 005F                        _FLT 1D00  
                      _PR6 041D                        _SQ8 1E00      __size_of_E2P_ReadByte 000A  
                      wreg 0009                       CMOUT 0015                       FSR0H 0005  
                     FSR0L 0004                       RCREG 0019                       PORTC 000E  
                     l3251 1113                       l3245 17FF                       l1581 0AFC  
                     l3254 1C89                       l1582 0B5A                       l1575 0AB5  
                     l3248 11A5                       l1584 0B34                       l1576 0AED  
                     l1585 0B5F                       l1593 162C                       l1578 0AC4  
                     l1594 162C                       l1579 0B25                       l1588 1101  
                     l6500 0B77                       l6501 0C32                       l6502 0C31  
                     l6510 0BFD                       l6511 0C52                       l6503 0B8B  
                     l6504 0BC3                       l8200 04C4                       l6513 0C4F  
                     l6505 0BFF                       l8201 0422                       l6530 1755  
                     l6514 0C6E                       l6506 0BC4                       l4850 13EB  
                     l4842 13AD                       l6531 1747                       l6515 0C6D  
                     l6507 0BF1                       l8211 043E                       l8203 0419  
                     l4851 13EB                       l4843 13E9                       l6532 1753  
                     l6524 16D4                       l6516 0C60                       l6508 0BFE  
                     l8300 0D6D                       l4844 13DA                       l6533 1754  
                     l6525 1732                       l6517 0C6B                       l6509 0BFC  
                     l8221 0467                       l8213 0442                       l8205 041D  
                     l8301 0D06                       l6470 15A1                       l6534 1756  
                     l6526 1731                       l6518 0C6C                       l8206 04C3  
                     l8214 04C1                       l8222 04BF                       l8230 04BD  
                     l8310 0D57                       l8302 0D0F                       l6550 0EB6  
                     l4846 13D3                       l6471 1584                       l6527 1730  
                     l6519 0C6E                       l8231 049C                       l8223 0477  
                     l8215 0452                       l8207 042D                       l8311 0D6F  
                     l8303 0D18                       l6551 0ECB                       l4847 13E8  
                     l6480 159A                       l6472 1583                       l6464 152A  
                     l6528 1739                       l8208 04C2                       l8216 04C0  
                     l8224 04BE                       l8232 04BC                       l8312 0D7E  
                     l8304 0D21                       l6560 0ED2                       l4848 13E7  
                     l6465 15A3                       l6473 1577                       l6481 15A3  
                     l6529 1756                       l6537 0002                       l8233 04B6  
                     l8225 0491                       l8217 046C                       l8209 0447  
                     l8305 0D2A                       l8313 0D8B                       l6561 0F10  
                     l6553 0EC2                       l4849 13EA                       l6466 15A2  
                     l6474 1581                       l6490 0A81                       l8170 037B  
                     l8250 08FA                       l8306 0D33                       l6562 0FFE  
                     l6570 0F94                       l6554 0EC4                       l6475 1582  
                     l6467 154A                       l6491 0A80                       l8235 04AD  
                     l8227 0488                       l8219 0463                       l8171 037A  
                     l8251 09A8                       l8307 0D3C                       l6571 0FB2  
                     l6563 0F11                       l6555 0ECA                       l6476 159C  
                     l6492 0A74                       l8172 0383                       l8260 0932  
                     l8252 08FB                       l8308 0D45                       l6556 0FFF  
                     l6564 0FF3                       l6477 159B                       l6469 1545  
                     l6493 0A7E                       l8237 04B1                       l8229 048C  
                     l8181 03AE                       l8173 038F                       l8261 0933  
                     l8253 090A                       l8309 0D4E                       l6557 0FF5  
                     l6573 0FAC                       l6565 0F40                       l6582 1CC5  
                     l6478 158F                       l6494 0A7F                       l6486 09BD  
                     l8174 04CB                       l8182 04C9                       l8190 04C7  
                     l8238 04BB                       l8254 09B2                       l8262 093E  
                     l6574 0FB8                       l6566 0F30                       l6558 0ECC  
                     l6479 1599                       l6495 0A81                       l6487 0A59  
                     l8191 03E3                       l8183 03BE                       l8175 0399  
                     l8239 04CB                       l8263 098F                       l8271 0982  
                     l8255 090B                       l6575 0FD7                       l6567 0F5B  
                     l6559 0ECC                       l6488 0A58                       l8176 04CA  
                     l8184 04C8                       l8192 04C6                       l8168 0363  
                     l8272 098C                       l8264 0954                       l8256 0922  
                     l6576 0FE7                       l6568 0F54            __end_of_MEM_Cmp 12C1  
                     l6489 0A66                       l8193 03FD                       l8185 03D8  
                     l8177 03B3                       l8169 0362                       l8273 0990  
                     l8265 098E                       l8257 091C                       l6577 0FE8  
                     l6569 0F5A                       l6585 1CAD                       l8274 09A6  
                     l8266 0960                       l8258 0921                       l8290 0CAE  
                     l6578 0FF2                       l8195 03F4                       l8187 03CF  
                     l8179 03AA                       l8267 096F                       l8259 0923  
                     l8275 09B2                       l8291 0CDF                       l8283 0C8F  
                     l6579 0FFF                       l8268 098D                       l8284 0D80  
                     l8292 0CDE                       l8197 03F8                       l8189 03D3  
                     l8269 0987                       l8293 0CE0                       l8285 0C90  
                     l8278 1C79                       l8198 04C5                       l8286 0D8B  
                     l8294 0D01                       l8199 0408                       l8287 0C9E  
                     l8296 0CEE                       l8288 0CBF                       l8297 0D6E  
                     l8298 0D60                       l8299 0D02            __end_of_MEM_Cpy 1134  
                     _CFGS 0CAE           __end_of_H3M1_ADD 14B4                       l9897 1CEC  
                     l9898 1CFF                       TXREG 001A            __end_of_PID_CAL 0EAE  
                     _CREN 0CEC            MTR_Driver@state 003F      __end_of_CAL_TuneValue 09B3  
                     _LATA 010C                       _LATB 010D                       _LATC 010E  
              main@offTime 004D                       u5010 116F                       u5011 116E  
                     u5020 130D                       u5005 1165                       u5021 130C  
                     u5110 0818                       u5111 0817                       _PIE1 0091  
                     u4400 152F                       u5040 131F                       u5120 0824  
                     u6000 1246                       _PIE2 0092                       u5041 131E  
                     u5121 0823                       u5105 080B                       _PIE3 0093  
                     u4410 153E            __end_of_PID_LIM 139C                       u5210 1412  
                     u6010 12CC                       _PIE4 0094                       u4411 153D  
                     u5035 1312                       u5211 1411                       u6011 12CB  
                     u4420 1544                       u5060 1330                       u5140 0834  
                     u5300 0AFB                       u6020 12D8                       u4421 1543  
                     u5061 132F                       u5141 0833                       u5125 0820  
                     u5205 1403                       u5301 0AFA                       u6021 12D7  
                     u4430 1555                       u5150 11EA                       u5230 142D  
                     u5310 0B2A                       u6110 0551                       u6030 04DA  
                     u4431 1554                       u5055 1322                       u5135 082A  
                     u5151 11E9                       u5231 142C                       u5311 0B29  
                     u6031 04D9                       u4440 155A                       u4520 165D  
                     u4600 16CB                       u5080 1341                       u5320 0B33  
                     u5400 0A79                       u6200 062B                       u6120 0557  
                     u6040 04E6                       u4441 1559                       u4521 165C  
                     u4505 164C                       u4601 16CA                       u5081 1340  
                     u5065 132C                       u5225 1415                       u5321 0B32  
                     u5401 0A78                       u6201 062A                       u6121 0556  
                     u6105 0535                       u6041 04E5                       u4610 16DA  
                     u5090 0806                       u5250 1444                       u5330 09B9  
                     u5410 0B6C                       u6050 04F1                       u4515 1653  
                     u4611 16D9                       u5075 1337                       u5091 0805  
                     u5251 1443                       u5235 1429                       u5331 09B8  
                     u5411 0B6B                       u6051 04F0                       _PEIE 005E  
                     u4380 1CEA                       u4460 1576                       u4700 1370  
                     u5180 1209                       u5260 0A8C                       u5340 09C2  
                     u5500 0C65                       u5420 0B7E                       u6140 05FA  
                     u6060 04FE                       u6300 0CA5                       u4381 1CE9  
                     u4461 1575                       u4701 136F                       u5181 1208  
                     u5165 11F4                       u5245 1438                       u5261 0A8B  
                     u5501 0C64                       u5421 0B7D                       u6301 0CA4  
                     _ODRA 00D7                       u4470 157C                       u4390 1523  
                     u4550 1671                       u4630 1713                       u4710 138F  
                     u5190 13FE                       u5270 0ABA                       u5350 09C6  
                     u5430 0B84                       u5510 0DAC                       u6150 0600  
                     u6070 0504                       u6230 0843                       u6310 0CAD  
                     u4471 157B                       u4455 1560                       u4391 1522  
                     u4551 1670                       u4535 1660                       u4631 1712  
                     u4711 138E                       u5175 11FB                       u5191 13FD  
                     u5271 0AB9                       u5431 0B83                       u5511 0DAB  
                     u6215 0632                       u6151 05FF                       u6135 05E8  
                     u6071 0503                       u6311 0CAC                       u4480 158E  
                     u4640 171C                       u4720 1C92                       u4800 129D  
                     u5280 0AC3                       u5360 09DA                       u5440 0B9F  
                     u5520 0DB1                       u5600 0395                       u6160 0604  
                     u6080 051A                       u6240 0849                       u6320 0CC6  
                     u6400 016C                       u4481 158D                       u4545 1667  
                     u4641 171B                       u4625 1702                       u4705 136C  
                     u4721 1C91                       u4801 129C                       u5281 0AC2  
                     u5441 0B9E                       u5521 0DB0                       u5601 0394  
                     u6225 0645                       u6081 0519                       u6241 0848  
                     u6321 0CC5                       u6401 016B                       u4490 1594  
                     u4570 1687                       u4810 12B4                       u5290 0AF2  
                     u5370 0A15                       u5450 0BEF                       u5530 0DD1  
                     u5610 039F                       u6170 060A                       u6250 0851  
                     u6330 0CCC                       u6410 017D                       u4491 1593  
                     u4715 138B                       u4811 12B3                       u5291 0AF1  
                     u5451 0BEE                       u5531 0DD0                       u5515 0DA8  
                     u5611 039E                       u6171 0609                       u6251 0850  
                     u6331 0CCB                       u6411 017C                       u4580 16A7  
                     u4660 1736                       u4820 12BD                       u4900 1462  
                     u5380 0A63                       u5460 0BFA                       u5540 0DD6  
                     u5700 040E                       u5620 03A5                       u6180 0620  
                     u6260 15AF                       u6340 0CD1                       u6500 020E  
                     u6420 018E                       u4581 16A6                       u4565 1674  
                     u4821 12BC                       u4901 1461                       u5381 0A62  
                     u5365 09D6                       u5461 0BF9                       u5541 0DD5  
                     u5701 040D                       u5621 03A4                       u6181 061F  
                     u6261 15AE                       u6341 0CD0                       u6501 020D  
                     u6421 018D                       u4590 16B7                       u4670 1746  
                     u4830 125D                       u4910 1485                       u5390 0A73  
                     u5470 0C45                       u5710 0414                       u5630 03B9  
                     u5550 0348                       u6190 0625                       u6270 077B  
                     u6350 0CE5                       u6510 021B                       u6430 019B  
                     u4591 16B6                       u4575 1683                       u4671 1745  
                     u4655 1727                       u4831 125C                       u4911 1484  
                     u5391 0A72                       u5375 0A11                       u5471 0C44  
                     u5535 0DCD                       u5711 0413                       u5631 03B8  
                     u5551 0347                       u6191 0624                       u6095 0521  
                     u6271 077A                       u6351 0CE4                       u6511 021A  
                     u6431 019A                       u4680 174D                       u4840 1274  
                     u4920 14A2                       u5480 0C4E                       u5800 0483  
                     u5720 0428                       u5640 03C4                       u5560 035D  
                     u6280 0796                       u6360 0CED                       u6600 02AB  
                     u6520 022C                       u6440 01AC                       u4585 16A3  
                     u4681 174C                       u4841 1273                       u4921 14A1  
                     u5481 0C4D                       u5801 0482                       u5721 0427  
                     u5641 03C3                       u5561 035C                       u6281 0795  
                     u6361 0CEC                       u6601 02AA                       u6521 022B  
                     u6441 01AB                       _PIR1 0011                       u4690 135A  
                     u4850 11B5                       u4930 14BA                       u5490 0C5F  
                     u5810 0497                       u5730 0433                       u5650 03CA  
                     u5570 0377                       u6370 0D79                       u6290 0C7E  
                     u6610 02BC                       u6530 023C                       u6450 01BD  
                     _PIR2 0012                       u4691 1359                       u4851 11B4  
                     u4931 14B9                       u5491 0C5E                       u5475 0C41  
                     u5811 0496                       u5731 0432                       u5651 03C9  
                     u5571 0376                       u6371 0D78                       u6291 0C7D  
                     u6611 02BB                       u6531 023B                       u6451 01BC  
                     _PIR3 0013                       u4860 11CC                       u4940 14D1  
                     u5820 04A2                       u5740 0439                       u5660 03DE  
                     u5580 0381                       u5900 0947                       u6620 02CD  
                     u6540 024D                       u6460 01CE                       u6380 0149  
                     u6700 0EBC                       _PIR4 0014                       u4861 11CB  
                     u4941 14D0                       u5821 04A1                       u5741 0438  
                     u5661 03DD                       u5581 0380                       u5901 0946  
                     u6621 02CC                       u6541 024C                       u6461 01CD  
                     u6381 0148                       u6701 0EBB                       u4790 1132  
                     u4870 07BF                       u4950 14E4                       u5830 04A8  
                     u5750 044D                       u5670 03E9                       u5590 038A  
                     u5910 095B                       u6630 02DE                       u6550 025A  
                     u6470 01DB                       u6390 015B                       u6710 0EC2  
                     u4695 1356                       u4791 1131                       u4871 07BE  
                     u4951 14E3                       u5831 04A7                       u5751 044C  
                     u5671 03E8                       u5591 0389                       u5911 095A  
                     u6631 02DD                       u6551 0259                       u6471 01DA  
                     u6391 015A                       u6711 0EC1                       u4880 07D9  
                     u4960 14EF                       u5760 0458                       u5680 03EF  
                     u5920 0968                       u5840 08F5                       u6640 02EC  
                     u6560 026B                       u6480 01EC                       u6800 0F8D  
                     u6720 0ED8                       u4881 07D8                       u4961 14EE  
                     u4945 14CD                       u5761 0457                       u5681 03EE  
                     u5921 0967                       u5841 08F4                       u6641 02EB  
                     u6561 026A                       u6481 01EB                       u6801 0F8C  
                     u6721 0ED7                       u4890 07F3                       u4970 14F5  
                     u5770 045E                       u5690 0403                       u5930 0975  
                     u5850 0900                       u6650 02FD                       u6570 027C  
                     u6490 01FD                       u6810 0FA7                       u6730 0F16  
                     u4891 07F2                       u4971 14F4                       u5771 045D  
                     u5691 0402                       u5931 0974                       u6651 02FC  
                     u6571 027B                       u6491 01FC                       u6811 0FA6  
                     u4980 115B                       u5780 0472                       u5940 097B  
                     u5860 0911                       u6660 030E                       u6580 028D  
                     u6820 0FAB                       u6740 0F21                       u4981 115A  
                     u5781 0471                       u5941 097A                       u5861 0910  
                     u6661 030D                       u6581 028C                       u6821 0FAA  
                     u6805 0F89                       u6741 0F20                       u5790 047D  
                     u5950 0981                       u5870 0917                       u6670 031A  
                     u6590 029A                       u6830 0FC8                       u6750 0F2B  
                     u5791 047C                       u5951 0980                       u5871 0916  
                     u6671 0319                       u6591 0299                       u6831 0FC7  
                     u6751 0F2A                       u5880 0929                       u6680 032A  
                     u6760 0F49                       u6840 13B6                       u5881 0928  
                     u6681 0329                       u6761 0F48                       u6745 0F1D  
                     u6841 13B5                       u5890 0939                       u5970 1152  
                     u6770 0F4F                       u6690 0EB3                       u6850 13CE  
                     u4995 1160                       u5891 0938                       u5971 1151  
                     u6771 0F4E                       u6755 0F27                       u6851 13CD  
                     u5980 1225                       u6780 0F58                       u6860 13D2  
                     u5965 0997                       u5981 1224                       u6781 0F57  
                     u5990 1241                       u6870 13E1                       u5991 1240  
                     u6871 13E0                       u6795 0F6F                       _SPEN 0CEF  
                     _WREN 0CAA                       _TXEN 0CF5                       _WPUA 020C  
                     _WPUB 020D                       _WPUC 020E                       nEDGE 0006  
                     nFALL 0005                       nRISE 0004                       _main 139C  
                     fsr0h 0005                       fsr1h 0007                       fsr0l 0004  
                     indf0 0000                       indf1 0001                       fsr1l 0006  
                     btemp 007E         __size_of_COM_Print 00DE                       start 013E  
              ?_REC_Faults 0070                      ADCON0 001D                      ADCON1 001E  
                    S19341 1814                      S19339 1800                      ADRESH 001C  
                    ADRESL 001B             SVC_Timer@tmSEC 0047                      AD_VAC 003C  
                    AD_NTC 003B               _E2P_ReadByte 1C80                      AD_VRS 003D  
         __end_of_COM_Ctrl 162D           __end_of_COM_Init 1102                      EN_ADC 0058  
                    l13100 114A                      l13101 1136                      l13102 1153  
                    l13110 1242                      l13103 1153                      l13111 1249  
                    l13112 124B                      l13200 04EB                      l13121 112A  
                    l13201 0655                      l13122 1115                      l13130 12C0  
                    l13106 123C                      l13210 060B                      l13202 05F6  
                    l13123 1133                      l13131 12B7                      l13107 1216  
                    l13211 063D                      l13203 0543                      l13124 1133  
                    l13132 12BE                      l13108 122E                      l13212 0650  
                    l13204 052C                      l13109 123B                      l13205 0540  
                    l13213 0656                      l11470 16BF                      l13150 11DC  
                    l13206 05F5                      l13127 12B8                      l13143 1284  
                    l13223 14C0                      l13207 0654                      l13128 1287  
                    l13144 1283                      l13216 0003                      l13224 151C  
                    l13208 0653                      l11465 164B                      l11481 139A  
                    l13129 12A0                      l13145 1284                      l13153 07FF  
                    l13225 14D9                      l11473 0E05                      l11466 165F  
                    l11482 1379                      l13154 07FE                      l13226 14E9  
                    l13234 084B                      l13250 01D5                      l13242 0153  
                    l11467 1673                      l11483 1399                      l13155 07FD  
                    l13227 151B                      l11475 0DB2                      l13251 01D4  
                    l13243 0197                      l11468 16B1                      l11484 1398  
                    l13148 11DC                      l13156 07FF                      l13228 1512  
                    l13236 0849                      l13180 07AB                      l13252 0339  
                    l13260 0254                      l13244 0196                      l11469 16B8  
                    l11485 139B                      l13149 11DB                      l13165 14B3  
                    l13229 151C                      l11477 0DD7                      l13237 08ED  
                    l13261 0253                      l13253 0217                      l13245 0195  
                    l13166 14B2                      l11478 0EAD                      l13238 08EC  
                    l13262 0337                      l13270 02E6                      l13254 0216  
                    l13246 0194                      l13167 14B1                      l13239 08ED  
                    l13247 033A                      l13271 02E5                      l13263 0296  
                    l13255 0215                      TMR6IF 0003                      l13168 14B3  
                    l13280 0333                      l13272 02E4                      l13264 0295  
                    l13256 0214                      l13248 01D7                      l13185 1302  
                    l13177 078F                      l13257 0338                      l13273 0335  
                    l13265 0294                      l13249 01D6                      l13281 033A  
                    l13186 12FF                      l13178 07AB                      l13274 0316  
                    l13266 0293                      l13258 0256                      l13187 1304  
                    l13179 07AA                      l13267 0336                      l13275 0315  
                    l13259 0255                      l13284 1C73                      l13276 0314  
                    l13268 02E8                      l13277 0334                      l13269 02E7  
                    l13198 04E0                      l13278 0331                      l13287 1C98  
                    l13199 0656                      l13279 0330                      l13288 1C98  
                    l18001 1111                      l14721 1343                      l14722 131B  
                    l18003 1112                      l18011 1CB5                      l14715 1157  
                    l14723 1311                      l14731 0836                      l14716 115F  
                    l14724 1320                      l14732 0814                      l18021 1CC3  
                    l18013 1CB6                      l18005 1CAE                      l18101 16CF  
                    l14717 1170                      l14725 1321                      l14733 080A  
                    l14718 1177                      l14726 1336                      l14734 0819  
                    l18015 1CB7                      l18007 1CB2                      l18023 1C74  
                    l18031 1527                      l18111 16DE                      l18103 16D0  
                    l14727 1342                      l14735 081A                      l14728 134A  
                    l14736 0829                      l18017 1CB8                      l18009 1CB4  
                    l18041 1545                      l18033 1528                      l18025 151D  
                    l18113 16E3                      l18121 1732                      l18105 16D1  
                    l14737 0835                      l19001 0CC6                      l14738 083D  
                    l18019 1CC2                      l18051 1577                      l18043 1555  
                    l18027 1523                      l18035 152A                      l18123 1736  
                    l18115 170A                      l18107 16D4                      l18131 134C  
                    l18211 1125                      l19011 0CEE                      l19003 0CCC  
                    l18053 157C                      l18061 159C                      l18045 155A  
                    l18037 152F                      l18029 1526                      l18125 1739  
                    l18117 1713                      l18109 16DA                      l18141 139B  
                    l18133 135A                      l18213 112A                      l18205 1114  
                    l18221 129D                      l18301 14FD                      l19021 0D06  
                    l19013 0CF0                      l19005 0CD1                      l19101 023C  
                    l14790 11E6                      l18063 159E                      l18047 155B  
                    l18055 1584                      l18039 153E                      l18071 1652  
                    l18127 1747                      l18119 171C                      l18135 1370  
                    l18143 1C70                      l18151 1C96                      l18207 1115  
                    l18223 129F                      l18231 12B8                      l18215 1286  
                    l18303 1501                      l18311 1512                      l14791 11F3  
                    l19031 0D33                      l19023 0D0F                      l19015 0CF4  
                    l19007 0CE0                      l19111 028D                      l19103 024D  
                    l14792 120A                      l18065 159F                      l18057 158F  
                    l18049 156F                      l18081 1671                      l18073 1659  
                    l18129 174D                      l18137 1379                      l18145 1C73  
                    l18209 1121                      l18233 12BE                      l18225 12A0  
                    l18217 1287                      l18241 125D                      l18313 1518  
                    l18305 1505                      l18321 1164                      l14793 1213  
                    l18401 142D                      l19041 0D5A                      l19033 0D3C  
                    l19025 0D18                      l19017 0CF8                      l19009 0CE5  
                    l19121 02DE                      l19113 029A                      l19105 025A  
                    l19201 0F7F                      l14890 1413                      l18059 1594  
                    l18091 16B1                      l18083 1673                      l18075 165D  
                    l18067 162D                      l18139 138F                      l18147 1C8B  
                    l18235 12C0                      l18227 12B4                      l18219 1289  
                    l18243 126A                      l18251 11B5                      l18307 1509  
                    l18323 1170                      l18315 1154                      l18331 130D  
                    l18411 144F                      l18403 1435                      l14891 1414  
                    l19051 0D79                      l19043 0D5F                      l19035 0D45  
                    l19027 0D21                      l19019 0D03                      l19131 032A  
                    l19123 02EC                      l19115 02AB                      l19107 026B  
                    l19211 0FB2                      l19203 0F8D                      l14892 1437  
                    l18093 16B8                      l18085 1695                      l18077 165F  
                    l18069 164B                      l18149 1C92                      l18229 12B6  
                    l18245 1274                      l18237 124D                      l18253 11C2  
                    l18261 07BF                      l18309 150D                      l18325 1177  
                    l18317 1157                      l18341 1330                      l18333 1311  
                    l14893 1445                      l18405 1437                      l18421 0AB1  
                    l18413 0A82                      l18501 0B98                      l19053 0D7F  
                    l19037 0D4E                      l19029 0D2A                      l19045 0D60  
                    l19125 02FD                      l19117 02BC                      l19109 027C  
                    l19061 0141                      l19221 0FE8                      l19213 0FB8  
                    l19205 0FA2                      l19141 0EC5                      l19133 0EAE  
                    l14894 144F                      l18095 16BF                      l18087 16A7  
                    l18079 166D                      l18239 1254                      l18255 11CC  
                    l18247 11A7                      l18263 07CE                      l18271 1458  
                    l18319 115B                      l18351 134A                      l18343 1334  
                    l18335 1316                      l18327 1305                      l14887 1446  
                    l18407 143E                      l18431 0AE9                      l18423 0AB5  
                    l18415 0A83                      l18511 0BE9                      l18503 0B9F  
                    l19047 0D6F                      l19039 0D57                      l19055 0D80  
                    l19127 030E                      l19119 02CD                      l19071 0156  
                    l19063 0149                      l19223 0FE9                      l19215 0FC3  
                    l19207 0FA7                      l19151 0ED8                      l19143 0EC8  
                    l19135 0EB3                      l19231 1C99                      l14888 140E  
                    l17801 1CFA                      l18089 16AF                      l18097 16C0  
                    l18249 11AC                      l18265 07D9                      l18257 07AD  
                    l18273 1462                      l18281 14BA                      l18345 1336  
                    l18337 131B                      l18329 1307                      l18361 0814  
                    l18353 0800                      l14889 1402                      l18409 1446  
                    l18441 0B21                      l18433 0AED                      l18425 0ABA  
                    l18417 0A8C                      l18513 0BF0                      l18505 0BA3  
                    l18521 0C32                      l18601 03E3                      l19049 0D71  
                    l19129 031A                      l19081 019B                      l19073 015B  
                    l19065 014C                      l19225 0FF0                      l19217 0FC8  
                    l19209 0FAC                      l19161 0EEE                      l19153 0EDF  
                    l19145 0ECD                      l19137 0EB6                      l19241 1CA8  
                    l19233 1C9C                      l17803 1CFF                      l17811 1C86  
                    l18099 16CB                      l18267 07F3                      l18259 07B5  
                    l18275 1485                      l18291 14E4                      l18283 14BB  
                    l18347 133B                      l18339 1321                      l18363 081A  
                    l18355 0806                      l18371 0836                      l18451 0B5A  
                    l18443 0B25                      l18435 0AF2                      l18427 0AC4  
                    l18419 0A9E                      l18531 0C65                      l18523 0C45  
                    l18515 0BF1                      l18507 0BC4                      l18611 0403  
                    l18603 03E9                      l19091 01EC                      l19083 01AC  
                    l19075 016C                      l19067 014F                      l19227 0FF4  
                    l19219 0FD7                      l19171 0F00                      l19163 0EF2  
                    l19155 0EE3                      l19147 0ED0                      l19139 0EBC  
                    l19243 1CAB                      l19235 1C9F                      l19251 13A3  
                    l17813 1C89                      l17805 1C81                      l17901 17CF  
                    l17821 175C                      l18277 14A2                      l18269 1450  
                    l18293 14E9                      l18285 14C0                      l18349 1343  
                    l18373 083D                      l18365 0824                      l18357 080A  
                    l18381 11F3                      l18445 0B2A                      l18437 0AFC  
                    l18429 0AD6                      l18461 09C6                      l18453 09B3  
                    l18525 0C4F                      l18517 0BFB                      l18509 0BCA  
                    l18541 0DD7                      l18533 0D8E                      l18621 0422  
                    l18613 0408                      l18605 03EF                      l18701 0947  
                    l19093 01FD                      l19085 01BD                      l19077 017D  
                    l19069 0153                      l19181 0F21                      l19173 0F06  
                    l19165 0EF4                      l19157 0EE5                      l19149 0ED2  
                    l19229 0FF5                      l19237 1CA2                      l19261 13AF  
                    l19253 13A6                      l19245 139C                      l17807 1C84  
                    l17911 17D4                      l17903 17D0                      l17831 1773  
                    l17823 1761                      l17815 1757                      l18295 14EF  
                    l18287 14D1                      l18279 14B4                      l18367 0829  
                    l18359 080F                      l18383 11FA                      l18375 11DD  
                    l18391 13FE                      l18447 0B34                      l18439 0B0E  
                    l18471 0A29                      l18463 09E4                      l18455 09B9  
                    l18527 0C52                      l18519 0BFF                      l18543 0E94  
                    l18535 0DAC                      l18631 043E                      l18623 0428  
                    l18615 040E                      l18607 03F4                      l18551 0342  
                    l18711 0975                      l18703 0954                      l19095 020E  
                    l19087 01CE                      l19079 018E                      l19191 0F4F  
                    l19183 0F2B                      l19175 0F0B                      l19167 0EF8  
                    l19159 0EEA                      l19239 1CA5                      l19271 13C1  
                    l19263 13B6                      l19255 13A9                      l19247 139D  
                    l17809 1C85                      l17921 17DD                      l17913 17D5  
                    l17905 17D1                      l17841 178A                      l17833 1776  
                    l17825 1766                      l17817 1758                      l18297 14F5  
                    l18289 14D7                      l18369 082E                      l18385 120A  
                    l18377 11E6                      l18393 1402                      l18449 0B46  
                    l18481 0A79                      l18465 09F3                      l18473 0A59  
                    l18457 09BD                      l18529 0C60                      l18545 0EA4  
                    l18537 0DB2                      l18641 045E                      l18633 0447  
                    l18625 042D                      l18617 0414                      l18609 03FD  
                    l18561 0370                      l18553 0348                      l18721 09A0  
                    l18713 097B                      l18705 095B                      l18801 04F1  
                    l19097 021B                      l19089 01DB                      l19193 0F54  
                    l19185 0F30                      l19177 0F11                      l19169 0EFA  
                    l19281 13D7                      l19273 13C4                      l19265 13B8  
                    l19257 13AD                      l19249 13A0                      l17931 17E4  
                    l17923 17DF                      l17915 17D6                      l17907 17D2  
                    l17851 1792                      l17843 178C                      l17835 177D  
                    l17827 1769                      l17819 175B                      l18299 14F8  
                    l18387 1213                      l18379 11EA                      l18395 140E  
                    l18475 0A63                      l18467 09F5                      l18459 09C2  
                    l18491 0B77                      l18483 0B60                      l18547 0EAD  
                    l18539 0DD1                      l18651 047D                      l18643 0463  
                    l18635 044D                      l18627 0433                      l18619 0419  
                    l18571 038A                      l18563 0377                      l18555 0355  
                    l18723 09A7                      l18715 0982                      l18707 0968  
                    l18811 051A                      l18803 04F9                      l19099 022C  
                    l19195 0F58                      l19187 0F36                      l19179 0F16  
                    l19283 13DA                      l19275 13C7                      l19267 13BB  
                    l19259 13AE                      l17941 17EB                      l17933 17E6  
                    l17925 17E1                      l17917 17D8                      l17909 17D3  
                    l17861 179D                      l17853 1794                      l17845 178E  
                    l17837 1780                      l17829 176C                      l18397 1414  
                    l18389 13ED                      l18477 0A66                      l18469 0A08  
                    l18493 0B7E                      l18485 0B6C                      l18661 049C  
                    l18653 0483                      l18645 046C                      l18637 0452  
                    l18629 0439                      l18581 03A5                      l18573 038F  
                    l18557 035D                      l18565 037B                      l18549 033B  
                    l18717 0987                      l18709 096F                      l18725 09A8  
                    l18741 114A                      l18733 1135                      l18821 054B  
                    l18813 052C                      l18805 04FE                      l18901 15A4  
                    l19189 0F49                      l19197 0F5B                      l19285 13E1  
                    l19277 13CE                      l19269 13BE                      l17951 17F7  
                    l17943 17EC                      l17935 17E7                      l17927 17E2  
                    l17919 17DA                      l17871 17AD                      l17863 17A0  
                    l17855 1796                      l17847 178F                      l17839 1788  
                    l18399 141B                      l18479 0A74                      l18495 0B84  
                    l18487 0B72                      l18663 04A2                      l18655 0488  
                    l18647 0472                      l18639 0458                      l18591 03C4  
                    l18583 03AA                      l18575 0395                      l18567 0381  
                    l18559 0363                      l18719 0990                      l18671 08EE  
                    l18735 1136                      l18751 1229                      l18743 1215  
                    l18831 0570                      l18823 054C                      l18815 0540  
                    l18807 0504                      l18903 15AF                      l18911 065E  
                    l19199 0F77                      l19287 13E4                      l19279 13D3  
                    l17793 1CE3                      l17961 17FD                      l17953 17F8  
                    l17945 17EE                      l17937 17E9                      l17929 17E3  
                    l17881 17C0                      l17873 17AE                      l17865 17A4  
                    l17857 1798                      l17849 1790                      l18497 0B8B  
                    l18489 0B73                      l18665 04A8                      l18657 0491  
                    l18649 0477                      l18593 03CA                      l18585 03B3  
                    l18577 0399                      l18569 0383                      l18681 090B  
                    l18673 08F5                      l18737 1141                      l18761 1248  
                    l18753 122E                      l18745 1216                      l18841 05B3  
                    l18833 0577                      l18825 054D                      l18809 0513  
                    l18817 0543                      l18905 15B0                      l18921 066E  
                    l18913 065F                      l17795 1CEB                      l17955 17F9  
                    l17947 17F2                      l17939 17EA                      l17891 17C9  
                    l17883 17C1                      l17875 17AF                      l17867 17A8  
                    l17859 179B                      l17971 1188                      l17963 1178  
                    l18499 0B91                      l18667 04AD                      l18659 0497  
                    l18595 03CF                      l18587 03B9                      l18579 039F  
                    l18691 0929                      l18683 0911                      l18675 08FB  
                    l18739 1145                      l18763 1249                      l18747 1218  
                    l18755 123C                      l18771 12CD                      l18843 05C2  
                    l18835 0586                      l18827 0551                      l18819 0547  
                    l18851 05F6                      l18931 06AA                      l18923 067A  
                    l18915 0660                      l18907 0657                      l17797 1CEC  
                    l17957 17FA                      l17949 17F6                      l17893 17CB  
                    l17885 17C4                      l17877 17B7                      l17869 17AC  
                    l17981 119D                      l17973 118A                      l17965 117B  
                    l18669 04B6                      l18597 03D8                      l18589 03BE  
                    l18693 092D                      l18685 0917                      l18677 0900  
                    l18765 124B                      l18757 1242                      l18749 1225  
                    l18781 1301                      l18773 12D8                      l18861 061A  
                    l18853 05FA                      l18845 05D1                      l18837 0595  
                    l18829 0557                      l18941 06E5                      l18933 06B6  
                    l18925 0686                      l18917 0661                      l18909 0659  
                    l17799 1CF6                      l17959 17FB                      l17895 17CC  
                    l17887 17C6                      l17879 17B8                      l17983 119F  
                    l17975 118C                      l17967 117E                      l17991 1108  
                    l18599 03DE                      l18695 0933                      l18687 091C  
                    l18679 0905                      l18759 1246                      l18775 12D9  
                    l18783 1302                      l18767 12C1                      l18871 0650  
                    l18863 0620                      l18855 0600                      l18847 05E0  
                    l18839 05A4                      l18791 04DA                      l18951 0721  
                    l18943 06F1                      l18935 06C2                      l18927 0692  
                    l18919 0662                      l17897 17CD                      l17889 17C8  
                    l17985 11A1                      l17977 118F                      l17969 1185  
                    l17993 1109                      l18697 0939                      l18689 0923  
                    l18785 1304                      l18777 12FC                      l18769 12CC  
                    l18865 0625                      l18857 0604                      l18849 05F2  
                    l18793 04DE                      l18881 086E                      l18873 083E  
                    l18961 075D                      l18953 072D                      l18945 06FD  
                    l18937 06CE                      l18929 069E                      l17899 17CE  
                    l17987 11A3                      l17979 1192                      l17995 110A  
                    l18699 093E                      l18779 12FF                      l18867 062B  
                    l18859 060B                      l18795 04E0                      l18787 04CC  
                    l18891 08AD                      l18883 0875                      l18875 0843  
                    l18971 078F                      l18963 0768                      l18955 0739  
                    l18947 0709                      l18939 06DA                      l17997 110B  
                    l17989 1103                      l18869 063D                      l18797 04E6  
                    l18789 04D3                      l18893 08BC                      l18885 0880  
                    l18877 084B                      l18973 0796                      l18965 0777  
                    l18957 0745                      l18949 0715                      l18981 0C75  
                    l17999 1110                      l18799 04EB                      l18895 08CB  
                    l18887 088F                      l18879 0851                      l18975 07A7  
                    l18967 077B                      l18959 0751                      l18991 0C9E  
                    l18983 0C7E                      l18897 08DA                      l18889 089E  
                    l18969 078C                      l18993 0CA0                      l18985 0C90  
                    l18977 0C6F                      l18899 08E9                      l18995 0CA5  
                    l18987 0C92                      l18979 0C72                      l18997 0CAE  
                    l18989 0C95                      l18999 0CBF                      STATUS 0003  
                    ?_main 0070            ?_CAL_MtrCurrent 0070                      _EEADR 0191  
                    TMR_ON 0032                      _CARRY 0018                      _EEPGD 0CAF  
          __end_of___lldiv 1450                      _T1CON 0018                      _LATB6 086E  
                    RX_CNT 0020                      _T6CON 041E            __end_of___lwdiv 134B  
                    RX_TIM 0022           __end_of_MCU_Init 1800                      TX_CNT 0024  
          __end_of___lwmod 083E                      RX_WRP 0023                      TX_RDP 0025  
                    TX_TIM 0026                      _INTSR 0004                      _RCSTA 019D  
                    _TRISA 008C                      _TRISB 008D                      _TRISC 008E  
         _totalWorkingTime 05A8                      _TXSTA 019E       __size_of_CAL_MtrTemp 0087  
      ___lmul@multiplicand 0075          ?_SVC_GetTuneValue 0070                      _enADC 00D8  
                    _adVac 00BC                      _adNtc 00BB                      _adVrs 00BD  
                    _rxCNT 01A0           __end_of_MTR_Ctrl 1CAE           __end_of_MTR_Init 1CC6  
                    _txCNT 01A4                      _rxRDP 01A1                      _rxTIM 01A2  
       ??_SVC_GetTuneValue 0071                      _txRDP 01A5                      _txTIM 01A6  
                    _rxWRP 01A3            _REC_WorkingTemp 14B4                      _txWRP 01A7  
             ?_MCU_Refresh 0070                 _e2pWrFlags 0048           __end_of_SVC_Ctrl 033B  
         __end_of_SVC_Init 07AC           __end_of_SRL_Putc 1D00                ?_MTR_Driver 0070  
             ??_H1M1S1_ADD 0072               ??_H1M1S1_SUB 0072                      status 0003  
                    wtemp0 007E               ??_H2M1S1_ADD 0072     __size_of_E2P_WriteByte 0012  
         __end_of_SYS_Ctrl 0D8C           __end_of_SYS_Init 1C7A                  H3M1_ADD@m 0073  
                H3M1_ADD@p 0071         __size_of_SVC_Timer 0044      __size_of_CAL_AcPeriod 0097  
             __end_of_main 13ED                     AC_FLAG 0037                     AC_SCAN 0045  
                   ??_main 006D          __end_of_COM_Print 0B60                     ?_INTSR 0070  
       __end_of_H1M1S1_ADD 1285         __end_of_H1M1S1_SUB 11DD                     HL_SCAN 0043  
                   DR_TST0 003E                     DR_TST1 003F                  ??_MEM_Cmp 0073  
                ??_MEM_Cpy 0076         __end_of_H2M1S1_ADD 0800                  ??_PID_CAL 0054  
                   TAD_VAC 005A                     TAD_NTC 0059                  ??_PID_LIM 0075  
                   TAD_VRS 005B        __size_of_REC_Faults 00B0                     _ADCON0 009D  
                   _ADCON1 009E                     _E2P_RD 1134                     _E2P_WR 1214  
                   _EEADRL 0191                     _EEDATA 0193                     TMR_OFF 0030  
 __end_of_REC_SpeedWorking 0657                     _EEDATL 0193                     _EECON1 0195  
                   _EECON2 0196                     _ANSELA 018C                     _ANSELB 018D  
                   _ANSELC 018E                     TM_TST0 005C                     TM_TST1 005D  
                   _T1GCON 0019                     TS_SCAN 0044                     i1l3257 013A  
                   _INLVLA 038C                     _INLVLB 038D                     _INLVLC 038E  
                   _FVRCON 0117                     _OSCCON 0099                     _SPBRGH 019C  
                   _SPBRGL 019B                     _WDTCON 0097                     _SQRT32 162D  
             _CAL_AcPeriod 16C0                  AC_CYCLE_2 0038      __size_of_CAL_MtrLevel 0191  
    __size_of_CAL_MtrError 0001      __size_of_CAL_MtrSpeed 010F                     _ad2tpr 1001  
                   _adCur2 00A0                     _adCurN 00B9                  AC_TIME_PH 0003  
                AC_TIME_PL 0060                     ___lmul 11DD                     ___wmul 1154  
                ??___lldiv 005A                  ??___lwdiv 0075                  ??___lwmod 0075  
                   _rxFIFO 03C0                     _tmTST0 00DC                     _tmTST1 00DD  
                HALL_CHECK 002E                     _txFIFO 03A0           _REC_WorkingPower 0003  
                ?_H3M1_ADD 0071              _E2P_WriteByte 1102                     clrloop 1C7B  
      __size_of_MTR_Driver 0152    __end_of_REC_WorkingTemp 151D                 _acCrossWDT 00B6  
    SVC_SetTuneValue@value 0072          __end_of_SVC_Timer 1305   __end_of_SVC_SetTuneValue 1C99  
            CAL_MtrSpeed@i 0068              CAL_MtrSpeed@j 0067              CAL_MtrSpeed@n 0066  
            CAL_MtrSpeed@t 0064               _CAL_MtrLevel 033B               _CAL_MtrError 0002  
             _CAL_MtrSpeed 0B60                  ?_COM_Ctrl 0070          CAL_AcPeriod@tmCRS 00A8  
                ?_COM_Init 0070                  COM_Ctrl@t 003E              __end_of_INTSR 013E  
                ?_MCU_Init 0070             __pcstackCOMMON 0070                  ?_MTR_Ctrl 0070  
                ?_MTR_Init 0070             ?_E2P_WriteByte 0071                 ??_H3M1_ADD 0074  
                ?_SVC_Ctrl 0070                  ?_SVC_Init 0070      REC_SpeedWorking@cnLvl 0042  
                  E2P_RD@n 0074                    E2P_RD@p 0072                  ?_SRL_Putc 0070  
                  E2P_WR@n 0075                    E2P_WR@p 0073      REC_SpeedWorking@lsLvl 0044  
    REC_SpeedWorking@level 0043      REC_SpeedWorking@tmLvl 004E                    ??_INTSR 0070  
                MEM_Cmp@p1 0075                  MEM_Cmp@p2 0071                 E2P_RD@addr 0076  
                ?_SYS_Ctrl 0070                    AC_CYCLE 002A                  ?_SYS_Init 0070  
                  AC_INDEX 0035                    AC_EVENT 0034                  MEM_Cpy@p1 0071  
                MEM_Cpy@p2 0073                    AD_CUR_2 0020                    AD_CUR_N 0039  
                HL_TIME_PH 0003                  HL_TIME_PL 0020                    AC_WATCH 0036  
                  ?_E2P_RD 0072                    ?_E2P_WR 0073                 E2P_WR@addr 0077  
               __pbssBANK0 0020                 __pbssBANK1 00A0                 __pbssBANK3 01A0  
               ??_COM_Ctrl 0052                 ??_COM_Init 0071       __size_of_MCU_Refresh 002E  
                ISR_BRCH_0 00AD                  ISR_BRCH_1 00E1                  ISR_BRCH_2 010E  
                ISR_BRCH_3 0126                    ?_SQRT32 0071         _CAL_MtrLevel$10901 0052  
       _CAL_MtrLevel$10902 0054         _CAL_MtrLevel$10903 0056         _CAL_MtrLevel$10904 0058  
       _CAL_MtrLevel$10905 005A         _CAL_MtrLevel$10906 005C         _CAL_MtrLevel$10907 005E  
       _CAL_MtrLevel$10908 0060                    HL_INDEX 0041                    HL_EVENT 0040  
                  HL_WATCH 0042               ??_REC_Faults 0077                 ??_MCU_Init 0071  
               __pmaintext 139C                    ?___lmul 0071           ??_CAL_MtrCurrent 0060  
                  ?___wmul 0071                    SQRT32@a 0071                 __pintentry 0004  
                  SQRT32@i 0052                    _DACCON0 0118                    _DACCON1 0119  
                  _CM1CON0 0111                    _CM1CON1 0112                    _CM2CON0 0113  
                  _CM2CON1 0114                 ??_MTR_Ctrl 007D                 ??_MTR_Init 0071  
                  TST0_PRO 010E                 __ptext1000 07AC                 __ptext1001 11A6  
               __ptext1010 162D                 __ptext1002 124C                 __ptext1011 151D  
               __ptext1003 1285                 __ptext1012 1C74                 __ptext1004 1114  
               __ptext1013 1CAE                 __ptext1005 1C8A                 __ptext1014 1102  
               __ptext1006 1C70                 __ptext1015 1178                 __ptext1007 134B  
               __ptext1016 1757                 __ptext1008 0002                 __ptext1017 1C80  
               __ptext1009 16C0                    TST1_PRO 0126                 __ptext1018 1101  
               __ptext1019 1CE2                    _BAUDCON 019F             ___lmul@product 0079  
                  _APFCON0 011D                    _APFCON1 011E                    TM_TRIAC 002E  
               ??_SVC_Ctrl 0079                 ??_SVC_Init 0077                 ??_SRL_Putc 0071  
                  i1l15623 0008           ?_REC_WorkingTemp 0070                    _MEM_Cmp 1285  
                  _MEM_Cpy 1114                 ??_SYS_Ctrl 0075                    _PID_CAL 0D8C  
               ??_SYS_Init 0071                    _PID_LIM 134B          E2P_WriteByte@addr 0072  
        E2P_WriteByte@byte 0071                    _OSCTUNE 0098         __end_of_REC_Faults 08EE  
          __size_of_E2P_RD 0020            __size_of_E2P_WR 0038                 __stringtab 1000  
             ??_MTR_Driver 0067                  TST0_PRO_E 0116                 _maxMcuTemp 0550  
                TST1_PRO_E 012E            __size_of_SQRT32 0093  __size_of_SVC_GetTuneValue 0004  
          _faultTotalCount 0527                  ZERO_CHECK 003D                 AD_CUR_READ 00C6  
                ZERO_CYCLE 007B                    _acCycle 00AA           CAL_TuneValue@max 003B  
         CAL_TuneValue@min 003C            __size_of___lmul 0037                    ___lldiv 13ED  
          __size_of___wmul 0024            ??_E2P_WriteByte 0072                 AD_VAC_READ 00FD  
                  ___lwdiv 1305                    ___lwmod 0800                  SRL_Putc@c 0072  
               AD_NTC_READ 0130     __size_of_CAL_TuneValue 00C5                    _tmADVAC 00DA  
                  _tmADNTC 00D9              ??_CAL_MtrTemp 0071                    _tmADVRS 00DB  
                RX_FIFO_PH 0003                  RX_FIFO_PL 00C0         __end_of_MTR_Driver 1000  
                  _scnHall 00C3                    _scnTest 00C4                    _scnZero 00C5  
                  _tmTriac 00AE                    _mtrTemp 006E                 AD_VRS_READ 0118  
                _COM_Print 0A82                  TX_FIFO_PH 0003                  TX_FIFO_PL 00A0  
              H1M1S1_ADD@p 0073                H1M1S1_ADD@s 0071       end_of_initialization 1CDF  
        ?_REC_SpeedWorking 0070                 _mtrHallWDT 00C2                H1M1S1_SUB@p 0073  
              H1M1S1_SUB@s 0071                _acCycleHalf 00B8                _acCycleFlag 00B7  
 __end_of_REC_WorkingPower 0004         ??_REC_SpeedWorking 0077                _acCrossTime 0360  
               _mtrCurrent 0032                 _tmTriacOff 00B0                H2M1S1_ADD@p 0073  
              H2M1S1_ADD@s 0071             CAL_MtrLevel@ad 0063            ___lldiv@divisor 0052  
      _lastUseMaxMotorTemp 0558            ___lldiv@counter 005F       _lastSpeedWorkingTime 0428  
           CAL_MtrTemp@er1 0039             CAL_MtrTemp@cnt 0038             CAL_MtrTemp@err 003A  
           CAL_MtrTemp@sum 002C               __pstringtext 1000          __size_of_H3M1_ADD 0064  
           _keyWorkingTime 0624                __p_FLT_text 1D00                 ?_COM_Print 0079  
      __end_of_CAL_MtrTemp 15A4          ?_SVC_SetTuneValue 0070                  _SVC_Timer 12C1  
           __end_of_E2P_RD 1154             __end_of_E2P_WR 124C         ??_SVC_SetTuneValue 0071  
            _CAL_TuneValue 08EE                __p_SQ8_text 1E00           _lastSpeedSetting 0420  
        __size_of_COM_Ctrl 0089             __end_of_SQRT32 16C0            REC_Faults@fault 0041  
        __size_of_COM_Init 0001                 COM_Print@f 007B                 COM_Print@n 0079  
          _autoWorkingTime 0620          __size_of_MCU_Init 00A9             __end_of___lmul 1214  
           __end_of___wmul 1178          __size_of_MTR_Ctrl 0015          __size_of_MTR_Init 0018  
        __size_of_SVC_Ctrl 01FA          __size_of_SVC_Init 0155        start_initialization 1CC6  
        __size_of_SRL_Putc 001E    _totalInterlockOpenCount 065C                   ??_E2P_RD 0075  
                 ??_E2P_WR 0076           _lastUseReadyTime 04B0          __size_of_SYS_Ctrl 011D  
        __size_of_SYS_Init 0006                 ?_SVC_Timer 0070             ?_CAL_TuneValue 0070  
    _totalSpeedWorkingTime 0440           E2P_ReadByte@addr 0071                   ??_SQRT32 0075  
              ZERO_CHECK_E 00A3      _totalAutoPressedCount 0650               SYS_Ctrl@time 0024  
         _SVC_GetTuneValue 1C70       _totalNoInterlockTime 0658                   AD_CUR_2B 0024  
                 AD_CUR_NB 003A                   ??___lmul 0079                   ??___wmul 0075  
                _adCur2Buf 00A4              ?_E2P_ReadByte 0070                 PID_CAL@err 0052  
                _adCurNBuf 00BA                SVC_Init@cmp 007A         CAL_TuneValue@state 003D  
              _CAL_MtrTemp 151D                 PID_LIM@max 0073                 PID_LIM@min 0071  
              __pbssCOMMON 007D                   ?_MEM_Cmp 0071                   ?_MEM_Cpy 0071  
                 ?_PID_CAL 0052                   ?_PID_LIM 0071              __pcstackBANK0 0052  
     _totalKeyPressedCount 0654                ??_COM_Print 007B              ??_MCU_Refresh 0071  
                 SCAN_HALL 0016                   MEM_Cmp@n 0072                   SCAN_TEST 0026  
                 MEM_Cpy@n 0075                   SCAN_ZERO 001E                   PID_CAL@p 0066  
                 PID_LIM@p 0078                   ODR_TRIAC 0057                  __pnvBANK0 006E  
                __pnvBANK1 00D7           ___lwdiv@dividend 0073                   PIN_TRIAC 0005  
           ??_E2P_ReadByte 0071                  __ptext980 15A4                  __ptext981 083E  
                __ptext990 09B3                  __ptext982 04CC                  __ptext991 0A82  
                __ptext983 12C1                  __ptext975 1C99                  __ptext992 13ED  
                __ptext984 1214                  __ptext976 0EAE                  __ptext993 11DD  
                __ptext985 1134                  __ptext977 0141                  __ptext994 0800  
                __ptext986 08EE                  __ptext978 0C6F                  __ptext995 1305  
                __ptext987 033B                  __ptext979 0657                  __ptext996 1154  
                __ptext988 0D8C                  __ptext997 14B4                  __ptext989 0B60  
                __ptext998 0003                  __ptext999 1450                   ?___lldiv 0052  
                _faultCode 0520                   ?___lwdiv 0071                   ?___lwmod 0071  
           _faultTimeStamp 0530                   _H3M1_ADD 1450                  __pswtext1 1800  
                __pswtext2 1814             __size_of_INTSR 013A                   ZERO_EDGE 004C  
                 ZERO_TRIG 0040                 UART_RX_PRO 00E1            ??_CAL_TuneValue 0073  
         ___lwdiv@quotient 0076                 UART_TX_PRO 00AD                ??_SVC_Timer 0077  
 __size_of_REC_WorkingTemp 0069                   _COM_Ctrl 15A4                   _COM_Init 1101  
            ?_CAL_AcPeriod 0070                 _H1M1S1_ADD 124C                   SYS_TICKS 0046  
                 SYS_TIMER 002C             ___wmul@product 0075                 _H1M1S1_SUB 11A6  
        ?_REC_WorkingPower 0070                 _H2M1S1_ADD 07AC            SQRT32@remainder 0057  
      __end_of_MCU_Refresh 11A6                  _tmTriacOn 00B2         ??_REC_WorkingPower 0071  
                 _MCU_Init 1757        REC_WorkingTemp@next 0045        REC_WorkingTemp@temp 0046  
__size_of_REC_SpeedWorking 018B                 SQRT32@root 005B                   _MTR_Ctrl 1C99  
                 _MTR_Init 1CAE      __end_of_E2P_WriteByte 1114                   _SVC_Ctrl 0141  
                 _SVC_Init 0657          ___wmul@multiplier 0071                   _SRL_Putc 1CE2  
                _tuneValue 0051    __size_of_CAL_MtrCurrent 00CF                   _SYS_Ctrl 0C6F  
                 _SYS_Init 1C74            _lastUseAvePower 04A8           __size_of_MEM_Cmp 003C  
         __size_of_MEM_Cpy 0020           __size_of_PID_CAL 0122           __size_of_PID_LIM 0051  
                _sysStatus 004C              ?_CAL_MtrLevel 0070              ?_CAL_MtrError 0070  
            ?_CAL_MtrSpeed 0070          ___lmul@multiplier 0071            _lastUseMaxPower 04A0  
      CAL_MtrCurrent@tmOVC 0028               _mtrHallIndex 00C1               _mtrHallEvent 00C0  
           ??_CAL_AcPeriod 0071                AD_CUR_START 0134  __size_of_SVC_SetTuneValue 000F  
        CAL_TuneValue@time 002E                _FLT_absaddr 1D00        _maxMotorHistoryTemp 0557  
         __size_of___lldiv 0063           __size_of___lwdiv 0046           __size_of___lwmod 003E  
             UART_RX_PRO_E 00FA          CAL_MtrSpeed@tmZSP 002A               UART_TX_PRO_E 00C2  
              AD_VAC_START 00D7                AD_NTC_START 011C   __end_of_SVC_GetTuneValue 1C74  
          ___lwdiv@divisor 0071             ??_CAL_MtrLevel 0071             ??_CAL_MtrError 0071  
          ___lwdiv@counter 0078             ??_CAL_MtrSpeed 0060                   _idrTest0 00BE  
                 _idrTest1 00BF       __end_of_E2P_ReadByte 1C8A                _MCU_Refresh 1178  
              HALL_CHECK_E 003D                ?_H1M1S1_ADD 0071                ?_H1M1S1_SUB 0071  
            __size_of_main 0051                ?_H2M1S1_ADD 0071                   clear_ram 1C7A  
                 _mtrLevel 007D                   _mtrError 0049          ??_REC_WorkingTemp 0071  
                 _mtrSpeed 0034                AD_VRS_START 0104                   _sysFault 004A  
                 _sysLevel 004B                   _sysTicks 00C6                   _sysTimer 00AC  
             ?_CAL_MtrTemp 0070                _mtrHallTime 0320               _acCrossIndex 00B5  
             _acCrossEvent 00B4                   intlevel1 0000           ___lwmod@dividend 0073  
         ___lldiv@dividend 0056            CAL_MtrLevel@ofs 0062              SQRT32@divisor 0053  
          CAL_MtrCurrent@n 0068            CAL_MtrCurrent@s 0064                _mtrSpeedRef 0036  
               _REC_Faults 083E           _REC_SpeedWorking 04CC       __end_of_CAL_AcPeriod 1757  
              _SQ8_absaddr 1E00        __size_of_H1M1S1_ADD 0039        __size_of_H1M1S1_SUB 0037  
         ___lldiv@quotient 005B        __size_of_H2M1S1_ADD 0054            ___lwmod@divisor 0071  
           _CAL_MtrCurrent 09B3            ___lwmod@counter 0076           _totalPowerOnTime 05A0  
               _MTR_Driver 0EAE                _powerOnTime 00DE           _totalStandbyTime 05A4  
         _SVC_SetTuneValue 1C8A  
